src,satb,articulation,instrument,duration_s,dest
C:/Users/elagio/vs/lukia/orchestral-intro/Virtual-Playing-Orchestra3-1-wave-files/Virtual-Playing-Orchestra3/libs/Iowa/samples/Alto-Flute-solo/Alto-Flute-sus-A#3-PB-loop.wav,S,sustain_long,Alto Flute,2.52,C:/Users/elagio/vs/lukia/orchestral-intro/VPO3_SATB/S/sustain_long/Alto Flute/Alto-Flute-sus-A#3-PB-loop.wav
C:/Users/elagio/vs/lukia/orchestral-intro/Virtual-Playing-Orchestra3-1-wave-files/Virtual-Playing-Orchestra3/libs/Iowa/samples/Alto-Flute-solo/Alto-Flute-sus-A#4-PB-loop.wav,S,sustain_long,Alto Flute,3.09,C:/Users/elagio/vs/lukia/orchestral-intro/VPO3_SATB/S/sustain_long/Alto Flute/Alto-Flute-sus-A#4-PB-loop.wav
C:/Users/elagio/vs/lukia/orchestral-intro/Virtual-Playing-Orchestra3-1-wave-files/Virtual-Playing-Orchestra3/libs/Iowa/samples/Alto-Flute-solo/Alto-Flute-sus-A4-PB-loop.wav,S,sustain_long,Alto Flute,2.54,C:/Users/elagio/vs/lukia/orchestral-intro/VPO3_SATB/S/sustain_long/Alto Flute/Alto-Flute-sus-A4-PB-loop.wav
C:/Users/elagio/vs/lukia/orchestral-intro/Virtual-Playing-Orchestra3-1-wave-files/Virtual-Playing-Orchestra3/libs/Iowa/samples/Alto-Flute-solo/Alto-Flute-sus-C#4-PB-loop.wav,S,sustain_long,Alto Flute,2.83,C:/Users/elagio/vs/lukia/orchestral-intro/VPO3_SATB/S/sustain_long/Alto Flute/Alto-Flute-sus-C#4-PB-loop.wav
C:/Users/elagio/vs/lukia/orchestral-intro/Virtual-Playing-Orchestra3-1-wave-files/Virtual-Playing-Orchestra3/libs/Iowa/samples/Alto-Flute-solo/Alto-Flute-sus-C#5-PB-loop.wav,S,sustain_long,Alto Flute,3.4,C:/Users/elagio/vs/lukia/orchestral-intro/VPO3_SATB/S/sustain_long/Alto Flute/Alto-Flute-sus-C#5-PB-loop.wav
C:/Users/elagio/vs/lukia/orchestral-intro/Virtual-Playing-Orchestra3-1-wave-files/Virtual-Playing-Orchestra3/libs/Iowa/samples/Alto-Flute-solo/Alto-Flute-sus-C#6-PB-loop.wav,S,sustain_long,Alto Flute,2.84,C:/Users/elagio/vs/lukia/orchestral-intro/VPO3_SATB/S/sustain_long/Alto Flute/Alto-Flute-sus-C#6-PB-loop.wav
C:/Users/elagio/vs/lukia/orchestral-intro/Virtual-Playing-Orchestra3-1-wave-files/Virtual-Playing-Orchestra3/libs/Iowa/samples/Alto-Flute-solo/Alto-Flute-sus-C5-PB-loop.wav,S,sustain_long,Alto Flute,2.81,C:/Users/elagio/vs/lukia/orchestral-intro/VPO3_SATB/S/sustain_long/Alto Flute/Alto-Flute-sus-C5-PB-loop.wav
C:/Users/elagio/vs/lukia/orchestral-intro/Virtual-Playing-Orchestra3-1-wave-files/Virtual-Playing-Orchestra3/libs/Iowa/samples/Alto-Flute-solo/Alto-Flute-sus-C6-PB-loop.wav,S,sustain_long,Alto Flute,2.81,C:/Users/elagio/vs/lukia/orchestral-intro/VPO3_SATB/S/sustain_long/Alto Flute/Alto-Flute-sus-C6-PB-loop.wav
C:/Users/elagio/vs/lukia/orchestral-intro/Virtual-Playing-Orchestra3-1-wave-files/Virtual-Playing-Orchestra3/libs/Iowa/samples/Alto-Flute-solo/Alto-Flute-sus-D#6-PB-loop.wav,S,sustain_long,Alto Flute,2.58,C:/Users/elagio/vs/lukia/orchestral-intro/VPO3_SATB/S/sustain_long/Alto Flute/Alto-Flute-sus-D#6-PB-loop.wav
C:/Users/elagio/vs/lukia/orchestral-intro/Virtual-Playing-Orchestra3-1-wave-files/Virtual-Playing-Orchestra3/libs/Iowa/samples/Alto-Flute-solo/Alto-Flute-sus-D5-PB-loop.wav,S,sustain_long,Alto Flute,2.88,C:/Users/elagio/vs/lukia/orchestral-intro/VPO3_SATB/S/sustain_long/Alto Flute/Alto-Flute-sus-D5-PB-loop.wav
C:/Users/elagio/vs/lukia/orchestral-intro/Virtual-Playing-Orchestra3-1-wave-files/Virtual-Playing-Orchestra3/libs/Iowa/samples/Alto-Flute-solo/Alto-Flute-sus-D6-PB-loop.wav,S,sustain_long,Alto Flute,2.76,C:/Users/elagio/vs/lukia/orchestral-intro/VPO3_SATB/S/sustain_long/Alto Flute/Alto-Flute-sus-D6-PB-loop.wav
C:/Users/elagio/vs/lukia/orchestral-intro/Virtual-Playing-Orchestra3-1-wave-files/Virtual-Playing-Orchestra3/libs/Iowa/samples/Alto-Flute-solo/Alto-Flute-sus-E4-PB-loop.wav,S,sustain_long,Alto Flute,3.16,C:/Users/elagio/vs/lukia/orchestral-intro/VPO3_SATB/S/sustain_long/Alto Flute/Alto-Flute-sus-E4-PB-loop.wav
C:/Users/elagio/vs/lukia/orchestral-intro/Virtual-Playing-Orchestra3-1-wave-files/Virtual-Playing-Orchestra3/libs/Iowa/samples/Alto-Flute-solo/Alto-Flute-sus-E5-PB-loop.wav,S,sustain_long,Alto Flute,3.01,C:/Users/elagio/vs/lukia/orchestral-intro/VPO3_SATB/S/sustain_long/Alto Flute/Alto-Flute-sus-E5-PB-loop.wav
C:/Users/elagio/vs/lukia/orchestral-intro/Virtual-Playing-Orchestra3-1-wave-files/Virtual-Playing-Orchestra3/libs/Iowa/samples/Alto-Flute-solo/Alto-Flute-sus-F#4-PB-loop.wav,S,sustain_long,Alto Flute,2.97,C:/Users/elagio/vs/lukia/orchestral-intro/VPO3_SATB/S/sustain_long/Alto Flute/Alto-Flute-sus-F#4-PB-loop.wav
C:/Users/elagio/vs/lukia/orchestral-intro/Virtual-Playing-Orchestra3-1-wave-files/Virtual-Playing-Orchestra3/libs/Iowa/samples/Alto-Flute-solo/Alto-Flute-sus-F#5-PB-loop.wav,S,sustain_long,Alto Flute,2.76,C:/Users/elagio/vs/lukia/orchestral-intro/VPO3_SATB/S/sustain_long/Alto Flute/Alto-Flute-sus-F#5-PB-loop.wav
C:/Users/elagio/vs/lukia/orchestral-intro/Virtual-Playing-Orchestra3-1-wave-files/Virtual-Playing-Orchestra3/libs/Iowa/samples/Alto-Flute-solo/Alto-Flute-sus-F#6-PB-loop.wav,S,sustain_long,Alto Flute,2.36,C:/Users/elagio/vs/lukia/orchestral-intro/VPO3_SATB/S/sustain_long/Alto Flute/Alto-Flute-sus-F#6-PB-loop.wav
C:/Users/elagio/vs/lukia/orchestral-intro/Virtual-Playing-Orchestra3-1-wave-files/Virtual-Playing-Orchestra3/libs/Iowa/samples/Alto-Flute-solo/Alto-Flute-sus-F4-PB-loop.wav,S,sustain_long,Alto Flute,3.06,C:/Users/elagio/vs/lukia/orchestral-intro/VPO3_SATB/S/sustain_long/Alto Flute/Alto-Flute-sus-F4-PB-loop.wav
C:/Users/elagio/vs/lukia/orchestral-intro/Virtual-Playing-Orchestra3-1-wave-files/Virtual-Playing-Orchestra3/libs/Iowa/samples/Alto-Flute-solo/Alto-Flute-sus-F6-PB-loop.wav,S,sustain_long,Alto Flute,2.48,C:/Users/elagio/vs/lukia/orchestral-intro/VPO3_SATB/S/sustain_long/Alto Flute/Alto-Flute-sus-F6-PB-loop.wav
C:/Users/elagio/vs/lukia/orchestral-intro/Virtual-Playing-Orchestra3-1-wave-files/Virtual-Playing-Orchestra3/libs/Iowa/samples/Alto-Flute-solo/Alto-Flute-sus-G#4-PB-loop.wav,S,sustain_long,Alto Flute,2.54,C:/Users/elagio/vs/lukia/orchestral-intro/VPO3_SATB/S/sustain_long/Alto Flute/Alto-Flute-sus-G#4-PB-loop.wav
C:/Users/elagio/vs/lukia/orchestral-intro/Virtual-Playing-Orchestra3-1-wave-files/Virtual-Playing-Orchestra3/libs/Iowa/samples/Alto-Flute-solo/Alto-Flute-sus-G#5-PB-loop.wav,S,sustain_long,Alto Flute,2.82,C:/Users/elagio/vs/lukia/orchestral-intro/VPO3_SATB/S/sustain_long/Alto Flute/Alto-Flute-sus-G#5-PB-loop.wav
C:/Users/elagio/vs/lukia/orchestral-intro/Virtual-Playing-Orchestra3-1-wave-files/Virtual-Playing-Orchestra3/libs/Iowa/samples/Alto-Flute-solo/Alto-Flute-sus-G4-PB-loop.wav,S,sustain_long,Alto Flute,2.88,C:/Users/elagio/vs/lukia/orchestral-intro/VPO3_SATB/S/sustain_long/Alto Flute/Alto-Flute-sus-G4-PB-loop.wav
C:/Users/elagio/vs/lukia/orchestral-intro/Virtual-Playing-Orchestra3-1-wave-files/Virtual-Playing-Orchestra3/libs/Iowa/samples/Bass-solo/Bass.pizz.A1-PB.wav,B,pizzicato,Basses,2.36,C:/Users/elagio/vs/lukia/orchestral-intro/VPO3_SATB/B/pizzicato/Basses/Bass.pizz.A1-PB.wav
C:/Users/elagio/vs/lukia/orchestral-intro/Virtual-Playing-Orchestra3-1-wave-files/Virtual-Playing-Orchestra3/libs/Iowa/samples/Bass-solo/Bass.pizz.A2-PB.wav,B,pizzicato,Basses,2.1,C:/Users/elagio/vs/lukia/orchestral-intro/VPO3_SATB/B/pizzicato/Basses/Bass.pizz.A2-PB.wav
C:/Users/elagio/vs/lukia/orchestral-intro/Virtual-Playing-Orchestra3-1-wave-files/Virtual-Playing-Orchestra3/libs/Iowa/samples/Bass-solo/Bass.pizz.A3-PB.wav,B,pizzicato,Basses,1.78,C:/Users/elagio/vs/lukia/orchestral-intro/VPO3_SATB/B/pizzicato/Basses/Bass.pizz.A3-PB.wav
C:/Users/elagio/vs/lukia/orchestral-intro/Virtual-Playing-Orchestra3-1-wave-files/Virtual-Playing-Orchestra3/libs/Iowa/samples/Bass-solo/Bass.pizz.B1-PB.wav,B,pizzicato,Basses,1.57,C:/Users/elagio/vs/lukia/orchestral-intro/VPO3_SATB/B/pizzicato/Basses/Bass.pizz.B1-PB.wav
C:/Users/elagio/vs/lukia/orchestral-intro/Virtual-Playing-Orchestra3-1-wave-files/Virtual-Playing-Orchestra3/libs/Iowa/samples/Bass-solo/Bass.pizz.B2-PB.wav,B,pizzicato,Basses,1.86,C:/Users/elagio/vs/lukia/orchestral-intro/VPO3_SATB/B/pizzicato/Basses/Bass.pizz.B2-PB.wav
C:/Users/elagio/vs/lukia/orchestral-intro/Virtual-Playing-Orchestra3-1-wave-files/Virtual-Playing-Orchestra3/libs/Iowa/samples/Bass-solo/Bass.pizz.B3-PB.wav,B,pizzicato,Basses,1.31,C:/Users/elagio/vs/lukia/orchestral-intro/VPO3_SATB/B/pizzicato/Basses/Bass.pizz.B3-PB.wav
C:/Users/elagio/vs/lukia/orchestral-intro/Virtual-Playing-Orchestra3-1-wave-files/Virtual-Playing-Orchestra3/libs/Iowa/samples/Bass-solo/Bass.pizz.Bb1-PB.wav,B,pizzicato,Basses,2.2,C:/Users/elagio/vs/lukia/orchestral-intro/VPO3_SATB/B/pizzicato/Basses/Bass.pizz.Bb1-PB.wav
C:/Users/elagio/vs/lukia/orchestral-intro/Virtual-Playing-Orchestra3-1-wave-files/Virtual-Playing-Orchestra3/libs/Iowa/samples/Bass-solo/Bass.pizz.Bb2-PB.wav,B,pizzicato,Basses,1.83,C:/Users/elagio/vs/lukia/orchestral-intro/VPO3_SATB/B/pizzicato/Basses/Bass.pizz.Bb2-PB.wav
C:/Users/elagio/vs/lukia/orchestral-intro/Virtual-Playing-Orchestra3-1-wave-files/Virtual-Playing-Orchestra3/libs/Iowa/samples/Bass-solo/Bass.pizz.C2-PB.wav,B,pizzicato,Basses,2.11,C:/Users/elagio/vs/lukia/orchestral-intro/VPO3_SATB/B/pizzicato/Basses/Bass.pizz.C2-PB.wav
C:/Users/elagio/vs/lukia/orchestral-intro/Virtual-Playing-Orchestra3-1-wave-files/Virtual-Playing-Orchestra3/libs/Iowa/samples/Bass-solo/Bass.pizz.C3-PB.wav,B,pizzicato,Basses,2.26,C:/Users/elagio/vs/lukia/orchestral-intro/VPO3_SATB/B/pizzicato/Basses/Bass.pizz.C3-PB.wav
C:/Users/elagio/vs/lukia/orchestral-intro/Virtual-Playing-Orchestra3-1-wave-files/Virtual-Playing-Orchestra3/libs/Iowa/samples/Bass-solo/Bass.pizz.D2-PB.wav,B,pizzicato,Basses,3.35,C:/Users/elagio/vs/lukia/orchestral-intro/VPO3_SATB/B/pizzicato/Basses/Bass.pizz.D2-PB.wav
C:/Users/elagio/vs/lukia/orchestral-intro/Virtual-Playing-Orchestra3-1-wave-files/Virtual-Playing-Orchestra3/libs/Iowa/samples/Bass-solo/Bass.pizz.Db2-PB.wav,B,pizzicato,Basses,2.1,C:/Users/elagio/vs/lukia/orchestral-intro/VPO3_SATB/B/pizzicato/Basses/Bass.pizz.Db2-PB.wav
C:/Users/elagio/vs/lukia/orchestral-intro/Virtual-Playing-Orchestra3-1-wave-files/Virtual-Playing-Orchestra3/libs/Iowa/samples/Bass-solo/Bass.pizz.Db3-PB.wav,B,pizzicato,Basses,1.81,C:/Users/elagio/vs/lukia/orchestral-intro/VPO3_SATB/B/pizzicato/Basses/Bass.pizz.Db3-PB.wav
C:/Users/elagio/vs/lukia/orchestral-intro/Virtual-Playing-Orchestra3-1-wave-files/Virtual-Playing-Orchestra3/libs/Iowa/samples/Bass-solo/Bass.pizz.E2-PB.wav,B,pizzicato,Basses,2.24,C:/Users/elagio/vs/lukia/orchestral-intro/VPO3_SATB/B/pizzicato/Basses/Bass.pizz.E2-PB.wav
C:/Users/elagio/vs/lukia/orchestral-intro/Virtual-Playing-Orchestra3-1-wave-files/Virtual-Playing-Orchestra3/libs/Iowa/samples/Bass-solo/Bass.pizz.Eb1-PB.wav,B,pizzicato,Basses,2.17,C:/Users/elagio/vs/lukia/orchestral-intro/VPO3_SATB/B/pizzicato/Basses/Bass.pizz.Eb1-PB.wav
C:/Users/elagio/vs/lukia/orchestral-intro/Virtual-Playing-Orchestra3-1-wave-files/Virtual-Playing-Orchestra3/libs/Iowa/samples/Bass-solo/Bass.pizz.Eb2-PB.wav,B,pizzicato,Basses,3.18,C:/Users/elagio/vs/lukia/orchestral-intro/VPO3_SATB/B/pizzicato/Basses/Bass.pizz.Eb2-PB.wav
C:/Users/elagio/vs/lukia/orchestral-intro/Virtual-Playing-Orchestra3-1-wave-files/Virtual-Playing-Orchestra3/libs/Iowa/samples/Bass-solo/Bass.pizz.F1-PB.wav,B,pizzicato,Basses,3.02,C:/Users/elagio/vs/lukia/orchestral-intro/VPO3_SATB/B/pizzicato/Basses/Bass.pizz.F1-PB.wav
C:/Users/elagio/vs/lukia/orchestral-intro/Virtual-Playing-Orchestra3-1-wave-files/Virtual-Playing-Orchestra3/libs/Iowa/samples/Bass-solo/Bass.pizz.F2-PB.wav,B,pizzicato,Basses,2.99,C:/Users/elagio/vs/lukia/orchestral-intro/VPO3_SATB/B/pizzicato/Basses/Bass.pizz.F2-PB.wav
C:/Users/elagio/vs/lukia/orchestral-intro/Virtual-Playing-Orchestra3-1-wave-files/Virtual-Playing-Orchestra3/libs/Iowa/samples/Bass-solo/Bass.pizz.F3-PB.wav,B,pizzicato,Basses,2.49,C:/Users/elagio/vs/lukia/orchestral-intro/VPO3_SATB/B/pizzicato/Basses/Bass.pizz.F3-PB.wav
C:/Users/elagio/vs/lukia/orchestral-intro/Virtual-Playing-Orchestra3-1-wave-files/Virtual-Playing-Orchestra3/libs/Iowa/samples/Bass-solo/Bass.pizz.G2-PB.wav,B,pizzicato,Basses,2.27,C:/Users/elagio/vs/lukia/orchestral-intro/VPO3_SATB/B/pizzicato/Basses/Bass.pizz.G2-PB.wav
C:/Users/elagio/vs/lukia/orchestral-intro/Virtual-Playing-Orchestra3-1-wave-files/Virtual-Playing-Orchestra3/libs/Iowa/samples/Bass-solo/Bass.pizz.Gb2-PB.wav,B,pizzicato,Basses,2.86,C:/Users/elagio/vs/lukia/orchestral-intro/VPO3_SATB/B/pizzicato/Basses/Bass.pizz.Gb2-PB.wav
C:/Users/elagio/vs/lukia/orchestral-intro/Virtual-Playing-Orchestra3-1-wave-files/Virtual-Playing-Orchestra3/libs/Iowa/samples/Bass-solo/Bass.pizz.Gb3-PB.wav,B,pizzicato,Basses,2.39,C:/Users/elagio/vs/lukia/orchestral-intro/VPO3_SATB/B/pizzicato/Basses/Bass.pizz.Gb3-PB.wav
C:/Users/elagio/vs/lukia/orchestral-intro/Virtual-Playing-Orchestra3-1-wave-files/Virtual-Playing-Orchestra3/libs/Iowa/samples/Bassoon-solo/Bassoon.ff.A#1-PB.wav,T,sustain,Bassoon,2.31,C:/Users/elagio/vs/lukia/orchestral-intro/VPO3_SATB/T/sustain/Bassoon/Bassoon.ff.A#1-PB.wav
C:/Users/elagio/vs/lukia/orchestral-intro/Virtual-Playing-Orchestra3-1-wave-files/Virtual-Playing-Orchestra3/libs/Iowa/samples/Bassoon-solo/Bassoon.ff.A#2-PB.wav,T,sustain,Bassoon,2.21,C:/Users/elagio/vs/lukia/orchestral-intro/VPO3_SATB/T/sustain/Bassoon/Bassoon.ff.A#2-PB.wav
C:/Users/elagio/vs/lukia/orchestral-intro/Virtual-Playing-Orchestra3-1-wave-files/Virtual-Playing-Orchestra3/libs/Iowa/samples/Bassoon-solo/Bassoon.ff.A#3-PB.wav,T,sustain,Bassoon,2.01,C:/Users/elagio/vs/lukia/orchestral-intro/VPO3_SATB/T/sustain/Bassoon/Bassoon.ff.A#3-PB.wav
C:/Users/elagio/vs/lukia/orchestral-intro/Virtual-Playing-Orchestra3-1-wave-files/Virtual-Playing-Orchestra3/libs/Iowa/samples/Bassoon-solo/Bassoon.ff.A#4-PB.wav,T,sustain,Bassoon,2.24,C:/Users/elagio/vs/lukia/orchestral-intro/VPO3_SATB/T/sustain/Bassoon/Bassoon.ff.A#4-PB.wav
C:/Users/elagio/vs/lukia/orchestral-intro/Virtual-Playing-Orchestra3-1-wave-files/Virtual-Playing-Orchestra3/libs/Iowa/samples/Bassoon-solo/Bassoon.ff.A2-PB.wav,T,sustain,Bassoon,2.24,C:/Users/elagio/vs/lukia/orchestral-intro/VPO3_SATB/T/sustain/Bassoon/Bassoon.ff.A2-PB.wav
C:/Users/elagio/vs/lukia/orchestral-intro/Virtual-Playing-Orchestra3-1-wave-files/Virtual-Playing-Orchestra3/libs/Iowa/samples/Bassoon-solo/Bassoon.ff.A3-PB.wav,T,sustain,Bassoon,2.02,C:/Users/elagio/vs/lukia/orchestral-intro/VPO3_SATB/T/sustain/Bassoon/Bassoon.ff.A3-PB.wav
C:/Users/elagio/vs/lukia/orchestral-intro/Virtual-Playing-Orchestra3-1-wave-files/Virtual-Playing-Orchestra3/libs/Iowa/samples/Bassoon-solo/Bassoon.ff.A4-PB.wav,T,sustain,Bassoon,2.08,C:/Users/elagio/vs/lukia/orchestral-intro/VPO3_SATB/T/sustain/Bassoon/Bassoon.ff.A4-PB.wav
C:/Users/elagio/vs/lukia/orchestral-intro/Virtual-Playing-Orchestra3-1-wave-files/Virtual-Playing-Orchestra3/libs/Iowa/samples/Bassoon-solo/Bassoon.ff.B1-PB.wav,T,sustain,Bassoon,2.15,C:/Users/elagio/vs/lukia/orchestral-intro/VPO3_SATB/T/sustain/Bassoon/Bassoon.ff.B1-PB.wav
C:/Users/elagio/vs/lukia/orchestral-intro/Virtual-Playing-Orchestra3-1-wave-files/Virtual-Playing-Orchestra3/libs/Iowa/samples/Bassoon-solo/Bassoon.ff.B2-PB.wav,T,sustain,Bassoon,2.06,C:/Users/elagio/vs/lukia/orchestral-intro/VPO3_SATB/T/sustain/Bassoon/Bassoon.ff.B2-PB.wav
C:/Users/elagio/vs/lukia/orchestral-intro/Virtual-Playing-Orchestra3-1-wave-files/Virtual-Playing-Orchestra3/libs/Iowa/samples/Bassoon-solo/Bassoon.ff.B4-PB.wav,T,sustain,Bassoon,2.03,C:/Users/elagio/vs/lukia/orchestral-intro/VPO3_SATB/T/sustain/Bassoon/Bassoon.ff.B4-PB.wav
C:/Users/elagio/vs/lukia/orchestral-intro/Virtual-Playing-Orchestra3-1-wave-files/Virtual-Playing-Orchestra3/libs/Iowa/samples/Bassoon-solo/Bassoon.ff.C#2-PB.wav,T,sustain,Bassoon,2.45,C:/Users/elagio/vs/lukia/orchestral-intro/VPO3_SATB/T/sustain/Bassoon/Bassoon.ff.C#2-PB.wav
C:/Users/elagio/vs/lukia/orchestral-intro/Virtual-Playing-Orchestra3-1-wave-files/Virtual-Playing-Orchestra3/libs/Iowa/samples/Bassoon-solo/Bassoon.ff.C#3-PB.wav,T,sustain,Bassoon,2.14,C:/Users/elagio/vs/lukia/orchestral-intro/VPO3_SATB/T/sustain/Bassoon/Bassoon.ff.C#3-PB.wav
C:/Users/elagio/vs/lukia/orchestral-intro/Virtual-Playing-Orchestra3-1-wave-files/Virtual-Playing-Orchestra3/libs/Iowa/samples/Bassoon-solo/Bassoon.ff.C#4-PB.wav,T,sustain,Bassoon,1.91,C:/Users/elagio/vs/lukia/orchestral-intro/VPO3_SATB/T/sustain/Bassoon/Bassoon.ff.C#4-PB.wav
C:/Users/elagio/vs/lukia/orchestral-intro/Virtual-Playing-Orchestra3-1-wave-files/Virtual-Playing-Orchestra3/libs/Iowa/samples/Bassoon-solo/Bassoon.ff.C#5-PB.wav,T,sustain,Bassoon,2.27,C:/Users/elagio/vs/lukia/orchestral-intro/VPO3_SATB/T/sustain/Bassoon/Bassoon.ff.C#5-PB.wav
C:/Users/elagio/vs/lukia/orchestral-intro/Virtual-Playing-Orchestra3-1-wave-files/Virtual-Playing-Orchestra3/libs/Iowa/samples/Bassoon-solo/Bassoon.ff.C2-PB.wav,T,sustain,Bassoon,2.4,C:/Users/elagio/vs/lukia/orchestral-intro/VPO3_SATB/T/sustain/Bassoon/Bassoon.ff.C2-PB.wav
C:/Users/elagio/vs/lukia/orchestral-intro/Virtual-Playing-Orchestra3-1-wave-files/Virtual-Playing-Orchestra3/libs/Iowa/samples/Bassoon-solo/Bassoon.ff.C3-PB.wav,T,sustain,Bassoon,2.09,C:/Users/elagio/vs/lukia/orchestral-intro/VPO3_SATB/T/sustain/Bassoon/Bassoon.ff.C3-PB.wav
C:/Users/elagio/vs/lukia/orchestral-intro/Virtual-Playing-Orchestra3-1-wave-files/Virtual-Playing-Orchestra3/libs/Iowa/samples/Bassoon-solo/Bassoon.ff.C4-PB.wav,T,sustain,Bassoon,1.82,C:/Users/elagio/vs/lukia/orchestral-intro/VPO3_SATB/T/sustain/Bassoon/Bassoon.ff.C4-PB.wav
C:/Users/elagio/vs/lukia/orchestral-intro/Virtual-Playing-Orchestra3-1-wave-files/Virtual-Playing-Orchestra3/libs/Iowa/samples/Bassoon-solo/Bassoon.ff.C5-PB.wav,T,sustain,Bassoon,2.14,C:/Users/elagio/vs/lukia/orchestral-intro/VPO3_SATB/T/sustain/Bassoon/Bassoon.ff.C5-PB.wav
C:/Users/elagio/vs/lukia/orchestral-intro/Virtual-Playing-Orchestra3-1-wave-files/Virtual-Playing-Orchestra3/libs/Iowa/samples/Bassoon-solo/Bassoon.ff.D#2-PB.wav,T,sustain,Bassoon,2.3,C:/Users/elagio/vs/lukia/orchestral-intro/VPO3_SATB/T/sustain/Bassoon/Bassoon.ff.D#2-PB.wav
C:/Users/elagio/vs/lukia/orchestral-intro/Virtual-Playing-Orchestra3-1-wave-files/Virtual-Playing-Orchestra3/libs/Iowa/samples/Bassoon-solo/Bassoon.ff.D#3-PB.wav,T,sustain,Bassoon,2.02,C:/Users/elagio/vs/lukia/orchestral-intro/VPO3_SATB/T/sustain/Bassoon/Bassoon.ff.D#3-PB.wav
C:/Users/elagio/vs/lukia/orchestral-intro/Virtual-Playing-Orchestra3-1-wave-files/Virtual-Playing-Orchestra3/libs/Iowa/samples/Bassoon-solo/Bassoon.ff.D#4-PB.wav,T,sustain,Bassoon,2.07,C:/Users/elagio/vs/lukia/orchestral-intro/VPO3_SATB/T/sustain/Bassoon/Bassoon.ff.D#4-PB.wav
C:/Users/elagio/vs/lukia/orchestral-intro/Virtual-Playing-Orchestra3-1-wave-files/Virtual-Playing-Orchestra3/libs/Iowa/samples/Bassoon-solo/Bassoon.ff.D3-PB.wav,T,sustain,Bassoon,2.08,C:/Users/elagio/vs/lukia/orchestral-intro/VPO3_SATB/T/sustain/Bassoon/Bassoon.ff.D3-PB.wav
C:/Users/elagio/vs/lukia/orchestral-intro/Virtual-Playing-Orchestra3-1-wave-files/Virtual-Playing-Orchestra3/libs/Iowa/samples/Bassoon-solo/Bassoon.ff.D4-PB.wav,T,sustain,Bassoon,1.85,C:/Users/elagio/vs/lukia/orchestral-intro/VPO3_SATB/T/sustain/Bassoon/Bassoon.ff.D4-PB.wav
C:/Users/elagio/vs/lukia/orchestral-intro/Virtual-Playing-Orchestra3-1-wave-files/Virtual-Playing-Orchestra3/libs/Iowa/samples/Bassoon-solo/Bassoon.ff.D5-PB.wav,T,sustain,Bassoon,2.2,C:/Users/elagio/vs/lukia/orchestral-intro/VPO3_SATB/T/sustain/Bassoon/Bassoon.ff.D5-PB.wav
C:/Users/elagio/vs/lukia/orchestral-intro/Virtual-Playing-Orchestra3-1-wave-files/Virtual-Playing-Orchestra3/libs/Iowa/samples/Bassoon-solo/Bassoon.ff.E2-PB.wav,T,sustain,Bassoon,2.29,C:/Users/elagio/vs/lukia/orchestral-intro/VPO3_SATB/T/sustain/Bassoon/Bassoon.ff.E2-PB.wav
C:/Users/elagio/vs/lukia/orchestral-intro/Virtual-Playing-Orchestra3-1-wave-files/Virtual-Playing-Orchestra3/libs/Iowa/samples/Bassoon-solo/Bassoon.ff.E4-PB.wav,T,sustain,Bassoon,2.08,C:/Users/elagio/vs/lukia/orchestral-intro/VPO3_SATB/T/sustain/Bassoon/Bassoon.ff.E4-PB.wav
C:/Users/elagio/vs/lukia/orchestral-intro/Virtual-Playing-Orchestra3-1-wave-files/Virtual-Playing-Orchestra3/libs/Iowa/samples/Bassoon-solo/Bassoon.ff.F#2-PB.wav,T,sustain,Bassoon,2.3,C:/Users/elagio/vs/lukia/orchestral-intro/VPO3_SATB/T/sustain/Bassoon/Bassoon.ff.F#2-PB.wav
C:/Users/elagio/vs/lukia/orchestral-intro/Virtual-Playing-Orchestra3-1-wave-files/Virtual-Playing-Orchestra3/libs/Iowa/samples/Bassoon-solo/Bassoon.ff.F#3-PB.wav,T,sustain,Bassoon,1.94,C:/Users/elagio/vs/lukia/orchestral-intro/VPO3_SATB/T/sustain/Bassoon/Bassoon.ff.F#3-PB.wav
C:/Users/elagio/vs/lukia/orchestral-intro/Virtual-Playing-Orchestra3-1-wave-files/Virtual-Playing-Orchestra3/libs/Iowa/samples/Bassoon-solo/Bassoon.ff.F#4-PB.wav,T,sustain,Bassoon,1.99,C:/Users/elagio/vs/lukia/orchestral-intro/VPO3_SATB/T/sustain/Bassoon/Bassoon.ff.F#4-PB.wav
C:/Users/elagio/vs/lukia/orchestral-intro/Virtual-Playing-Orchestra3-1-wave-files/Virtual-Playing-Orchestra3/libs/Iowa/samples/Bassoon-solo/Bassoon.ff.F2-PB.wav,T,sustain,Bassoon,2.5,C:/Users/elagio/vs/lukia/orchestral-intro/VPO3_SATB/T/sustain/Bassoon/Bassoon.ff.F2-PB.wav
C:/Users/elagio/vs/lukia/orchestral-intro/Virtual-Playing-Orchestra3-1-wave-files/Virtual-Playing-Orchestra3/libs/Iowa/samples/Bassoon-solo/Bassoon.ff.F3-PB.wav,T,sustain,Bassoon,2.03,C:/Users/elagio/vs/lukia/orchestral-intro/VPO3_SATB/T/sustain/Bassoon/Bassoon.ff.F3-PB.wav
C:/Users/elagio/vs/lukia/orchestral-intro/Virtual-Playing-Orchestra3-1-wave-files/Virtual-Playing-Orchestra3/libs/Iowa/samples/Bassoon-solo/Bassoon.ff.G#3-PB.wav,T,sustain,Bassoon,1.85,C:/Users/elagio/vs/lukia/orchestral-intro/VPO3_SATB/T/sustain/Bassoon/Bassoon.ff.G#3-PB.wav
C:/Users/elagio/vs/lukia/orchestral-intro/Virtual-Playing-Orchestra3-1-wave-files/Virtual-Playing-Orchestra3/libs/Iowa/samples/Bassoon-solo/Bassoon.ff.G#4-PB.wav,T,sustain,Bassoon,2.23,C:/Users/elagio/vs/lukia/orchestral-intro/VPO3_SATB/T/sustain/Bassoon/Bassoon.ff.G#4-PB.wav
C:/Users/elagio/vs/lukia/orchestral-intro/Virtual-Playing-Orchestra3-1-wave-files/Virtual-Playing-Orchestra3/libs/Iowa/samples/Bassoon-solo/Bassoon.ff.G2-PB.wav,T,sustain,Bassoon,2.32,C:/Users/elagio/vs/lukia/orchestral-intro/VPO3_SATB/T/sustain/Bassoon/Bassoon.ff.G2-PB.wav
C:/Users/elagio/vs/lukia/orchestral-intro/Virtual-Playing-Orchestra3-1-wave-files/Virtual-Playing-Orchestra3/libs/Iowa/samples/Bassoon-solo/Bassoon.ff.G3-PB.wav,T,sustain,Bassoon,2.0,C:/Users/elagio/vs/lukia/orchestral-intro/VPO3_SATB/T/sustain/Bassoon/Bassoon.ff.G3-PB.wav
C:/Users/elagio/vs/lukia/orchestral-intro/Virtual-Playing-Orchestra3-1-wave-files/Virtual-Playing-Orchestra3/libs/Iowa/samples/Bassoon-solo/Bassoon.mf.A#1-PB.wav,T,sustain,Bassoon,1.94,C:/Users/elagio/vs/lukia/orchestral-intro/VPO3_SATB/T/sustain/Bassoon/Bassoon.mf.A#1-PB.wav
C:/Users/elagio/vs/lukia/orchestral-intro/Virtual-Playing-Orchestra3-1-wave-files/Virtual-Playing-Orchestra3/libs/Iowa/samples/Bassoon-solo/Bassoon.mf.A#2-PB.wav,T,sustain,Bassoon,2.19,C:/Users/elagio/vs/lukia/orchestral-intro/VPO3_SATB/T/sustain/Bassoon/Bassoon.mf.A#2-PB.wav
C:/Users/elagio/vs/lukia/orchestral-intro/Virtual-Playing-Orchestra3-1-wave-files/Virtual-Playing-Orchestra3/libs/Iowa/samples/Bassoon-solo/Bassoon.mf.A#3-PB.wav,T,sustain,Bassoon,2.08,C:/Users/elagio/vs/lukia/orchestral-intro/VPO3_SATB/T/sustain/Bassoon/Bassoon.mf.A#3-PB.wav
C:/Users/elagio/vs/lukia/orchestral-intro/Virtual-Playing-Orchestra3-1-wave-files/Virtual-Playing-Orchestra3/libs/Iowa/samples/Bassoon-solo/Bassoon.mf.A#4-PB.wav,T,sustain,Bassoon,2.51,C:/Users/elagio/vs/lukia/orchestral-intro/VPO3_SATB/T/sustain/Bassoon/Bassoon.mf.A#4-PB.wav
C:/Users/elagio/vs/lukia/orchestral-intro/Virtual-Playing-Orchestra3-1-wave-files/Virtual-Playing-Orchestra3/libs/Iowa/samples/Bassoon-solo/Bassoon.mf.A2-PB.wav,T,sustain,Bassoon,2.28,C:/Users/elagio/vs/lukia/orchestral-intro/VPO3_SATB/T/sustain/Bassoon/Bassoon.mf.A2-PB.wav
C:/Users/elagio/vs/lukia/orchestral-intro/Virtual-Playing-Orchestra3-1-wave-files/Virtual-Playing-Orchestra3/libs/Iowa/samples/Bassoon-solo/Bassoon.mf.A4-PB.wav,T,sustain,Bassoon,2.29,C:/Users/elagio/vs/lukia/orchestral-intro/VPO3_SATB/T/sustain/Bassoon/Bassoon.mf.A4-PB.wav
C:/Users/elagio/vs/lukia/orchestral-intro/Virtual-Playing-Orchestra3-1-wave-files/Virtual-Playing-Orchestra3/libs/Iowa/samples/Bassoon-solo/Bassoon.mf.B1-PB.wav,T,sustain,Bassoon,2.11,C:/Users/elagio/vs/lukia/orchestral-intro/VPO3_SATB/T/sustain/Bassoon/Bassoon.mf.B1-PB.wav
C:/Users/elagio/vs/lukia/orchestral-intro/Virtual-Playing-Orchestra3-1-wave-files/Virtual-Playing-Orchestra3/libs/Iowa/samples/Bassoon-solo/Bassoon.mf.B3-PB.wav,T,sustain,Bassoon,2.16,C:/Users/elagio/vs/lukia/orchestral-intro/VPO3_SATB/T/sustain/Bassoon/Bassoon.mf.B3-PB.wav
C:/Users/elagio/vs/lukia/orchestral-intro/Virtual-Playing-Orchestra3-1-wave-files/Virtual-Playing-Orchestra3/libs/Iowa/samples/Bassoon-solo/Bassoon.mf.B4-PB.wav,T,sustain,Bassoon,2.36,C:/Users/elagio/vs/lukia/orchestral-intro/VPO3_SATB/T/sustain/Bassoon/Bassoon.mf.B4-PB.wav
C:/Users/elagio/vs/lukia/orchestral-intro/Virtual-Playing-Orchestra3-1-wave-files/Virtual-Playing-Orchestra3/libs/Iowa/samples/Bassoon-solo/Bassoon.mf.C#2-PB.wav,T,sustain,Bassoon,2.13,C:/Users/elagio/vs/lukia/orchestral-intro/VPO3_SATB/T/sustain/Bassoon/Bassoon.mf.C#2-PB.wav
C:/Users/elagio/vs/lukia/orchestral-intro/Virtual-Playing-Orchestra3-1-wave-files/Virtual-Playing-Orchestra3/libs/Iowa/samples/Bassoon-solo/Bassoon.mf.C#3-PB.wav,T,sustain,Bassoon,2.02,C:/Users/elagio/vs/lukia/orchestral-intro/VPO3_SATB/T/sustain/Bassoon/Bassoon.mf.C#3-PB.wav
C:/Users/elagio/vs/lukia/orchestral-intro/Virtual-Playing-Orchestra3-1-wave-files/Virtual-Playing-Orchestra3/libs/Iowa/samples/Bassoon-solo/Bassoon.mf.C#4-PB.wav,T,sustain,Bassoon,2.51,C:/Users/elagio/vs/lukia/orchestral-intro/VPO3_SATB/T/sustain/Bassoon/Bassoon.mf.C#4-PB.wav
C:/Users/elagio/vs/lukia/orchestral-intro/Virtual-Playing-Orchestra3-1-wave-files/Virtual-Playing-Orchestra3/libs/Iowa/samples/Bassoon-solo/Bassoon.mf.C#5-PB.wav,T,sustain,Bassoon,2.37,C:/Users/elagio/vs/lukia/orchestral-intro/VPO3_SATB/T/sustain/Bassoon/Bassoon.mf.C#5-PB.wav
C:/Users/elagio/vs/lukia/orchestral-intro/Virtual-Playing-Orchestra3-1-wave-files/Virtual-Playing-Orchestra3/libs/Iowa/samples/Bassoon-solo/Bassoon.mf.C2-PB.wav,T,sustain,Bassoon,2.18,C:/Users/elagio/vs/lukia/orchestral-intro/VPO3_SATB/T/sustain/Bassoon/Bassoon.mf.C2-PB.wav
C:/Users/elagio/vs/lukia/orchestral-intro/Virtual-Playing-Orchestra3-1-wave-files/Virtual-Playing-Orchestra3/libs/Iowa/samples/Bassoon-solo/Bassoon.mf.C3-PB.wav,T,sustain,Bassoon,2.0,C:/Users/elagio/vs/lukia/orchestral-intro/VPO3_SATB/T/sustain/Bassoon/Bassoon.mf.C3-PB.wav
C:/Users/elagio/vs/lukia/orchestral-intro/Virtual-Playing-Orchestra3-1-wave-files/Virtual-Playing-Orchestra3/libs/Iowa/samples/Bassoon-solo/Bassoon.mf.C4-PB.wav,T,sustain,Bassoon,2.33,C:/Users/elagio/vs/lukia/orchestral-intro/VPO3_SATB/T/sustain/Bassoon/Bassoon.mf.C4-PB.wav
C:/Users/elagio/vs/lukia/orchestral-intro/Virtual-Playing-Orchestra3-1-wave-files/Virtual-Playing-Orchestra3/libs/Iowa/samples/Bassoon-solo/Bassoon.mf.C5-PB.wav,T,sustain,Bassoon,2.29,C:/Users/elagio/vs/lukia/orchestral-intro/VPO3_SATB/T/sustain/Bassoon/Bassoon.mf.C5-PB.wav
C:/Users/elagio/vs/lukia/orchestral-intro/Virtual-Playing-Orchestra3-1-wave-files/Virtual-Playing-Orchestra3/libs/Iowa/samples/Bassoon-solo/Bassoon.mf.D#3-PB.wav,T,sustain,Bassoon,2.14,C:/Users/elagio/vs/lukia/orchestral-intro/VPO3_SATB/T/sustain/Bassoon/Bassoon.mf.D#3-PB.wav
C:/Users/elagio/vs/lukia/orchestral-intro/Virtual-Playing-Orchestra3-1-wave-files/Virtual-Playing-Orchestra3/libs/Iowa/samples/Bassoon-solo/Bassoon.mf.D#4-PB.wav,T,sustain,Bassoon,2.52,C:/Users/elagio/vs/lukia/orchestral-intro/VPO3_SATB/T/sustain/Bassoon/Bassoon.mf.D#4-PB.wav
C:/Users/elagio/vs/lukia/orchestral-intro/Virtual-Playing-Orchestra3-1-wave-files/Virtual-Playing-Orchestra3/libs/Iowa/samples/Bassoon-solo/Bassoon.mf.D3-PB.wav,T,sustain,Bassoon,2.12,C:/Users/elagio/vs/lukia/orchestral-intro/VPO3_SATB/T/sustain/Bassoon/Bassoon.mf.D3-PB.wav
C:/Users/elagio/vs/lukia/orchestral-intro/Virtual-Playing-Orchestra3-1-wave-files/Virtual-Playing-Orchestra3/libs/Iowa/samples/Bassoon-solo/Bassoon.mf.D4-PB.wav,T,sustain,Bassoon,2.44,C:/Users/elagio/vs/lukia/orchestral-intro/VPO3_SATB/T/sustain/Bassoon/Bassoon.mf.D4-PB.wav
C:/Users/elagio/vs/lukia/orchestral-intro/Virtual-Playing-Orchestra3-1-wave-files/Virtual-Playing-Orchestra3/libs/Iowa/samples/Bassoon-solo/Bassoon.mf.D5-PB.wav,T,sustain,Bassoon,2.41,C:/Users/elagio/vs/lukia/orchestral-intro/VPO3_SATB/T/sustain/Bassoon/Bassoon.mf.D5-PB.wav
C:/Users/elagio/vs/lukia/orchestral-intro/Virtual-Playing-Orchestra3-1-wave-files/Virtual-Playing-Orchestra3/libs/Iowa/samples/Bassoon-solo/Bassoon.mf.E2-PB.wav,T,sustain,Bassoon,2.2,C:/Users/elagio/vs/lukia/orchestral-intro/VPO3_SATB/T/sustain/Bassoon/Bassoon.mf.E2-PB.wav
C:/Users/elagio/vs/lukia/orchestral-intro/Virtual-Playing-Orchestra3-1-wave-files/Virtual-Playing-Orchestra3/libs/Iowa/samples/Bassoon-solo/Bassoon.mf.E3-PB.wav,T,sustain,Bassoon,2.16,C:/Users/elagio/vs/lukia/orchestral-intro/VPO3_SATB/T/sustain/Bassoon/Bassoon.mf.E3-PB.wav
C:/Users/elagio/vs/lukia/orchestral-intro/Virtual-Playing-Orchestra3-1-wave-files/Virtual-Playing-Orchestra3/libs/Iowa/samples/Bassoon-solo/Bassoon.mf.E4-PB.wav,T,sustain,Bassoon,2.35,C:/Users/elagio/vs/lukia/orchestral-intro/VPO3_SATB/T/sustain/Bassoon/Bassoon.mf.E4-PB.wav
C:/Users/elagio/vs/lukia/orchestral-intro/Virtual-Playing-Orchestra3-1-wave-files/Virtual-Playing-Orchestra3/libs/Iowa/samples/Bassoon-solo/Bassoon.mf.F#2-PB.wav,T,sustain,Bassoon,2.1,C:/Users/elagio/vs/lukia/orchestral-intro/VPO3_SATB/T/sustain/Bassoon/Bassoon.mf.F#2-PB.wav
C:/Users/elagio/vs/lukia/orchestral-intro/Virtual-Playing-Orchestra3-1-wave-files/Virtual-Playing-Orchestra3/libs/Iowa/samples/Bassoon-solo/Bassoon.mf.F#3-PB.wav,T,sustain,Bassoon,2.14,C:/Users/elagio/vs/lukia/orchestral-intro/VPO3_SATB/T/sustain/Bassoon/Bassoon.mf.F#3-PB.wav
C:/Users/elagio/vs/lukia/orchestral-intro/Virtual-Playing-Orchestra3-1-wave-files/Virtual-Playing-Orchestra3/libs/Iowa/samples/Bassoon-solo/Bassoon.mf.F#4-PB.wav,T,sustain,Bassoon,2.43,C:/Users/elagio/vs/lukia/orchestral-intro/VPO3_SATB/T/sustain/Bassoon/Bassoon.mf.F#4-PB.wav
C:/Users/elagio/vs/lukia/orchestral-intro/Virtual-Playing-Orchestra3-1-wave-files/Virtual-Playing-Orchestra3/libs/Iowa/samples/Bassoon-solo/Bassoon.mf.F2-PB.wav,T,sustain,Bassoon,2.24,C:/Users/elagio/vs/lukia/orchestral-intro/VPO3_SATB/T/sustain/Bassoon/Bassoon.mf.F2-PB.wav
C:/Users/elagio/vs/lukia/orchestral-intro/Virtual-Playing-Orchestra3-1-wave-files/Virtual-Playing-Orchestra3/libs/Iowa/samples/Bassoon-solo/Bassoon.mf.F3-PB.wav,T,sustain,Bassoon,2.26,C:/Users/elagio/vs/lukia/orchestral-intro/VPO3_SATB/T/sustain/Bassoon/Bassoon.mf.F3-PB.wav
C:/Users/elagio/vs/lukia/orchestral-intro/Virtual-Playing-Orchestra3-1-wave-files/Virtual-Playing-Orchestra3/libs/Iowa/samples/Bassoon-solo/Bassoon.mf.F4-PB.wav,T,sustain,Bassoon,2.24,C:/Users/elagio/vs/lukia/orchestral-intro/VPO3_SATB/T/sustain/Bassoon/Bassoon.mf.F4-PB.wav
C:/Users/elagio/vs/lukia/orchestral-intro/Virtual-Playing-Orchestra3-1-wave-files/Virtual-Playing-Orchestra3/libs/Iowa/samples/Bassoon-solo/Bassoon.mf.G#4-PB.wav,T,sustain,Bassoon,2.44,C:/Users/elagio/vs/lukia/orchestral-intro/VPO3_SATB/T/sustain/Bassoon/Bassoon.mf.G#4-PB.wav
C:/Users/elagio/vs/lukia/orchestral-intro/Virtual-Playing-Orchestra3-1-wave-files/Virtual-Playing-Orchestra3/libs/Iowa/samples/Bassoon-solo/Bassoon.mf.G2-PB.wav,T,sustain,Bassoon,2.14,C:/Users/elagio/vs/lukia/orchestral-intro/VPO3_SATB/T/sustain/Bassoon/Bassoon.mf.G2-PB.wav
C:/Users/elagio/vs/lukia/orchestral-intro/Virtual-Playing-Orchestra3-1-wave-files/Virtual-Playing-Orchestra3/libs/Iowa/samples/Bassoon-solo/Bassoon.mf.G3-PB.wav,T,sustain,Bassoon,2.12,C:/Users/elagio/vs/lukia/orchestral-intro/VPO3_SATB/T/sustain/Bassoon/Bassoon.mf.G3-PB.wav
C:/Users/elagio/vs/lukia/orchestral-intro/Virtual-Playing-Orchestra3-1-wave-files/Virtual-Playing-Orchestra3/libs/Iowa/samples/Bassoon-solo/Bassoon.mf.G4-PB.wav,T,sustain,Bassoon,2.33,C:/Users/elagio/vs/lukia/orchestral-intro/VPO3_SATB/T/sustain/Bassoon/Bassoon.mf.G4-PB.wav
C:/Users/elagio/vs/lukia/orchestral-intro/Virtual-Playing-Orchestra3-1-wave-files/Virtual-Playing-Orchestra3/libs/Iowa/samples/Horn-solo/Horn.ff.A#2-PB-loop.wav,A,sustain,Horn,4.34,C:/Users/elagio/vs/lukia/orchestral-intro/VPO3_SATB/A/sustain/Horn/Horn.ff.A#2-PB-loop.wav
C:/Users/elagio/vs/lukia/orchestral-intro/Virtual-Playing-Orchestra3-1-wave-files/Virtual-Playing-Orchestra3/libs/Iowa/samples/Horn-solo/Horn.ff.A#3-PB-loop.wav,A,sustain,Horn,4.47,C:/Users/elagio/vs/lukia/orchestral-intro/VPO3_SATB/A/sustain/Horn/Horn.ff.A#3-PB-loop.wav
C:/Users/elagio/vs/lukia/orchestral-intro/Virtual-Playing-Orchestra3-1-wave-files/Virtual-Playing-Orchestra3/libs/Iowa/samples/Horn-solo/Horn.ff.A2-PB-loop.wav,A,sustain,Horn,2.52,C:/Users/elagio/vs/lukia/orchestral-intro/VPO3_SATB/A/sustain/Horn/Horn.ff.A2-PB-loop.wav
C:/Users/elagio/vs/lukia/orchestral-intro/Virtual-Playing-Orchestra3-1-wave-files/Virtual-Playing-Orchestra3/libs/Iowa/samples/Horn-solo/Horn.ff.A4-PB-loop.wav,A,sustain,Horn,2.25,C:/Users/elagio/vs/lukia/orchestral-intro/VPO3_SATB/A/sustain/Horn/Horn.ff.A4-PB-loop.wav
C:/Users/elagio/vs/lukia/orchestral-intro/Virtual-Playing-Orchestra3-1-wave-files/Virtual-Playing-Orchestra3/libs/Iowa/samples/Horn-solo/Horn.ff.B3-PB-loop.wav,A,sustain,Horn,2.49,C:/Users/elagio/vs/lukia/orchestral-intro/VPO3_SATB/A/sustain/Horn/Horn.ff.B3-PB-loop.wav
C:/Users/elagio/vs/lukia/orchestral-intro/Virtual-Playing-Orchestra3-1-wave-files/Virtual-Playing-Orchestra3/libs/Iowa/samples/Horn-solo/Horn.ff.B4-PB-loop.wav,A,sustain,Horn,2.31,C:/Users/elagio/vs/lukia/orchestral-intro/VPO3_SATB/A/sustain/Horn/Horn.ff.B4-PB-loop.wav
C:/Users/elagio/vs/lukia/orchestral-intro/Virtual-Playing-Orchestra3-1-wave-files/Virtual-Playing-Orchestra3/libs/Iowa/samples/Horn-solo/Horn.ff.C#4-PB-loop.wav,A,sustain,Horn,3.95,C:/Users/elagio/vs/lukia/orchestral-intro/VPO3_SATB/A/sustain/Horn/Horn.ff.C#4-PB-loop.wav
C:/Users/elagio/vs/lukia/orchestral-intro/Virtual-Playing-Orchestra3-1-wave-files/Virtual-Playing-Orchestra3/libs/Iowa/samples/Horn-solo/Horn.ff.C4-PB-loop.wav,A,sustain,Horn,2.41,C:/Users/elagio/vs/lukia/orchestral-intro/VPO3_SATB/A/sustain/Horn/Horn.ff.C4-PB-loop.wav
C:/Users/elagio/vs/lukia/orchestral-intro/Virtual-Playing-Orchestra3-1-wave-files/Virtual-Playing-Orchestra3/libs/Iowa/samples/Horn-solo/Horn.ff.C5-PB-loop.wav,A,sustain,Horn,2.25,C:/Users/elagio/vs/lukia/orchestral-intro/VPO3_SATB/A/sustain/Horn/Horn.ff.C5-PB-loop.wav
C:/Users/elagio/vs/lukia/orchestral-intro/Virtual-Playing-Orchestra3-1-wave-files/Virtual-Playing-Orchestra3/libs/Iowa/samples/Horn-solo/Horn.ff.D#3-PB-loop.wav,A,sustain,Horn,2.89,C:/Users/elagio/vs/lukia/orchestral-intro/VPO3_SATB/A/sustain/Horn/Horn.ff.D#3-PB-loop.wav
C:/Users/elagio/vs/lukia/orchestral-intro/Virtual-Playing-Orchestra3-1-wave-files/Virtual-Playing-Orchestra3/libs/Iowa/samples/Horn-solo/Horn.ff.D#4-PB-loop.wav,A,sustain,Horn,2.46,C:/Users/elagio/vs/lukia/orchestral-intro/VPO3_SATB/A/sustain/Horn/Horn.ff.D#4-PB-loop.wav
C:/Users/elagio/vs/lukia/orchestral-intro/Virtual-Playing-Orchestra3-1-wave-files/Virtual-Playing-Orchestra3/libs/Iowa/samples/Horn-solo/Horn.ff.E2-PB-loop.wav,A,sustain,Horn,4.34,C:/Users/elagio/vs/lukia/orchestral-intro/VPO3_SATB/A/sustain/Horn/Horn.ff.E2-PB-loop.wav
C:/Users/elagio/vs/lukia/orchestral-intro/Virtual-Playing-Orchestra3-1-wave-files/Virtual-Playing-Orchestra3/libs/Iowa/samples/Horn-solo/Horn.ff.E4-PB-loop.wav,A,sustain,Horn,2.67,C:/Users/elagio/vs/lukia/orchestral-intro/VPO3_SATB/A/sustain/Horn/Horn.ff.E4-PB-loop.wav
C:/Users/elagio/vs/lukia/orchestral-intro/Virtual-Playing-Orchestra3-1-wave-files/Virtual-Playing-Orchestra3/libs/Iowa/samples/Horn-solo/Horn.ff.E5-PB-loop.wav,A,sustain,Horn,2.27,C:/Users/elagio/vs/lukia/orchestral-intro/VPO3_SATB/A/sustain/Horn/Horn.ff.E5-PB-loop.wav
C:/Users/elagio/vs/lukia/orchestral-intro/Virtual-Playing-Orchestra3-1-wave-files/Virtual-Playing-Orchestra3/libs/Iowa/samples/Horn-solo/Horn.ff.F#3-PB-loop.wav,A,sustain,Horn,4.29,C:/Users/elagio/vs/lukia/orchestral-intro/VPO3_SATB/A/sustain/Horn/Horn.ff.F#3-PB-loop.wav
C:/Users/elagio/vs/lukia/orchestral-intro/Virtual-Playing-Orchestra3-1-wave-files/Virtual-Playing-Orchestra3/libs/Iowa/samples/Horn-solo/Horn.ff.F#4-PB-loop.wav,A,sustain,Horn,2.36,C:/Users/elagio/vs/lukia/orchestral-intro/VPO3_SATB/A/sustain/Horn/Horn.ff.F#4-PB-loop.wav
C:/Users/elagio/vs/lukia/orchestral-intro/Virtual-Playing-Orchestra3-1-wave-files/Virtual-Playing-Orchestra3/libs/Iowa/samples/Horn-solo/Horn.ff.F4-PB-loop.wav,A,sustain,Horn,2.76,C:/Users/elagio/vs/lukia/orchestral-intro/VPO3_SATB/A/sustain/Horn/Horn.ff.F4-PB-loop.wav
C:/Users/elagio/vs/lukia/orchestral-intro/Virtual-Playing-Orchestra3-1-wave-files/Virtual-Playing-Orchestra3/libs/Iowa/samples/Horn-solo/Horn.ff.F5-PB-loop.wav,A,sustain,Horn,4.17,C:/Users/elagio/vs/lukia/orchestral-intro/VPO3_SATB/A/sustain/Horn/Horn.ff.F5-PB-loop.wav
C:/Users/elagio/vs/lukia/orchestral-intro/Virtual-Playing-Orchestra3-1-wave-files/Virtual-Playing-Orchestra3/libs/Iowa/samples/Horn-solo/Horn.ff.G#2-PB-loop.wav,A,sustain,Horn,2.76,C:/Users/elagio/vs/lukia/orchestral-intro/VPO3_SATB/A/sustain/Horn/Horn.ff.G#2-PB-loop.wav
C:/Users/elagio/vs/lukia/orchestral-intro/Virtual-Playing-Orchestra3-1-wave-files/Virtual-Playing-Orchestra3/libs/Iowa/samples/Horn-solo/Horn.ff.G#4-PB-loop.wav,A,sustain,Horn,2.19,C:/Users/elagio/vs/lukia/orchestral-intro/VPO3_SATB/A/sustain/Horn/Horn.ff.G#4-PB-loop.wav
C:/Users/elagio/vs/lukia/orchestral-intro/Virtual-Playing-Orchestra3-1-wave-files/Virtual-Playing-Orchestra3/libs/Iowa/samples/Horn-solo/Horn.ff.G3-PB-loop.wav,A,sustain,Horn,2.74,C:/Users/elagio/vs/lukia/orchestral-intro/VPO3_SATB/A/sustain/Horn/Horn.ff.G3-PB-loop.wav
C:/Users/elagio/vs/lukia/orchestral-intro/Virtual-Playing-Orchestra3-1-wave-files/Virtual-Playing-Orchestra3/libs/Iowa/samples/Horn-solo/Horn.ff.G4-PB-loop.wav,A,sustain,Horn,2.36,C:/Users/elagio/vs/lukia/orchestral-intro/VPO3_SATB/A/sustain/Horn/Horn.ff.G4-PB-loop.wav
C:/Users/elagio/vs/lukia/orchestral-intro/Virtual-Playing-Orchestra3-1-wave-files/Virtual-Playing-Orchestra3/libs/Iowa/samples/Horn-solo/Horn.mf.A#2-PB-loop.wav,A,sustain,Horn,4.22,C:/Users/elagio/vs/lukia/orchestral-intro/VPO3_SATB/A/sustain/Horn/Horn.mf.A#2-PB-loop.wav
C:/Users/elagio/vs/lukia/orchestral-intro/Virtual-Playing-Orchestra3-1-wave-files/Virtual-Playing-Orchestra3/libs/Iowa/samples/Horn-solo/Horn.mf.A2-PB-loop.wav,A,sustain,Horn,4.64,C:/Users/elagio/vs/lukia/orchestral-intro/VPO3_SATB/A/sustain/Horn/Horn.mf.A2-PB-loop.wav
C:/Users/elagio/vs/lukia/orchestral-intro/Virtual-Playing-Orchestra3-1-wave-files/Virtual-Playing-Orchestra3/libs/Iowa/samples/Horn-solo/Horn.mf.A4-PB-loop.wav,A,sustain,Horn,2.42,C:/Users/elagio/vs/lukia/orchestral-intro/VPO3_SATB/A/sustain/Horn/Horn.mf.A4-PB-loop.wav
C:/Users/elagio/vs/lukia/orchestral-intro/Virtual-Playing-Orchestra3-1-wave-files/Virtual-Playing-Orchestra3/libs/Iowa/samples/Horn-solo/Horn.mf.B4-PB-loop.wav,A,sustain,Horn,2.44,C:/Users/elagio/vs/lukia/orchestral-intro/VPO3_SATB/A/sustain/Horn/Horn.mf.B4-PB-loop.wav
C:/Users/elagio/vs/lukia/orchestral-intro/Virtual-Playing-Orchestra3-1-wave-files/Virtual-Playing-Orchestra3/libs/Iowa/samples/Horn-solo/Horn.mf.C#4-PB-loop.wav,A,sustain,Horn,4.55,C:/Users/elagio/vs/lukia/orchestral-intro/VPO3_SATB/A/sustain/Horn/Horn.mf.C#4-PB-loop.wav
C:/Users/elagio/vs/lukia/orchestral-intro/Virtual-Playing-Orchestra3-1-wave-files/Virtual-Playing-Orchestra3/libs/Iowa/samples/Horn-solo/Horn.mf.C2-PB-loop.wav,A,sustain,Horn,6.16,C:/Users/elagio/vs/lukia/orchestral-intro/VPO3_SATB/A/sustain/Horn/Horn.mf.C2-PB-loop.wav
C:/Users/elagio/vs/lukia/orchestral-intro/Virtual-Playing-Orchestra3-1-wave-files/Virtual-Playing-Orchestra3/libs/Iowa/samples/Horn-solo/Horn.mf.C4-PB-loop.wav,A,sustain,Horn,2.57,C:/Users/elagio/vs/lukia/orchestral-intro/VPO3_SATB/A/sustain/Horn/Horn.mf.C4-PB-loop.wav
C:/Users/elagio/vs/lukia/orchestral-intro/Virtual-Playing-Orchestra3-1-wave-files/Virtual-Playing-Orchestra3/libs/Iowa/samples/Horn-solo/Horn.mf.C5-PB-loop.wav,A,sustain,Horn,2.32,C:/Users/elagio/vs/lukia/orchestral-intro/VPO3_SATB/A/sustain/Horn/Horn.mf.C5-PB-loop.wav
C:/Users/elagio/vs/lukia/orchestral-intro/Virtual-Playing-Orchestra3-1-wave-files/Virtual-Playing-Orchestra3/libs/Iowa/samples/Horn-solo/Horn.mf.D#2-PB-loop.wav,A,sustain,Horn,4.4,C:/Users/elagio/vs/lukia/orchestral-intro/VPO3_SATB/A/sustain/Horn/Horn.mf.D#2-PB-loop.wav
C:/Users/elagio/vs/lukia/orchestral-intro/Virtual-Playing-Orchestra3-1-wave-files/Virtual-Playing-Orchestra3/libs/Iowa/samples/Horn-solo/Horn.mf.D#4-PB-loop.wav,A,sustain,Horn,2.9,C:/Users/elagio/vs/lukia/orchestral-intro/VPO3_SATB/A/sustain/Horn/Horn.mf.D#4-PB-loop.wav
C:/Users/elagio/vs/lukia/orchestral-intro/Virtual-Playing-Orchestra3-1-wave-files/Virtual-Playing-Orchestra3/libs/Iowa/samples/Horn-solo/Horn.mf.D2-PB-loop.wav,A,sustain,Horn,4.33,C:/Users/elagio/vs/lukia/orchestral-intro/VPO3_SATB/A/sustain/Horn/Horn.mf.D2-PB-loop.wav
C:/Users/elagio/vs/lukia/orchestral-intro/Virtual-Playing-Orchestra3-1-wave-files/Virtual-Playing-Orchestra3/libs/Iowa/samples/Horn-solo/Horn.mf.E2-PB-loop.wav,A,sustain,Horn,4.37,C:/Users/elagio/vs/lukia/orchestral-intro/VPO3_SATB/A/sustain/Horn/Horn.mf.E2-PB-loop.wav
C:/Users/elagio/vs/lukia/orchestral-intro/Virtual-Playing-Orchestra3-1-wave-files/Virtual-Playing-Orchestra3/libs/Iowa/samples/Horn-solo/Horn.mf.E4-PB-loop.wav,A,sustain,Horn,3.0,C:/Users/elagio/vs/lukia/orchestral-intro/VPO3_SATB/A/sustain/Horn/Horn.mf.E4-PB-loop.wav
C:/Users/elagio/vs/lukia/orchestral-intro/Virtual-Playing-Orchestra3-1-wave-files/Virtual-Playing-Orchestra3/libs/Iowa/samples/Horn-solo/Horn.mf.E5-PB-loop.wav,A,sustain,Horn,2.45,C:/Users/elagio/vs/lukia/orchestral-intro/VPO3_SATB/A/sustain/Horn/Horn.mf.E5-PB-loop.wav
C:/Users/elagio/vs/lukia/orchestral-intro/Virtual-Playing-Orchestra3-1-wave-files/Virtual-Playing-Orchestra3/libs/Iowa/samples/Horn-solo/Horn.mf.F#4-PB-loop.wav,A,sustain,Horn,2.46,C:/Users/elagio/vs/lukia/orchestral-intro/VPO3_SATB/A/sustain/Horn/Horn.mf.F#4-PB-loop.wav
C:/Users/elagio/vs/lukia/orchestral-intro/Virtual-Playing-Orchestra3-1-wave-files/Virtual-Playing-Orchestra3/libs/Iowa/samples/Horn-solo/Horn.mf.F4-PB-loop.wav,A,sustain,Horn,2.78,C:/Users/elagio/vs/lukia/orchestral-intro/VPO3_SATB/A/sustain/Horn/Horn.mf.F4-PB-loop.wav
C:/Users/elagio/vs/lukia/orchestral-intro/Virtual-Playing-Orchestra3-1-wave-files/Virtual-Playing-Orchestra3/libs/Iowa/samples/Horn-solo/Horn.mf.F5-PB-loop.wav,A,sustain,Horn,2.29,C:/Users/elagio/vs/lukia/orchestral-intro/VPO3_SATB/A/sustain/Horn/Horn.mf.F5-PB-loop.wav
C:/Users/elagio/vs/lukia/orchestral-intro/Virtual-Playing-Orchestra3-1-wave-files/Virtual-Playing-Orchestra3/libs/Iowa/samples/Horn-solo/Horn.mf.G#2-PB-loop.wav,A,sustain,Horn,4.41,C:/Users/elagio/vs/lukia/orchestral-intro/VPO3_SATB/A/sustain/Horn/Horn.mf.G#2-PB-loop.wav
C:/Users/elagio/vs/lukia/orchestral-intro/Virtual-Playing-Orchestra3-1-wave-files/Virtual-Playing-Orchestra3/libs/Iowa/samples/Horn-solo/Horn.mf.G#4-PB-loop.wav,A,sustain,Horn,2.39,C:/Users/elagio/vs/lukia/orchestral-intro/VPO3_SATB/A/sustain/Horn/Horn.mf.G#4-PB-loop.wav
C:/Users/elagio/vs/lukia/orchestral-intro/Virtual-Playing-Orchestra3-1-wave-files/Virtual-Playing-Orchestra3/libs/Iowa/samples/Horn-solo/Horn.mf.G4-PB-loop.wav,A,sustain,Horn,2.45,C:/Users/elagio/vs/lukia/orchestral-intro/VPO3_SATB/A/sustain/Horn/Horn.mf.G4-PB-loop.wav
C:/Users/elagio/vs/lukia/orchestral-intro/Virtual-Playing-Orchestra3-1-wave-files/Virtual-Playing-Orchestra3/libs/Iowa/samples/Trombone-solo/TenorTrombone.ff.A4-PB.wav,T,sustain,Tenor Trombone,2.97,C:/Users/elagio/vs/lukia/orchestral-intro/VPO3_SATB/T/sustain/Tenor Trombone/TenorTrombone.ff.A4-PB.wav
C:/Users/elagio/vs/lukia/orchestral-intro/Virtual-Playing-Orchestra3-1-wave-files/Virtual-Playing-Orchestra3/libs/Iowa/samples/Trombone-solo/TenorTrombone.ff.C5-PB.wav,T,sustain,Tenor Trombone,2.89,C:/Users/elagio/vs/lukia/orchestral-intro/VPO3_SATB/T/sustain/Tenor Trombone/TenorTrombone.ff.C5-PB.wav
C:/Users/elagio/vs/lukia/orchestral-intro/Virtual-Playing-Orchestra3-1-wave-files/Virtual-Playing-Orchestra3/libs/Iowa/samples/Trombone-solo/TenorTrombone.ff.F4-PB.wav,T,sustain,Tenor Trombone,2.71,C:/Users/elagio/vs/lukia/orchestral-intro/VPO3_SATB/T/sustain/Tenor Trombone/TenorTrombone.ff.F4-PB.wav
C:/Users/elagio/vs/lukia/orchestral-intro/Virtual-Playing-Orchestra3-1-wave-files/Virtual-Playing-Orchestra3/libs/Iowa/samples/Trombone-solo/TenorTrombone.ff.G4-PB.wav,T,sustain,Tenor Trombone,2.74,C:/Users/elagio/vs/lukia/orchestral-intro/VPO3_SATB/T/sustain/Tenor Trombone/TenorTrombone.ff.G4-PB.wav
C:/Users/elagio/vs/lukia/orchestral-intro/Virtual-Playing-Orchestra3-1-wave-files/Virtual-Playing-Orchestra3/libs/Iowa/samples/Trombone-solo/TenorTrombone.mf.A4-PB.wav,T,sustain,Tenor Trombone,2.35,C:/Users/elagio/vs/lukia/orchestral-intro/VPO3_SATB/T/sustain/Tenor Trombone/TenorTrombone.mf.A4-PB.wav
C:/Users/elagio/vs/lukia/orchestral-intro/Virtual-Playing-Orchestra3-1-wave-files/Virtual-Playing-Orchestra3/libs/Iowa/samples/Trombone-solo/TenorTrombone.mf.C5-PB.wav,T,sustain,Tenor Trombone,2.0,C:/Users/elagio/vs/lukia/orchestral-intro/VPO3_SATB/T/sustain/Tenor Trombone/TenorTrombone.mf.C5-PB.wav
C:/Users/elagio/vs/lukia/orchestral-intro/Virtual-Playing-Orchestra3-1-wave-files/Virtual-Playing-Orchestra3/libs/Iowa/samples/Trombone-solo/TenorTrombone.mf.F4-PB.wav,T,sustain,Tenor Trombone,2.37,C:/Users/elagio/vs/lukia/orchestral-intro/VPO3_SATB/T/sustain/Tenor Trombone/TenorTrombone.mf.F4-PB.wav
C:/Users/elagio/vs/lukia/orchestral-intro/Virtual-Playing-Orchestra3-1-wave-files/Virtual-Playing-Orchestra3/libs/Iowa/samples/Trombone-solo/TenorTrombone.mf.G4-PB.wav,T,sustain,Tenor Trombone,2.28,C:/Users/elagio/vs/lukia/orchestral-intro/VPO3_SATB/T/sustain/Tenor Trombone/TenorTrombone.mf.G4-PB.wav
C:/Users/elagio/vs/lukia/orchestral-intro/Virtual-Playing-Orchestra3-1-wave-files/Virtual-Playing-Orchestra3/libs/Iowa/samples/Trombone-solo/Trombone-sus.ff.C#3-PB-loop.wav,T,sustain,Trombone,4.95,C:/Users/elagio/vs/lukia/orchestral-intro/VPO3_SATB/T/sustain/Trombone/Trombone-sus.ff.C#3-PB-loop.wav
C:/Users/elagio/vs/lukia/orchestral-intro/Virtual-Playing-Orchestra3-1-wave-files/Virtual-Playing-Orchestra3/libs/Iowa/samples/Trombone-solo/Trombone-sus.ff.C#4-PB-loop.wav,T,sustain,Trombone,3.84,C:/Users/elagio/vs/lukia/orchestral-intro/VPO3_SATB/T/sustain/Trombone/Trombone-sus.ff.C#4-PB-loop.wav
C:/Users/elagio/vs/lukia/orchestral-intro/Virtual-Playing-Orchestra3-1-wave-files/Virtual-Playing-Orchestra3/libs/Iowa/samples/Trombone-solo/Trombone-sus.ff.C5-PB-loop.wav,T,sustain,Trombone,4.07,C:/Users/elagio/vs/lukia/orchestral-intro/VPO3_SATB/T/sustain/Trombone/Trombone-sus.ff.C5-PB-loop.wav
C:/Users/elagio/vs/lukia/orchestral-intro/Virtual-Playing-Orchestra3-1-wave-files/Virtual-Playing-Orchestra3/libs/Iowa/samples/Trombone-solo/Trombone-sus.ff.D3-PB-loop.wav,T,sustain,Trombone,5.05,C:/Users/elagio/vs/lukia/orchestral-intro/VPO3_SATB/T/sustain/Trombone/Trombone-sus.ff.D3-PB-loop.wav
C:/Users/elagio/vs/lukia/orchestral-intro/Virtual-Playing-Orchestra3-1-wave-files/Virtual-Playing-Orchestra3/libs/Iowa/samples/Trombone-solo/Trombone-sus.ff.E4-PB-loop.wav,T,sustain,Trombone,2.58,C:/Users/elagio/vs/lukia/orchestral-intro/VPO3_SATB/T/sustain/Trombone/Trombone-sus.ff.E4-PB-loop.wav
C:/Users/elagio/vs/lukia/orchestral-intro/Virtual-Playing-Orchestra3-1-wave-files/Virtual-Playing-Orchestra3/libs/Iowa/samples/Trombone-solo/Trombone-sus.ff.F#2-PB-loop.wav,T,sustain,Trombone,2.73,C:/Users/elagio/vs/lukia/orchestral-intro/VPO3_SATB/T/sustain/Trombone/Trombone-sus.ff.F#2-PB-loop.wav
C:/Users/elagio/vs/lukia/orchestral-intro/Virtual-Playing-Orchestra3-1-wave-files/Virtual-Playing-Orchestra3/libs/Iowa/samples/Trombone-solo/Trombone-sus.ff.F#3-PB-loop.wav,T,sustain,Trombone,3.29,C:/Users/elagio/vs/lukia/orchestral-intro/VPO3_SATB/T/sustain/Trombone/Trombone-sus.ff.F#3-PB-loop.wav
C:/Users/elagio/vs/lukia/orchestral-intro/Virtual-Playing-Orchestra3-1-wave-files/Virtual-Playing-Orchestra3/libs/Iowa/samples/Trombone-solo/Trombone-sus.ff.F#4-PB-loop.wav,T,sustain,Trombone,5.01,C:/Users/elagio/vs/lukia/orchestral-intro/VPO3_SATB/T/sustain/Trombone/Trombone-sus.ff.F#4-PB-loop.wav
C:/Users/elagio/vs/lukia/orchestral-intro/Virtual-Playing-Orchestra3-1-wave-files/Virtual-Playing-Orchestra3/libs/Iowa/samples/Trombone-solo/Trombone-sus.ff.G#4-PB-loop.wav,T,sustain,Trombone,4.07,C:/Users/elagio/vs/lukia/orchestral-intro/VPO3_SATB/T/sustain/Trombone/Trombone-sus.ff.G#4-PB-loop.wav
C:/Users/elagio/vs/lukia/orchestral-intro/Virtual-Playing-Orchestra3-1-wave-files/Virtual-Playing-Orchestra3/libs/Iowa/samples/Trombone-solo/Trombone-sus.ff.G4-PB-loop.wav,T,sustain,Trombone,3.64,C:/Users/elagio/vs/lukia/orchestral-intro/VPO3_SATB/T/sustain/Trombone/Trombone-sus.ff.G4-PB-loop.wav
C:/Users/elagio/vs/lukia/orchestral-intro/Virtual-Playing-Orchestra3-1-wave-files/Virtual-Playing-Orchestra3/libs/Iowa/samples/Trombone-solo/Trombone-sus.mf.C#3-PB-loop.wav,T,sustain,Trombone,4.07,C:/Users/elagio/vs/lukia/orchestral-intro/VPO3_SATB/T/sustain/Trombone/Trombone-sus.mf.C#3-PB-loop.wav
C:/Users/elagio/vs/lukia/orchestral-intro/Virtual-Playing-Orchestra3-1-wave-files/Virtual-Playing-Orchestra3/libs/Iowa/samples/Trombone-solo/Trombone-sus.mf.C#4-PB-loop.wav,T,sustain,Trombone,4.95,C:/Users/elagio/vs/lukia/orchestral-intro/VPO3_SATB/T/sustain/Trombone/Trombone-sus.mf.C#4-PB-loop.wav
C:/Users/elagio/vs/lukia/orchestral-intro/Virtual-Playing-Orchestra3-1-wave-files/Virtual-Playing-Orchestra3/libs/Iowa/samples/Trombone-solo/Trombone-sus.mf.C5-PB-loop.wav,T,sustain,Trombone,4.07,C:/Users/elagio/vs/lukia/orchestral-intro/VPO3_SATB/T/sustain/Trombone/Trombone-sus.mf.C5-PB-loop.wav
C:/Users/elagio/vs/lukia/orchestral-intro/Virtual-Playing-Orchestra3-1-wave-files/Virtual-Playing-Orchestra3/libs/Iowa/samples/Trombone-solo/Trombone-sus.mf.D3-PB-loop.wav,T,sustain,Trombone,4.07,C:/Users/elagio/vs/lukia/orchestral-intro/VPO3_SATB/T/sustain/Trombone/Trombone-sus.mf.D3-PB-loop.wav
C:/Users/elagio/vs/lukia/orchestral-intro/Virtual-Playing-Orchestra3-1-wave-files/Virtual-Playing-Orchestra3/libs/Iowa/samples/Trombone-solo/Trombone-sus.mf.E4-PB-loop.wav,T,sustain,Trombone,4.07,C:/Users/elagio/vs/lukia/orchestral-intro/VPO3_SATB/T/sustain/Trombone/Trombone-sus.mf.E4-PB-loop.wav
C:/Users/elagio/vs/lukia/orchestral-intro/Virtual-Playing-Orchestra3-1-wave-files/Virtual-Playing-Orchestra3/libs/Iowa/samples/Trombone-solo/Trombone-sus.mf.F#2-PB-loop.wav,T,sustain,Trombone,4.07,C:/Users/elagio/vs/lukia/orchestral-intro/VPO3_SATB/T/sustain/Trombone/Trombone-sus.mf.F#2-PB-loop.wav
C:/Users/elagio/vs/lukia/orchestral-intro/Virtual-Playing-Orchestra3-1-wave-files/Virtual-Playing-Orchestra3/libs/Iowa/samples/Trombone-solo/Trombone-sus.mf.F#3-PB-loop.wav,T,sustain,Trombone,4.68,C:/Users/elagio/vs/lukia/orchestral-intro/VPO3_SATB/T/sustain/Trombone/Trombone-sus.mf.F#3-PB-loop.wav
C:/Users/elagio/vs/lukia/orchestral-intro/Virtual-Playing-Orchestra3-1-wave-files/Virtual-Playing-Orchestra3/libs/Iowa/samples/Trombone-solo/Trombone-sus.mf.F#4-PB-loop.wav,T,sustain,Trombone,1.96,C:/Users/elagio/vs/lukia/orchestral-intro/VPO3_SATB/T/sustain/Trombone/Trombone-sus.mf.F#4-PB-loop.wav
C:/Users/elagio/vs/lukia/orchestral-intro/Virtual-Playing-Orchestra3-1-wave-files/Virtual-Playing-Orchestra3/libs/Iowa/samples/Trombone-solo/Trombone-sus.mf.G#4-PB-loop.wav,T,sustain,Trombone,2.37,C:/Users/elagio/vs/lukia/orchestral-intro/VPO3_SATB/T/sustain/Trombone/Trombone-sus.mf.G#4-PB-loop.wav
C:/Users/elagio/vs/lukia/orchestral-intro/Virtual-Playing-Orchestra3-1-wave-files/Virtual-Playing-Orchestra3/libs/Iowa/samples/Trombone-solo/Trombone-sus.mf.G4-PB-loop.wav,T,sustain,Trombone,2.58,C:/Users/elagio/vs/lukia/orchestral-intro/VPO3_SATB/T/sustain/Trombone/Trombone-sus.mf.G4-PB-loop.wav
C:/Users/elagio/vs/lukia/orchestral-intro/Virtual-Playing-Orchestra3-1-wave-files/Virtual-Playing-Orchestra3/libs/Iowa/samples/Trumpet-solo/Trumpet.novib.ff.A#3-PB-loop.wav,S,sustain_long,Trumpet,4.38,C:/Users/elagio/vs/lukia/orchestral-intro/VPO3_SATB/S/sustain_long/Trumpet/Trumpet.novib.ff.A#3-PB-loop.wav
C:/Users/elagio/vs/lukia/orchestral-intro/Virtual-Playing-Orchestra3-1-wave-files/Virtual-Playing-Orchestra3/libs/Iowa/samples/Trumpet-solo/Trumpet.novib.ff.A#4-PB-loop.wav,S,sustain_long,Trumpet,4.38,C:/Users/elagio/vs/lukia/orchestral-intro/VPO3_SATB/S/sustain_long/Trumpet/Trumpet.novib.ff.A#4-PB-loop.wav
C:/Users/elagio/vs/lukia/orchestral-intro/Virtual-Playing-Orchestra3-1-wave-files/Virtual-Playing-Orchestra3/libs/Iowa/samples/Trumpet-solo/Trumpet.novib.ff.A#5-PB-loop.wav,S,sustain_long,Trumpet,4.32,C:/Users/elagio/vs/lukia/orchestral-intro/VPO3_SATB/S/sustain_long/Trumpet/Trumpet.novib.ff.A#5-PB-loop.wav
C:/Users/elagio/vs/lukia/orchestral-intro/Virtual-Playing-Orchestra3-1-wave-files/Virtual-Playing-Orchestra3/libs/Iowa/samples/Trumpet-solo/Trumpet.novib.ff.A3-PB-loop.wav,S,sustain_long,Trumpet,4.06,C:/Users/elagio/vs/lukia/orchestral-intro/VPO3_SATB/S/sustain_long/Trumpet/Trumpet.novib.ff.A3-PB-loop.wav
C:/Users/elagio/vs/lukia/orchestral-intro/Virtual-Playing-Orchestra3-1-wave-files/Virtual-Playing-Orchestra3/libs/Iowa/samples/Trumpet-solo/Trumpet.novib.ff.A4-PB-loop.wav,S,sustain_long,Trumpet,4.26,C:/Users/elagio/vs/lukia/orchestral-intro/VPO3_SATB/S/sustain_long/Trumpet/Trumpet.novib.ff.A4-PB-loop.wav
C:/Users/elagio/vs/lukia/orchestral-intro/Virtual-Playing-Orchestra3-1-wave-files/Virtual-Playing-Orchestra3/libs/Iowa/samples/Trumpet-solo/Trumpet.novib.ff.A5-PB-loop.wav,S,sustain_long,Trumpet,4.41,C:/Users/elagio/vs/lukia/orchestral-intro/VPO3_SATB/S/sustain_long/Trumpet/Trumpet.novib.ff.A5-PB-loop.wav
C:/Users/elagio/vs/lukia/orchestral-intro/Virtual-Playing-Orchestra3-1-wave-files/Virtual-Playing-Orchestra3/libs/Iowa/samples/Trumpet-solo/Trumpet.novib.ff.B3-PB-loop.wav,S,sustain_long,Trumpet,4.21,C:/Users/elagio/vs/lukia/orchestral-intro/VPO3_SATB/S/sustain_long/Trumpet/Trumpet.novib.ff.B3-PB-loop.wav
C:/Users/elagio/vs/lukia/orchestral-intro/Virtual-Playing-Orchestra3-1-wave-files/Virtual-Playing-Orchestra3/libs/Iowa/samples/Trumpet-solo/Trumpet.novib.ff.B4-PB-loop.wav,S,sustain_long,Trumpet,4.21,C:/Users/elagio/vs/lukia/orchestral-intro/VPO3_SATB/S/sustain_long/Trumpet/Trumpet.novib.ff.B4-PB-loop.wav
C:/Users/elagio/vs/lukia/orchestral-intro/Virtual-Playing-Orchestra3-1-wave-files/Virtual-Playing-Orchestra3/libs/Iowa/samples/Trumpet-solo/Trumpet.novib.ff.B5-PB-loop.wav,S,sustain_long,Trumpet,4.29,C:/Users/elagio/vs/lukia/orchestral-intro/VPO3_SATB/S/sustain_long/Trumpet/Trumpet.novib.ff.B5-PB-loop.wav
C:/Users/elagio/vs/lukia/orchestral-intro/Virtual-Playing-Orchestra3-1-wave-files/Virtual-Playing-Orchestra3/libs/Iowa/samples/Trumpet-solo/Trumpet.novib.ff.C#4-PB-loop.wav,S,sustain_long,Trumpet,4.11,C:/Users/elagio/vs/lukia/orchestral-intro/VPO3_SATB/S/sustain_long/Trumpet/Trumpet.novib.ff.C#4-PB-loop.wav
C:/Users/elagio/vs/lukia/orchestral-intro/Virtual-Playing-Orchestra3-1-wave-files/Virtual-Playing-Orchestra3/libs/Iowa/samples/Trumpet-solo/Trumpet.novib.ff.C#5-PB-loop.wav,S,sustain_long,Trumpet,4.21,C:/Users/elagio/vs/lukia/orchestral-intro/VPO3_SATB/S/sustain_long/Trumpet/Trumpet.novib.ff.C#5-PB-loop.wav
C:/Users/elagio/vs/lukia/orchestral-intro/Virtual-Playing-Orchestra3-1-wave-files/Virtual-Playing-Orchestra3/libs/Iowa/samples/Trumpet-solo/Trumpet.novib.ff.C5-PB-loop.wav,S,sustain_long,Trumpet,4.27,C:/Users/elagio/vs/lukia/orchestral-intro/VPO3_SATB/S/sustain_long/Trumpet/Trumpet.novib.ff.C5-PB-loop.wav
C:/Users/elagio/vs/lukia/orchestral-intro/Virtual-Playing-Orchestra3-1-wave-files/Virtual-Playing-Orchestra3/libs/Iowa/samples/Trumpet-solo/Trumpet.novib.ff.C6-PB-loop.wav,S,sustain_long,Trumpet,4.18,C:/Users/elagio/vs/lukia/orchestral-intro/VPO3_SATB/S/sustain_long/Trumpet/Trumpet.novib.ff.C6-PB-loop.wav
C:/Users/elagio/vs/lukia/orchestral-intro/Virtual-Playing-Orchestra3-1-wave-files/Virtual-Playing-Orchestra3/libs/Iowa/samples/Trumpet-solo/Trumpet.novib.ff.D#5-PB-loop.wav,S,sustain_long,Trumpet,4.49,C:/Users/elagio/vs/lukia/orchestral-intro/VPO3_SATB/S/sustain_long/Trumpet/Trumpet.novib.ff.D#5-PB-loop.wav
C:/Users/elagio/vs/lukia/orchestral-intro/Virtual-Playing-Orchestra3-1-wave-files/Virtual-Playing-Orchestra3/libs/Iowa/samples/Trumpet-solo/Trumpet.novib.ff.D4-PB-loop.wav,S,sustain_long,Trumpet,3.5,C:/Users/elagio/vs/lukia/orchestral-intro/VPO3_SATB/S/sustain_long/Trumpet/Trumpet.novib.ff.D4-PB-loop.wav
C:/Users/elagio/vs/lukia/orchestral-intro/Virtual-Playing-Orchestra3-1-wave-files/Virtual-Playing-Orchestra3/libs/Iowa/samples/Trumpet-solo/Trumpet.novib.ff.D5-PB-loop.wav,S,sustain_long,Trumpet,4.35,C:/Users/elagio/vs/lukia/orchestral-intro/VPO3_SATB/S/sustain_long/Trumpet/Trumpet.novib.ff.D5-PB-loop.wav
C:/Users/elagio/vs/lukia/orchestral-intro/Virtual-Playing-Orchestra3-1-wave-files/Virtual-Playing-Orchestra3/libs/Iowa/samples/Trumpet-solo/Trumpet.novib.ff.E4-PB-loop.wav,S,sustain_long,Trumpet,4.27,C:/Users/elagio/vs/lukia/orchestral-intro/VPO3_SATB/S/sustain_long/Trumpet/Trumpet.novib.ff.E4-PB-loop.wav
C:/Users/elagio/vs/lukia/orchestral-intro/Virtual-Playing-Orchestra3-1-wave-files/Virtual-Playing-Orchestra3/libs/Iowa/samples/Trumpet-solo/Trumpet.novib.ff.E5-PB-loop.wav,S,sustain_long,Trumpet,4.47,C:/Users/elagio/vs/lukia/orchestral-intro/VPO3_SATB/S/sustain_long/Trumpet/Trumpet.novib.ff.E5-PB-loop.wav
C:/Users/elagio/vs/lukia/orchestral-intro/Virtual-Playing-Orchestra3-1-wave-files/Virtual-Playing-Orchestra3/libs/Iowa/samples/Trumpet-solo/Trumpet.novib.ff.F#4-PB-loop.wav,S,sustain_long,Trumpet,4.21,C:/Users/elagio/vs/lukia/orchestral-intro/VPO3_SATB/S/sustain_long/Trumpet/Trumpet.novib.ff.F#4-PB-loop.wav
C:/Users/elagio/vs/lukia/orchestral-intro/Virtual-Playing-Orchestra3-1-wave-files/Virtual-Playing-Orchestra3/libs/Iowa/samples/Trumpet-solo/Trumpet.novib.ff.F#5-PB-loop.wav,S,sustain_long,Trumpet,4.74,C:/Users/elagio/vs/lukia/orchestral-intro/VPO3_SATB/S/sustain_long/Trumpet/Trumpet.novib.ff.F#5-PB-loop.wav
C:/Users/elagio/vs/lukia/orchestral-intro/Virtual-Playing-Orchestra3-1-wave-files/Virtual-Playing-Orchestra3/libs/Iowa/samples/Trumpet-solo/Trumpet.novib.ff.F4-PB-loop.wav,S,sustain_long,Trumpet,4.25,C:/Users/elagio/vs/lukia/orchestral-intro/VPO3_SATB/S/sustain_long/Trumpet/Trumpet.novib.ff.F4-PB-loop.wav
C:/Users/elagio/vs/lukia/orchestral-intro/Virtual-Playing-Orchestra3-1-wave-files/Virtual-Playing-Orchestra3/libs/Iowa/samples/Trumpet-solo/Trumpet.novib.ff.F5-PB-loop.wav,S,sustain_long,Trumpet,4.41,C:/Users/elagio/vs/lukia/orchestral-intro/VPO3_SATB/S/sustain_long/Trumpet/Trumpet.novib.ff.F5-PB-loop.wav
C:/Users/elagio/vs/lukia/orchestral-intro/Virtual-Playing-Orchestra3-1-wave-files/Virtual-Playing-Orchestra3/libs/Iowa/samples/Trumpet-solo/Trumpet.novib.ff.G#3-PB-loop.wav,S,sustain_long,Trumpet,3.83,C:/Users/elagio/vs/lukia/orchestral-intro/VPO3_SATB/S/sustain_long/Trumpet/Trumpet.novib.ff.G#3-PB-loop.wav
C:/Users/elagio/vs/lukia/orchestral-intro/Virtual-Playing-Orchestra3-1-wave-files/Virtual-Playing-Orchestra3/libs/Iowa/samples/Trumpet-solo/Trumpet.novib.ff.G#4-PB-loop.wav,S,sustain_long,Trumpet,4.01,C:/Users/elagio/vs/lukia/orchestral-intro/VPO3_SATB/S/sustain_long/Trumpet/Trumpet.novib.ff.G#4-PB-loop.wav
C:/Users/elagio/vs/lukia/orchestral-intro/Virtual-Playing-Orchestra3-1-wave-files/Virtual-Playing-Orchestra3/libs/Iowa/samples/Trumpet-solo/Trumpet.novib.ff.G#5-PB-loop.wav,S,sustain_long,Trumpet,4.41,C:/Users/elagio/vs/lukia/orchestral-intro/VPO3_SATB/S/sustain_long/Trumpet/Trumpet.novib.ff.G#5-PB-loop.wav
C:/Users/elagio/vs/lukia/orchestral-intro/Virtual-Playing-Orchestra3-1-wave-files/Virtual-Playing-Orchestra3/libs/Iowa/samples/Trumpet-solo/Trumpet.novib.ff.G4-PB-loop.wav,S,sustain_long,Trumpet,4.24,C:/Users/elagio/vs/lukia/orchestral-intro/VPO3_SATB/S/sustain_long/Trumpet/Trumpet.novib.ff.G4-PB-loop.wav
C:/Users/elagio/vs/lukia/orchestral-intro/Virtual-Playing-Orchestra3-1-wave-files/Virtual-Playing-Orchestra3/libs/Iowa/samples/Trumpet-solo/Trumpet.novib.ff.G5-PB-loop.wav,S,sustain_long,Trumpet,4.45,C:/Users/elagio/vs/lukia/orchestral-intro/VPO3_SATB/S/sustain_long/Trumpet/Trumpet.novib.ff.G5-PB-loop.wav
C:/Users/elagio/vs/lukia/orchestral-intro/Virtual-Playing-Orchestra3-1-wave-files/Virtual-Playing-Orchestra3/libs/Iowa/samples/Trumpet-solo/Trumpet.novib.mf.A#3-PB-loop.wav,S,sustain_long,Trumpet,3.25,C:/Users/elagio/vs/lukia/orchestral-intro/VPO3_SATB/S/sustain_long/Trumpet/Trumpet.novib.mf.A#3-PB-loop.wav
C:/Users/elagio/vs/lukia/orchestral-intro/Virtual-Playing-Orchestra3-1-wave-files/Virtual-Playing-Orchestra3/libs/Iowa/samples/Trumpet-solo/Trumpet.novib.mf.A#4-PB-loop.wav,S,sustain_long,Trumpet,3.71,C:/Users/elagio/vs/lukia/orchestral-intro/VPO3_SATB/S/sustain_long/Trumpet/Trumpet.novib.mf.A#4-PB-loop.wav
C:/Users/elagio/vs/lukia/orchestral-intro/Virtual-Playing-Orchestra3-1-wave-files/Virtual-Playing-Orchestra3/libs/Iowa/samples/Trumpet-solo/Trumpet.novib.mf.A#5-PB-loop.wav,S,sustain_long,Trumpet,3.55,C:/Users/elagio/vs/lukia/orchestral-intro/VPO3_SATB/S/sustain_long/Trumpet/Trumpet.novib.mf.A#5-PB-loop.wav
C:/Users/elagio/vs/lukia/orchestral-intro/Virtual-Playing-Orchestra3-1-wave-files/Virtual-Playing-Orchestra3/libs/Iowa/samples/Trumpet-solo/Trumpet.novib.mf.A3-PB-loop.wav,S,sustain_long,Trumpet,3.53,C:/Users/elagio/vs/lukia/orchestral-intro/VPO3_SATB/S/sustain_long/Trumpet/Trumpet.novib.mf.A3-PB-loop.wav
C:/Users/elagio/vs/lukia/orchestral-intro/Virtual-Playing-Orchestra3-1-wave-files/Virtual-Playing-Orchestra3/libs/Iowa/samples/Trumpet-solo/Trumpet.novib.mf.A4-PB-loop.wav,S,sustain_long,Trumpet,3.68,C:/Users/elagio/vs/lukia/orchestral-intro/VPO3_SATB/S/sustain_long/Trumpet/Trumpet.novib.mf.A4-PB-loop.wav
C:/Users/elagio/vs/lukia/orchestral-intro/Virtual-Playing-Orchestra3-1-wave-files/Virtual-Playing-Orchestra3/libs/Iowa/samples/Trumpet-solo/Trumpet.novib.mf.A5-PB-loop.wav,S,sustain_long,Trumpet,4.0,C:/Users/elagio/vs/lukia/orchestral-intro/VPO3_SATB/S/sustain_long/Trumpet/Trumpet.novib.mf.A5-PB-loop.wav
C:/Users/elagio/vs/lukia/orchestral-intro/Virtual-Playing-Orchestra3-1-wave-files/Virtual-Playing-Orchestra3/libs/Iowa/samples/Trumpet-solo/Trumpet.novib.mf.B3-PB-loop.wav,S,sustain_long,Trumpet,3.28,C:/Users/elagio/vs/lukia/orchestral-intro/VPO3_SATB/S/sustain_long/Trumpet/Trumpet.novib.mf.B3-PB-loop.wav
C:/Users/elagio/vs/lukia/orchestral-intro/Virtual-Playing-Orchestra3-1-wave-files/Virtual-Playing-Orchestra3/libs/Iowa/samples/Trumpet-solo/Trumpet.novib.mf.B4-PB-loop.wav,S,sustain_long,Trumpet,3.87,C:/Users/elagio/vs/lukia/orchestral-intro/VPO3_SATB/S/sustain_long/Trumpet/Trumpet.novib.mf.B4-PB-loop.wav
C:/Users/elagio/vs/lukia/orchestral-intro/Virtual-Playing-Orchestra3-1-wave-files/Virtual-Playing-Orchestra3/libs/Iowa/samples/Trumpet-solo/Trumpet.novib.mf.B5-PB-loop.wav,S,sustain_long,Trumpet,4.03,C:/Users/elagio/vs/lukia/orchestral-intro/VPO3_SATB/S/sustain_long/Trumpet/Trumpet.novib.mf.B5-PB-loop.wav
C:/Users/elagio/vs/lukia/orchestral-intro/Virtual-Playing-Orchestra3-1-wave-files/Virtual-Playing-Orchestra3/libs/Iowa/samples/Trumpet-solo/Trumpet.novib.mf.C#4-PB-loop.wav,S,sustain_long,Trumpet,2.95,C:/Users/elagio/vs/lukia/orchestral-intro/VPO3_SATB/S/sustain_long/Trumpet/Trumpet.novib.mf.C#4-PB-loop.wav
C:/Users/elagio/vs/lukia/orchestral-intro/Virtual-Playing-Orchestra3-1-wave-files/Virtual-Playing-Orchestra3/libs/Iowa/samples/Trumpet-solo/Trumpet.novib.mf.C#5-PB-loop.wav,S,sustain_long,Trumpet,3.82,C:/Users/elagio/vs/lukia/orchestral-intro/VPO3_SATB/S/sustain_long/Trumpet/Trumpet.novib.mf.C#5-PB-loop.wav
C:/Users/elagio/vs/lukia/orchestral-intro/Virtual-Playing-Orchestra3-1-wave-files/Virtual-Playing-Orchestra3/libs/Iowa/samples/Trumpet-solo/Trumpet.novib.mf.C5-PB-loop.wav,S,sustain_long,Trumpet,3.99,C:/Users/elagio/vs/lukia/orchestral-intro/VPO3_SATB/S/sustain_long/Trumpet/Trumpet.novib.mf.C5-PB-loop.wav
C:/Users/elagio/vs/lukia/orchestral-intro/Virtual-Playing-Orchestra3-1-wave-files/Virtual-Playing-Orchestra3/libs/Iowa/samples/Trumpet-solo/Trumpet.novib.mf.C6-PB-loop.wav,S,sustain_long,Trumpet,4.18,C:/Users/elagio/vs/lukia/orchestral-intro/VPO3_SATB/S/sustain_long/Trumpet/Trumpet.novib.mf.C6-PB-loop.wav
C:/Users/elagio/vs/lukia/orchestral-intro/Virtual-Playing-Orchestra3-1-wave-files/Virtual-Playing-Orchestra3/libs/Iowa/samples/Trumpet-solo/Trumpet.novib.mf.D#5-PB-loop.wav,S,sustain_long,Trumpet,3.74,C:/Users/elagio/vs/lukia/orchestral-intro/VPO3_SATB/S/sustain_long/Trumpet/Trumpet.novib.mf.D#5-PB-loop.wav
C:/Users/elagio/vs/lukia/orchestral-intro/Virtual-Playing-Orchestra3-1-wave-files/Virtual-Playing-Orchestra3/libs/Iowa/samples/Trumpet-solo/Trumpet.novib.mf.D4-PB-loop.wav,S,sustain_long,Trumpet,3.65,C:/Users/elagio/vs/lukia/orchestral-intro/VPO3_SATB/S/sustain_long/Trumpet/Trumpet.novib.mf.D4-PB-loop.wav
C:/Users/elagio/vs/lukia/orchestral-intro/Virtual-Playing-Orchestra3-1-wave-files/Virtual-Playing-Orchestra3/libs/Iowa/samples/Trumpet-solo/Trumpet.novib.mf.D5-PB-loop.wav,S,sustain_long,Trumpet,3.99,C:/Users/elagio/vs/lukia/orchestral-intro/VPO3_SATB/S/sustain_long/Trumpet/Trumpet.novib.mf.D5-PB-loop.wav
C:/Users/elagio/vs/lukia/orchestral-intro/Virtual-Playing-Orchestra3-1-wave-files/Virtual-Playing-Orchestra3/libs/Iowa/samples/Trumpet-solo/Trumpet.novib.mf.E4-PB-loop.wav,S,sustain_long,Trumpet,3.6,C:/Users/elagio/vs/lukia/orchestral-intro/VPO3_SATB/S/sustain_long/Trumpet/Trumpet.novib.mf.E4-PB-loop.wav
C:/Users/elagio/vs/lukia/orchestral-intro/Virtual-Playing-Orchestra3-1-wave-files/Virtual-Playing-Orchestra3/libs/Iowa/samples/Trumpet-solo/Trumpet.novib.mf.E5-PB-loop.wav,S,sustain_long,Trumpet,3.93,C:/Users/elagio/vs/lukia/orchestral-intro/VPO3_SATB/S/sustain_long/Trumpet/Trumpet.novib.mf.E5-PB-loop.wav
C:/Users/elagio/vs/lukia/orchestral-intro/Virtual-Playing-Orchestra3-1-wave-files/Virtual-Playing-Orchestra3/libs/Iowa/samples/Trumpet-solo/Trumpet.novib.mf.F#4-PB-loop.wav,S,sustain_long,Trumpet,3.72,C:/Users/elagio/vs/lukia/orchestral-intro/VPO3_SATB/S/sustain_long/Trumpet/Trumpet.novib.mf.F#4-PB-loop.wav
C:/Users/elagio/vs/lukia/orchestral-intro/Virtual-Playing-Orchestra3-1-wave-files/Virtual-Playing-Orchestra3/libs/Iowa/samples/Trumpet-solo/Trumpet.novib.mf.F#5-PB-loop.wav,S,sustain_long,Trumpet,3.96,C:/Users/elagio/vs/lukia/orchestral-intro/VPO3_SATB/S/sustain_long/Trumpet/Trumpet.novib.mf.F#5-PB-loop.wav
C:/Users/elagio/vs/lukia/orchestral-intro/Virtual-Playing-Orchestra3-1-wave-files/Virtual-Playing-Orchestra3/libs/Iowa/samples/Trumpet-solo/Trumpet.novib.mf.F4-PB-loop.wav,S,sustain_long,Trumpet,3.52,C:/Users/elagio/vs/lukia/orchestral-intro/VPO3_SATB/S/sustain_long/Trumpet/Trumpet.novib.mf.F4-PB-loop.wav
C:/Users/elagio/vs/lukia/orchestral-intro/Virtual-Playing-Orchestra3-1-wave-files/Virtual-Playing-Orchestra3/libs/Iowa/samples/Trumpet-solo/Trumpet.novib.mf.F5-PB-loop.wav,S,sustain_long,Trumpet,4.17,C:/Users/elagio/vs/lukia/orchestral-intro/VPO3_SATB/S/sustain_long/Trumpet/Trumpet.novib.mf.F5-PB-loop.wav
C:/Users/elagio/vs/lukia/orchestral-intro/Virtual-Playing-Orchestra3-1-wave-files/Virtual-Playing-Orchestra3/libs/Iowa/samples/Trumpet-solo/Trumpet.novib.mf.G#3-PB-loop.wav,S,sustain_long,Trumpet,3.37,C:/Users/elagio/vs/lukia/orchestral-intro/VPO3_SATB/S/sustain_long/Trumpet/Trumpet.novib.mf.G#3-PB-loop.wav
C:/Users/elagio/vs/lukia/orchestral-intro/Virtual-Playing-Orchestra3-1-wave-files/Virtual-Playing-Orchestra3/libs/Iowa/samples/Trumpet-solo/Trumpet.novib.mf.G#4-PB-loop.wav,S,sustain_long,Trumpet,3.4,C:/Users/elagio/vs/lukia/orchestral-intro/VPO3_SATB/S/sustain_long/Trumpet/Trumpet.novib.mf.G#4-PB-loop.wav
C:/Users/elagio/vs/lukia/orchestral-intro/Virtual-Playing-Orchestra3-1-wave-files/Virtual-Playing-Orchestra3/libs/Iowa/samples/Trumpet-solo/Trumpet.novib.mf.G#5-PB-loop.wav,S,sustain_long,Trumpet,3.85,C:/Users/elagio/vs/lukia/orchestral-intro/VPO3_SATB/S/sustain_long/Trumpet/Trumpet.novib.mf.G#5-PB-loop.wav
C:/Users/elagio/vs/lukia/orchestral-intro/Virtual-Playing-Orchestra3-1-wave-files/Virtual-Playing-Orchestra3/libs/Iowa/samples/Trumpet-solo/Trumpet.novib.mf.G4-PB-loop.wav,S,sustain_long,Trumpet,3.7,C:/Users/elagio/vs/lukia/orchestral-intro/VPO3_SATB/S/sustain_long/Trumpet/Trumpet.novib.mf.G4-PB-loop.wav
C:/Users/elagio/vs/lukia/orchestral-intro/Virtual-Playing-Orchestra3-1-wave-files/Virtual-Playing-Orchestra3/libs/Iowa/samples/Trumpet-solo/Trumpet.novib.mf.G5-PB-loop.wav,S,sustain_long,Trumpet,3.8,C:/Users/elagio/vs/lukia/orchestral-intro/VPO3_SATB/S/sustain_long/Trumpet/Trumpet.novib.mf.G5-PB-loop.wav
C:/Users/elagio/vs/lukia/orchestral-intro/Virtual-Playing-Orchestra3-1-wave-files/Virtual-Playing-Orchestra3/libs/Mattias-Westlund/Horns/Samples/horns-sus-ff-a#2-PB-loop.wav,A,sustain,Horn,6.58,C:/Users/elagio/vs/lukia/orchestral-intro/VPO3_SATB/A/sustain/Horn/horns-sus-ff-a#2-PB-loop.wav
C:/Users/elagio/vs/lukia/orchestral-intro/Virtual-Playing-Orchestra3-1-wave-files/Virtual-Playing-Orchestra3/libs/Mattias-Westlund/Horns/Samples/horns-sus-ff-a#3-PB-loop.wav,A,sustain,Horn,5.68,C:/Users/elagio/vs/lukia/orchestral-intro/VPO3_SATB/A/sustain/Horn/horns-sus-ff-a#3-PB-loop.wav
C:/Users/elagio/vs/lukia/orchestral-intro/Virtual-Playing-Orchestra3-1-wave-files/Virtual-Playing-Orchestra3/libs/Mattias-Westlund/Horns/Samples/horns-sus-ff-a#4-PB-loop.wav,A,sustain,Horn,4.77,C:/Users/elagio/vs/lukia/orchestral-intro/VPO3_SATB/A/sustain/Horn/horns-sus-ff-a#4-PB-loop.wav
C:/Users/elagio/vs/lukia/orchestral-intro/Virtual-Playing-Orchestra3-1-wave-files/Virtual-Playing-Orchestra3/libs/Mattias-Westlund/Horns/Samples/horns-sus-ff-c#3-PB-loop.wav,A,sustain,Horn,5.25,C:/Users/elagio/vs/lukia/orchestral-intro/VPO3_SATB/A/sustain/Horn/horns-sus-ff-c#3-PB-loop.wav
C:/Users/elagio/vs/lukia/orchestral-intro/Virtual-Playing-Orchestra3-1-wave-files/Virtual-Playing-Orchestra3/libs/Mattias-Westlund/Horns/Samples/horns-sus-ff-c#4-PB-loop.wav,A,sustain,Horn,4.57,C:/Users/elagio/vs/lukia/orchestral-intro/VPO3_SATB/A/sustain/Horn/horns-sus-ff-c#4-PB-loop.wav
C:/Users/elagio/vs/lukia/orchestral-intro/Virtual-Playing-Orchestra3-1-wave-files/Virtual-Playing-Orchestra3/libs/Mattias-Westlund/Horns/Samples/horns-sus-ff-c#5-PB-loop.wav,A,sustain,Horn,4.16,C:/Users/elagio/vs/lukia/orchestral-intro/VPO3_SATB/A/sustain/Horn/horns-sus-ff-c#5-PB-loop.wav
C:/Users/elagio/vs/lukia/orchestral-intro/Virtual-Playing-Orchestra3-1-wave-files/Virtual-Playing-Orchestra3/libs/Mattias-Westlund/Horns/Samples/horns-sus-ff-e2-PB-loop.wav,A,sustain,Horn,4.44,C:/Users/elagio/vs/lukia/orchestral-intro/VPO3_SATB/A/sustain/Horn/horns-sus-ff-e2-PB-loop.wav
C:/Users/elagio/vs/lukia/orchestral-intro/Virtual-Playing-Orchestra3-1-wave-files/Virtual-Playing-Orchestra3/libs/Mattias-Westlund/Horns/Samples/horns-sus-ff-e3-PB-loop.wav,A,sustain,Horn,5.34,C:/Users/elagio/vs/lukia/orchestral-intro/VPO3_SATB/A/sustain/Horn/horns-sus-ff-e3-PB-loop.wav
C:/Users/elagio/vs/lukia/orchestral-intro/Virtual-Playing-Orchestra3-1-wave-files/Virtual-Playing-Orchestra3/libs/Mattias-Westlund/Horns/Samples/horns-sus-ff-e4-PB-loop.wav,A,sustain,Horn,3.67,C:/Users/elagio/vs/lukia/orchestral-intro/VPO3_SATB/A/sustain/Horn/horns-sus-ff-e4-PB-loop.wav
C:/Users/elagio/vs/lukia/orchestral-intro/Virtual-Playing-Orchestra3-1-wave-files/Virtual-Playing-Orchestra3/libs/Mattias-Westlund/Horns/Samples/horns-sus-ff-e5-PB-loop.wav,A,sustain,Horn,4.48,C:/Users/elagio/vs/lukia/orchestral-intro/VPO3_SATB/A/sustain/Horn/horns-sus-ff-e5-PB-loop.wav
C:/Users/elagio/vs/lukia/orchestral-intro/Virtual-Playing-Orchestra3-1-wave-files/Virtual-Playing-Orchestra3/libs/Mattias-Westlund/Horns/Samples/horns-sus-ff-g2-PB-loop.wav,A,sustain,Horn,5.2,C:/Users/elagio/vs/lukia/orchestral-intro/VPO3_SATB/A/sustain/Horn/horns-sus-ff-g2-PB-loop.wav
C:/Users/elagio/vs/lukia/orchestral-intro/Virtual-Playing-Orchestra3-1-wave-files/Virtual-Playing-Orchestra3/libs/Mattias-Westlund/Horns/Samples/horns-sus-ff-g3-PB-loop.wav,A,sustain,Horn,3.21,C:/Users/elagio/vs/lukia/orchestral-intro/VPO3_SATB/A/sustain/Horn/horns-sus-ff-g3-PB-loop.wav
C:/Users/elagio/vs/lukia/orchestral-intro/Virtual-Playing-Orchestra3-1-wave-files/Virtual-Playing-Orchestra3/libs/Mattias-Westlund/Horns/Samples/horns-sus-ff-g4-PB-loop.wav,A,sustain,Horn,3.32,C:/Users/elagio/vs/lukia/orchestral-intro/VPO3_SATB/A/sustain/Horn/horns-sus-ff-g4-PB-loop.wav
C:/Users/elagio/vs/lukia/orchestral-intro/Virtual-Playing-Orchestra3-1-wave-files/Virtual-Playing-Orchestra3/libs/Mattias-Westlund/Horns/Samples/horns-sus-mp-a#2-PB-loop.wav,A,sustain,Horn,5.37,C:/Users/elagio/vs/lukia/orchestral-intro/VPO3_SATB/A/sustain/Horn/horns-sus-mp-a#2-PB-loop.wav
C:/Users/elagio/vs/lukia/orchestral-intro/Virtual-Playing-Orchestra3-1-wave-files/Virtual-Playing-Orchestra3/libs/Mattias-Westlund/Horns/Samples/horns-sus-mp-a#3-PB-loop.wav,A,sustain,Horn,5.49,C:/Users/elagio/vs/lukia/orchestral-intro/VPO3_SATB/A/sustain/Horn/horns-sus-mp-a#3-PB-loop.wav
C:/Users/elagio/vs/lukia/orchestral-intro/Virtual-Playing-Orchestra3-1-wave-files/Virtual-Playing-Orchestra3/libs/Mattias-Westlund/Horns/Samples/horns-sus-mp-a#4-PB-loop.wav,A,sustain,Horn,5.87,C:/Users/elagio/vs/lukia/orchestral-intro/VPO3_SATB/A/sustain/Horn/horns-sus-mp-a#4-PB-loop.wav
C:/Users/elagio/vs/lukia/orchestral-intro/Virtual-Playing-Orchestra3-1-wave-files/Virtual-Playing-Orchestra3/libs/Mattias-Westlund/Horns/Samples/horns-sus-mp-c#3-PB-loop.wav,A,sustain,Horn,4.95,C:/Users/elagio/vs/lukia/orchestral-intro/VPO3_SATB/A/sustain/Horn/horns-sus-mp-c#3-PB-loop.wav
C:/Users/elagio/vs/lukia/orchestral-intro/Virtual-Playing-Orchestra3-1-wave-files/Virtual-Playing-Orchestra3/libs/Mattias-Westlund/Horns/Samples/horns-sus-mp-c#4-PB-loop.wav,A,sustain,Horn,4.49,C:/Users/elagio/vs/lukia/orchestral-intro/VPO3_SATB/A/sustain/Horn/horns-sus-mp-c#4-PB-loop.wav
C:/Users/elagio/vs/lukia/orchestral-intro/Virtual-Playing-Orchestra3-1-wave-files/Virtual-Playing-Orchestra3/libs/Mattias-Westlund/Horns/Samples/horns-sus-mp-c#5-PB-loop.wav,A,sustain,Horn,3.61,C:/Users/elagio/vs/lukia/orchestral-intro/VPO3_SATB/A/sustain/Horn/horns-sus-mp-c#5-PB-loop.wav
C:/Users/elagio/vs/lukia/orchestral-intro/Virtual-Playing-Orchestra3-1-wave-files/Virtual-Playing-Orchestra3/libs/Mattias-Westlund/Horns/Samples/horns-sus-mp-e2-PB-loop.wav,A,sustain,Horn,7.94,C:/Users/elagio/vs/lukia/orchestral-intro/VPO3_SATB/A/sustain/Horn/horns-sus-mp-e2-PB-loop.wav
C:/Users/elagio/vs/lukia/orchestral-intro/Virtual-Playing-Orchestra3-1-wave-files/Virtual-Playing-Orchestra3/libs/Mattias-Westlund/Horns/Samples/horns-sus-mp-e3-PB-loop.wav,A,sustain,Horn,4.15,C:/Users/elagio/vs/lukia/orchestral-intro/VPO3_SATB/A/sustain/Horn/horns-sus-mp-e3-PB-loop.wav
C:/Users/elagio/vs/lukia/orchestral-intro/Virtual-Playing-Orchestra3-1-wave-files/Virtual-Playing-Orchestra3/libs/Mattias-Westlund/Horns/Samples/horns-sus-mp-e4-PB-loop.wav,A,sustain,Horn,4.66,C:/Users/elagio/vs/lukia/orchestral-intro/VPO3_SATB/A/sustain/Horn/horns-sus-mp-e4-PB-loop.wav
C:/Users/elagio/vs/lukia/orchestral-intro/Virtual-Playing-Orchestra3-1-wave-files/Virtual-Playing-Orchestra3/libs/Mattias-Westlund/Horns/Samples/horns-sus-mp-e5-PB-loop.wav,A,sustain,Horn,3.32,C:/Users/elagio/vs/lukia/orchestral-intro/VPO3_SATB/A/sustain/Horn/horns-sus-mp-e5-PB-loop.wav
C:/Users/elagio/vs/lukia/orchestral-intro/Virtual-Playing-Orchestra3-1-wave-files/Virtual-Playing-Orchestra3/libs/Mattias-Westlund/Horns/Samples/horns-sus-mp-g2-PB-loop.wav,A,sustain,Horn,4.21,C:/Users/elagio/vs/lukia/orchestral-intro/VPO3_SATB/A/sustain/Horn/horns-sus-mp-g2-PB-loop.wav
C:/Users/elagio/vs/lukia/orchestral-intro/Virtual-Playing-Orchestra3-1-wave-files/Virtual-Playing-Orchestra3/libs/Mattias-Westlund/Horns/Samples/horns-sus-mp-g3-PB-loop.wav,A,sustain,Horn,4.92,C:/Users/elagio/vs/lukia/orchestral-intro/VPO3_SATB/A/sustain/Horn/horns-sus-mp-g3-PB-loop.wav
C:/Users/elagio/vs/lukia/orchestral-intro/Virtual-Playing-Orchestra3-1-wave-files/Virtual-Playing-Orchestra3/libs/Mattias-Westlund/Horns/Samples/horns-sus-mp-g4-PB-loop.wav,A,sustain,Horn,3.04,C:/Users/elagio/vs/lukia/orchestral-intro/VPO3_SATB/A/sustain/Horn/horns-sus-mp-g4-PB-loop.wav
C:/Users/elagio/vs/lukia/orchestral-intro/Virtual-Playing-Orchestra3-1-wave-files/Virtual-Playing-Orchestra3/libs/NoBudgetOrch/BassoonSect/Sustain/1_Bb.wav,T,sustain,Bassoon,2.88,C:/Users/elagio/vs/lukia/orchestral-intro/VPO3_SATB/T/sustain/Bassoon/1_Bb.wav
C:/Users/elagio/vs/lukia/orchestral-intro/Virtual-Playing-Orchestra3-1-wave-files/Virtual-Playing-Orchestra3/libs/NoBudgetOrch/BassoonSect/Sustain/2_Ab.wav,T,sustain,Bassoon,3.55,C:/Users/elagio/vs/lukia/orchestral-intro/VPO3_SATB/T/sustain/Bassoon/2_Ab.wav
C:/Users/elagio/vs/lukia/orchestral-intro/Virtual-Playing-Orchestra3-1-wave-files/Virtual-Playing-Orchestra3/libs/NoBudgetOrch/BassoonSect/Sustain/2_D.wav,T,sustain,Bassoon,2.41,C:/Users/elagio/vs/lukia/orchestral-intro/VPO3_SATB/T/sustain/Bassoon/2_D.wav
C:/Users/elagio/vs/lukia/orchestral-intro/Virtual-Playing-Orchestra3-1-wave-files/Virtual-Playing-Orchestra3/libs/NoBudgetOrch/BassoonSect/Sustain/2_F.wav,T,sustain,Bassoon,3.65,C:/Users/elagio/vs/lukia/orchestral-intro/VPO3_SATB/T/sustain/Bassoon/2_F.wav
C:/Users/elagio/vs/lukia/orchestral-intro/Virtual-Playing-Orchestra3-1-wave-files/Virtual-Playing-Orchestra3/libs/NoBudgetOrch/BassoonSect/Sustain/3_A.wav,T,sustain,Bassoon,1.97,C:/Users/elagio/vs/lukia/orchestral-intro/VPO3_SATB/T/sustain/Bassoon/3_A.wav
C:/Users/elagio/vs/lukia/orchestral-intro/Virtual-Playing-Orchestra3-1-wave-files/Virtual-Playing-Orchestra3/libs/NoBudgetOrch/BassoonSect/Sustain/3_C.wav,T,sustain,Bassoon,3.84,C:/Users/elagio/vs/lukia/orchestral-intro/VPO3_SATB/T/sustain/Bassoon/3_C.wav
C:/Users/elagio/vs/lukia/orchestral-intro/Virtual-Playing-Orchestra3-1-wave-files/Virtual-Playing-Orchestra3/libs/NoBudgetOrch/BassoonSect/Sustain/3_Gb.wav,T,sustain,Bassoon,2.37,C:/Users/elagio/vs/lukia/orchestral-intro/VPO3_SATB/T/sustain/Bassoon/3_Gb.wav
C:/Users/elagio/vs/lukia/orchestral-intro/Virtual-Playing-Orchestra3-1-wave-files/Virtual-Playing-Orchestra3/libs/NoBudgetOrch/BassoonSect/Sustain/4_A.wav,T,sustain,Bassoon,2.5,C:/Users/elagio/vs/lukia/orchestral-intro/VPO3_SATB/T/sustain/Bassoon/4_A.wav
C:/Users/elagio/vs/lukia/orchestral-intro/Virtual-Playing-Orchestra3-1-wave-files/Virtual-Playing-Orchestra3/libs/NoBudgetOrch/BassoonSect/Sustain/4_C.wav,T,sustain,Bassoon,2.66,C:/Users/elagio/vs/lukia/orchestral-intro/VPO3_SATB/T/sustain/Bassoon/4_C.wav
C:/Users/elagio/vs/lukia/orchestral-intro/Virtual-Playing-Orchestra3-1-wave-files/Virtual-Playing-Orchestra3/libs/NoBudgetOrch/BassoonSect/Sustain/4_Eb.wav,T,sustain,Bassoon,3.14,C:/Users/elagio/vs/lukia/orchestral-intro/VPO3_SATB/T/sustain/Bassoon/4_Eb.wav
C:/Users/elagio/vs/lukia/orchestral-intro/Virtual-Playing-Orchestra3-1-wave-files/Virtual-Playing-Orchestra3/libs/NoBudgetOrch/BassoonSect/Sustain/5_Db.wav,T,sustain,Bassoon,2.8,C:/Users/elagio/vs/lukia/orchestral-intro/VPO3_SATB/T/sustain/Bassoon/5_Db.wav
C:/Users/elagio/vs/lukia/orchestral-intro/Virtual-Playing-Orchestra3-1-wave-files/Virtual-Playing-Orchestra3/libs/NoBudgetOrch/CelloSect/Sustain/2_Bb-PB-loop.wav,T,sustain,Cello Section,3.72,C:/Users/elagio/vs/lukia/orchestral-intro/VPO3_SATB/T/sustain/Cello Section/2_Bb-PB-loop.wav
C:/Users/elagio/vs/lukia/orchestral-intro/Virtual-Playing-Orchestra3-1-wave-files/Virtual-Playing-Orchestra3/libs/NoBudgetOrch/CelloSect/Sustain/2_Db-PB-loop.wav,T,sustain,Cello Section,5.15,C:/Users/elagio/vs/lukia/orchestral-intro/VPO3_SATB/T/sustain/Cello Section/2_Db-PB-loop.wav
C:/Users/elagio/vs/lukia/orchestral-intro/Virtual-Playing-Orchestra3-1-wave-files/Virtual-Playing-Orchestra3/libs/NoBudgetOrch/CelloSect/Sustain/2_E-PB-loop.wav,T,sustain,Cello Section,5.31,C:/Users/elagio/vs/lukia/orchestral-intro/VPO3_SATB/T/sustain/Cello Section/2_E-PB-loop.wav
C:/Users/elagio/vs/lukia/orchestral-intro/Virtual-Playing-Orchestra3-1-wave-files/Virtual-Playing-Orchestra3/libs/NoBudgetOrch/CelloSect/Sustain/2_G-PB-loop.wav,T,sustain,Cello Section,4.82,C:/Users/elagio/vs/lukia/orchestral-intro/VPO3_SATB/T/sustain/Cello Section/2_G-PB-loop.wav
C:/Users/elagio/vs/lukia/orchestral-intro/Virtual-Playing-Orchestra3-1-wave-files/Virtual-Playing-Orchestra3/libs/NoBudgetOrch/CelloSect/Sustain/3_Bb-PB-loop.wav,T,sustain,Cello Section,5.02,C:/Users/elagio/vs/lukia/orchestral-intro/VPO3_SATB/T/sustain/Cello Section/3_Bb-PB-loop.wav
C:/Users/elagio/vs/lukia/orchestral-intro/Virtual-Playing-Orchestra3-1-wave-files/Virtual-Playing-Orchestra3/libs/NoBudgetOrch/CelloSect/Sustain/3_Db-PB-loop.wav,T,sustain,Cello Section,3.67,C:/Users/elagio/vs/lukia/orchestral-intro/VPO3_SATB/T/sustain/Cello Section/3_Db-PB-loop.wav
C:/Users/elagio/vs/lukia/orchestral-intro/Virtual-Playing-Orchestra3-1-wave-files/Virtual-Playing-Orchestra3/libs/NoBudgetOrch/CelloSect/Sustain/3_E-PB-loop.wav,T,sustain,Cello Section,3.63,C:/Users/elagio/vs/lukia/orchestral-intro/VPO3_SATB/T/sustain/Cello Section/3_E-PB-loop.wav
C:/Users/elagio/vs/lukia/orchestral-intro/Virtual-Playing-Orchestra3-1-wave-files/Virtual-Playing-Orchestra3/libs/NoBudgetOrch/CelloSect/Sustain/4_Bb.wav,T,sustain,Cello Section,4.61,C:/Users/elagio/vs/lukia/orchestral-intro/VPO3_SATB/T/sustain/Cello Section/4_Bb.wav
C:/Users/elagio/vs/lukia/orchestral-intro/Virtual-Playing-Orchestra3-1-wave-files/Virtual-Playing-Orchestra3/libs/NoBudgetOrch/CelloSect/Sustain/4_Db-PB-loop.wav,T,sustain,Cello Section,3.67,C:/Users/elagio/vs/lukia/orchestral-intro/VPO3_SATB/T/sustain/Cello Section/4_Db-PB-loop.wav
C:/Users/elagio/vs/lukia/orchestral-intro/Virtual-Playing-Orchestra3-1-wave-files/Virtual-Playing-Orchestra3/libs/NoBudgetOrch/CelloSect/Sustain/4_E-PB-loop.wav,T,sustain,Cello Section,3.41,C:/Users/elagio/vs/lukia/orchestral-intro/VPO3_SATB/T/sustain/Cello Section/4_E-PB-loop.wav
C:/Users/elagio/vs/lukia/orchestral-intro/Virtual-Playing-Orchestra3-1-wave-files/Virtual-Playing-Orchestra3/libs/NoBudgetOrch/CelloSect/Sustain/4_G.wav,T,sustain,Cello Section,3.35,C:/Users/elagio/vs/lukia/orchestral-intro/VPO3_SATB/T/sustain/Cello Section/4_G.wav
C:/Users/elagio/vs/lukia/orchestral-intro/Virtual-Playing-Orchestra3-1-wave-files/Virtual-Playing-Orchestra3/libs/NoBudgetOrch/CelloSect/Sustain/5_E.wav,T,sustain,Cello Section,4.16,C:/Users/elagio/vs/lukia/orchestral-intro/VPO3_SATB/T/sustain/Cello Section/5_E.wav
C:/Users/elagio/vs/lukia/orchestral-intro/Virtual-Playing-Orchestra3-1-wave-files/Virtual-Playing-Orchestra3/libs/NoBudgetOrch/ClarinetSect/Sustain/3_Bb.wav,A,sustain,Clarinet,4.03,C:/Users/elagio/vs/lukia/orchestral-intro/VPO3_SATB/A/sustain/Clarinet/3_Bb.wav
C:/Users/elagio/vs/lukia/orchestral-intro/Virtual-Playing-Orchestra3-1-wave-files/Virtual-Playing-Orchestra3/libs/NoBudgetOrch/ClarinetSect/Sustain/3_D.wav,A,sustain,Clarinet,4.6,C:/Users/elagio/vs/lukia/orchestral-intro/VPO3_SATB/A/sustain/Clarinet/3_D.wav
C:/Users/elagio/vs/lukia/orchestral-intro/Virtual-Playing-Orchestra3-1-wave-files/Virtual-Playing-Orchestra3/libs/NoBudgetOrch/ClarinetSect/Sustain/3_Gb.wav,A,sustain,Clarinet,4.5,C:/Users/elagio/vs/lukia/orchestral-intro/VPO3_SATB/A/sustain/Clarinet/3_Gb.wav
C:/Users/elagio/vs/lukia/orchestral-intro/Virtual-Playing-Orchestra3-1-wave-files/Virtual-Playing-Orchestra3/libs/NoBudgetOrch/ClarinetSect/Sustain/4_Bb.wav,A,sustain,Clarinet,4.11,C:/Users/elagio/vs/lukia/orchestral-intro/VPO3_SATB/A/sustain/Clarinet/4_Bb.wav
C:/Users/elagio/vs/lukia/orchestral-intro/Virtual-Playing-Orchestra3-1-wave-files/Virtual-Playing-Orchestra3/libs/NoBudgetOrch/ClarinetSect/Sustain/4_D.wav,A,sustain,Clarinet,4.54,C:/Users/elagio/vs/lukia/orchestral-intro/VPO3_SATB/A/sustain/Clarinet/4_D.wav
C:/Users/elagio/vs/lukia/orchestral-intro/Virtual-Playing-Orchestra3-1-wave-files/Virtual-Playing-Orchestra3/libs/NoBudgetOrch/ClarinetSect/Sustain/4_Gb.wav,A,sustain,Clarinet,4.41,C:/Users/elagio/vs/lukia/orchestral-intro/VPO3_SATB/A/sustain/Clarinet/4_Gb.wav
C:/Users/elagio/vs/lukia/orchestral-intro/Virtual-Playing-Orchestra3-1-wave-files/Virtual-Playing-Orchestra3/libs/NoBudgetOrch/ClarinetSect/Sustain/5_Bb.wav,A,sustain,Clarinet,4.08,C:/Users/elagio/vs/lukia/orchestral-intro/VPO3_SATB/A/sustain/Clarinet/5_Bb.wav
C:/Users/elagio/vs/lukia/orchestral-intro/Virtual-Playing-Orchestra3-1-wave-files/Virtual-Playing-Orchestra3/libs/NoBudgetOrch/ClarinetSect/Sustain/5_D.wav,A,sustain,Clarinet,3.83,C:/Users/elagio/vs/lukia/orchestral-intro/VPO3_SATB/A/sustain/Clarinet/5_D.wav
C:/Users/elagio/vs/lukia/orchestral-intro/Virtual-Playing-Orchestra3-1-wave-files/Virtual-Playing-Orchestra3/libs/NoBudgetOrch/ClarinetSect/Sustain/5_Gb.wav,A,sustain,Clarinet,3.64,C:/Users/elagio/vs/lukia/orchestral-intro/VPO3_SATB/A/sustain/Clarinet/5_Gb.wav
C:/Users/elagio/vs/lukia/orchestral-intro/Virtual-Playing-Orchestra3-1-wave-files/Virtual-Playing-Orchestra3/libs/NoBudgetOrch/ClarinetSect/Sustain/6_D.wav,A,sustain,Clarinet,3.74,C:/Users/elagio/vs/lukia/orchestral-intro/VPO3_SATB/A/sustain/Clarinet/6_D.wav
C:/Users/elagio/vs/lukia/orchestral-intro/Virtual-Playing-Orchestra3-1-wave-files/Virtual-Playing-Orchestra3/libs/NoBudgetOrch/ClarinetSect/Sustain/6_Gb.wav,A,sustain,Clarinet,3.92,C:/Users/elagio/vs/lukia/orchestral-intro/VPO3_SATB/A/sustain/Clarinet/6_Gb.wav
C:/Users/elagio/vs/lukia/orchestral-intro/Virtual-Playing-Orchestra3-1-wave-files/Virtual-Playing-Orchestra3/libs/NoBudgetOrch/SoloCello/Pizzicato/2_A-PB.wav,T,pizzicato,Solo Cello,3.18,C:/Users/elagio/vs/lukia/orchestral-intro/VPO3_SATB/T/pizzicato/Solo Cello/2_A-PB.wav
C:/Users/elagio/vs/lukia/orchestral-intro/Virtual-Playing-Orchestra3-1-wave-files/Virtual-Playing-Orchestra3/libs/NoBudgetOrch/SoloCello/Pizzicato/2_B-PB.wav,T,pizzicato,Solo Cello,2.8,C:/Users/elagio/vs/lukia/orchestral-intro/VPO3_SATB/T/pizzicato/Solo Cello/2_B-PB.wav
C:/Users/elagio/vs/lukia/orchestral-intro/Virtual-Playing-Orchestra3-1-wave-files/Virtual-Playing-Orchestra3/libs/NoBudgetOrch/SoloCello/Pizzicato/2_C-PB.wav,T,pizzicato,Solo Cello,5.94,C:/Users/elagio/vs/lukia/orchestral-intro/VPO3_SATB/T/pizzicato/Solo Cello/2_C-PB.wav
C:/Users/elagio/vs/lukia/orchestral-intro/Virtual-Playing-Orchestra3-1-wave-files/Virtual-Playing-Orchestra3/libs/NoBudgetOrch/SoloCello/Pizzicato/2_D-PB.wav,T,pizzicato,Solo Cello,2.25,C:/Users/elagio/vs/lukia/orchestral-intro/VPO3_SATB/T/pizzicato/Solo Cello/2_D-PB.wav
C:/Users/elagio/vs/lukia/orchestral-intro/Virtual-Playing-Orchestra3-1-wave-files/Virtual-Playing-Orchestra3/libs/NoBudgetOrch/SoloCello/Pizzicato/2_E-PB.wav,T,pizzicato,Solo Cello,3.7,C:/Users/elagio/vs/lukia/orchestral-intro/VPO3_SATB/T/pizzicato/Solo Cello/2_E-PB.wav
C:/Users/elagio/vs/lukia/orchestral-intro/Virtual-Playing-Orchestra3-1-wave-files/Virtual-Playing-Orchestra3/libs/NoBudgetOrch/SoloCello/Pizzicato/2_F-PB.wav,T,pizzicato,Solo Cello,3.18,C:/Users/elagio/vs/lukia/orchestral-intro/VPO3_SATB/T/pizzicato/Solo Cello/2_F-PB.wav
C:/Users/elagio/vs/lukia/orchestral-intro/Virtual-Playing-Orchestra3-1-wave-files/Virtual-Playing-Orchestra3/libs/NoBudgetOrch/SoloCello/Pizzicato/2_G-PB.wav,T,pizzicato,Solo Cello,5.41,C:/Users/elagio/vs/lukia/orchestral-intro/VPO3_SATB/T/pizzicato/Solo Cello/2_G-PB.wav
C:/Users/elagio/vs/lukia/orchestral-intro/Virtual-Playing-Orchestra3-1-wave-files/Virtual-Playing-Orchestra3/libs/NoBudgetOrch/SoloCello/Pizzicato/3_A-PB.wav,T,pizzicato,Solo Cello,6.05,C:/Users/elagio/vs/lukia/orchestral-intro/VPO3_SATB/T/pizzicato/Solo Cello/3_A-PB.wav
C:/Users/elagio/vs/lukia/orchestral-intro/Virtual-Playing-Orchestra3-1-wave-files/Virtual-Playing-Orchestra3/libs/NoBudgetOrch/SoloCello/Pizzicato/3_B-PB.wav,T,pizzicato,Solo Cello,2.41,C:/Users/elagio/vs/lukia/orchestral-intro/VPO3_SATB/T/pizzicato/Solo Cello/3_B-PB.wav
C:/Users/elagio/vs/lukia/orchestral-intro/Virtual-Playing-Orchestra3-1-wave-files/Virtual-Playing-Orchestra3/libs/NoBudgetOrch/SoloCello/Pizzicato/3_C-PB.wav,T,pizzicato,Solo Cello,3.77,C:/Users/elagio/vs/lukia/orchestral-intro/VPO3_SATB/T/pizzicato/Solo Cello/3_C-PB.wav
C:/Users/elagio/vs/lukia/orchestral-intro/Virtual-Playing-Orchestra3-1-wave-files/Virtual-Playing-Orchestra3/libs/NoBudgetOrch/SoloCello/Pizzicato/3_D-PB.wav,T,pizzicato,Solo Cello,4.41,C:/Users/elagio/vs/lukia/orchestral-intro/VPO3_SATB/T/pizzicato/Solo Cello/3_D-PB.wav
C:/Users/elagio/vs/lukia/orchestral-intro/Virtual-Playing-Orchestra3-1-wave-files/Virtual-Playing-Orchestra3/libs/NoBudgetOrch/SoloCello/Pizzicato/3_E-PB.wav,T,pizzicato,Solo Cello,2.52,C:/Users/elagio/vs/lukia/orchestral-intro/VPO3_SATB/T/pizzicato/Solo Cello/3_E-PB.wav
C:/Users/elagio/vs/lukia/orchestral-intro/Virtual-Playing-Orchestra3-1-wave-files/Virtual-Playing-Orchestra3/libs/NoBudgetOrch/SoloCello/Pizzicato/3_F-PB.wav,T,pizzicato,Solo Cello,2.33,C:/Users/elagio/vs/lukia/orchestral-intro/VPO3_SATB/T/pizzicato/Solo Cello/3_F-PB.wav
C:/Users/elagio/vs/lukia/orchestral-intro/Virtual-Playing-Orchestra3-1-wave-files/Virtual-Playing-Orchestra3/libs/NoBudgetOrch/SoloCello/Pizzicato/3_G-PB.wav,T,pizzicato,Solo Cello,2.15,C:/Users/elagio/vs/lukia/orchestral-intro/VPO3_SATB/T/pizzicato/Solo Cello/3_G-PB.wav
C:/Users/elagio/vs/lukia/orchestral-intro/Virtual-Playing-Orchestra3-1-wave-files/Virtual-Playing-Orchestra3/libs/NoBudgetOrch/SoloCello/Pizzicato/4_A-PB.wav,T,pizzicato,Solo Cello,2.3,C:/Users/elagio/vs/lukia/orchestral-intro/VPO3_SATB/T/pizzicato/Solo Cello/4_A-PB.wav
C:/Users/elagio/vs/lukia/orchestral-intro/Virtual-Playing-Orchestra3-1-wave-files/Virtual-Playing-Orchestra3/libs/NoBudgetOrch/SoloCello/Pizzicato/4_B-PB.wav,T,pizzicato,Solo Cello,1.57,C:/Users/elagio/vs/lukia/orchestral-intro/VPO3_SATB/T/pizzicato/Solo Cello/4_B-PB.wav
C:/Users/elagio/vs/lukia/orchestral-intro/Virtual-Playing-Orchestra3-1-wave-files/Virtual-Playing-Orchestra3/libs/NoBudgetOrch/SoloCello/Pizzicato/4_C-PB.wav,T,pizzicato,Solo Cello,2.14,C:/Users/elagio/vs/lukia/orchestral-intro/VPO3_SATB/T/pizzicato/Solo Cello/4_C-PB.wav
C:/Users/elagio/vs/lukia/orchestral-intro/Virtual-Playing-Orchestra3-1-wave-files/Virtual-Playing-Orchestra3/libs/NoBudgetOrch/SoloCello/Pizzicato/4_D-PB.wav,T,pizzicato,Solo Cello,2.05,C:/Users/elagio/vs/lukia/orchestral-intro/VPO3_SATB/T/pizzicato/Solo Cello/4_D-PB.wav
C:/Users/elagio/vs/lukia/orchestral-intro/Virtual-Playing-Orchestra3-1-wave-files/Virtual-Playing-Orchestra3/libs/NoBudgetOrch/SoloCello/Pizzicato/4_E-PB.wav,T,pizzicato,Solo Cello,1.45,C:/Users/elagio/vs/lukia/orchestral-intro/VPO3_SATB/T/pizzicato/Solo Cello/4_E-PB.wav
C:/Users/elagio/vs/lukia/orchestral-intro/Virtual-Playing-Orchestra3-1-wave-files/Virtual-Playing-Orchestra3/libs/NoBudgetOrch/SoloCello/Pizzicato/4_F-PB.wav,T,pizzicato,Solo Cello,1.89,C:/Users/elagio/vs/lukia/orchestral-intro/VPO3_SATB/T/pizzicato/Solo Cello/4_F-PB.wav
C:/Users/elagio/vs/lukia/orchestral-intro/Virtual-Playing-Orchestra3-1-wave-files/Virtual-Playing-Orchestra3/libs/NoBudgetOrch/SoloCello/Pizzicato/4_G-PB.wav,T,pizzicato,Solo Cello,1.4,C:/Users/elagio/vs/lukia/orchestral-intro/VPO3_SATB/T/pizzicato/Solo Cello/4_G-PB.wav
C:/Users/elagio/vs/lukia/orchestral-intro/Virtual-Playing-Orchestra3-1-wave-files/Virtual-Playing-Orchestra3/libs/NoBudgetOrch/SoloCello/Pizzicato/5_C-PB.wav,T,pizzicato,Solo Cello,1.23,C:/Users/elagio/vs/lukia/orchestral-intro/VPO3_SATB/T/pizzicato/Solo Cello/5_C-PB.wav
C:/Users/elagio/vs/lukia/orchestral-intro/Virtual-Playing-Orchestra3-1-wave-files/Virtual-Playing-Orchestra3/libs/NoBudgetOrch/SoloCello/Vibrato/2_A-PB-loop.wav,T,sustain,Solo Cello,3.24,C:/Users/elagio/vs/lukia/orchestral-intro/VPO3_SATB/T/sustain/Solo Cello/2_A-PB-loop.wav
C:/Users/elagio/vs/lukia/orchestral-intro/Virtual-Playing-Orchestra3-1-wave-files/Virtual-Playing-Orchestra3/libs/NoBudgetOrch/SoloCello/Vibrato/2_D-PB.wav,T,sustain,Solo Cello,4.99,C:/Users/elagio/vs/lukia/orchestral-intro/VPO3_SATB/T/sustain/Solo Cello/2_D-PB.wav
C:/Users/elagio/vs/lukia/orchestral-intro/Virtual-Playing-Orchestra3-1-wave-files/Virtual-Playing-Orchestra3/libs/NoBudgetOrch/SoloCello/Vibrato/2_Gb-PB-loop.wav,T,sustain,Solo Cello,3.52,C:/Users/elagio/vs/lukia/orchestral-intro/VPO3_SATB/T/sustain/Solo Cello/2_Gb-PB-loop.wav
C:/Users/elagio/vs/lukia/orchestral-intro/Virtual-Playing-Orchestra3-1-wave-files/Virtual-Playing-Orchestra3/libs/NoBudgetOrch/SoloCello/Vibrato/3_A-PB-loop.wav,T,sustain,Solo Cello,3.42,C:/Users/elagio/vs/lukia/orchestral-intro/VPO3_SATB/T/sustain/Solo Cello/3_A-PB-loop.wav
C:/Users/elagio/vs/lukia/orchestral-intro/Virtual-Playing-Orchestra3-1-wave-files/Virtual-Playing-Orchestra3/libs/NoBudgetOrch/SoloCello/Vibrato/3_Db-PB-loop.wav,T,sustain,Solo Cello,2.49,C:/Users/elagio/vs/lukia/orchestral-intro/VPO3_SATB/T/sustain/Solo Cello/3_Db-PB-loop.wav
C:/Users/elagio/vs/lukia/orchestral-intro/Virtual-Playing-Orchestra3-1-wave-files/Virtual-Playing-Orchestra3/libs/NoBudgetOrch/SoloCello/Vibrato/3_F-PB-loop.wav,T,sustain,Solo Cello,4.21,C:/Users/elagio/vs/lukia/orchestral-intro/VPO3_SATB/T/sustain/Solo Cello/3_F-PB-loop.wav
C:/Users/elagio/vs/lukia/orchestral-intro/Virtual-Playing-Orchestra3-1-wave-files/Virtual-Playing-Orchestra3/libs/NoBudgetOrch/SoloCello/Vibrato/4_Bb-PB.wav,T,sustain,Solo Cello,4.48,C:/Users/elagio/vs/lukia/orchestral-intro/VPO3_SATB/T/sustain/Solo Cello/4_Bb-PB.wav
C:/Users/elagio/vs/lukia/orchestral-intro/Virtual-Playing-Orchestra3-1-wave-files/Virtual-Playing-Orchestra3/libs/NoBudgetOrch/SoloCello/Vibrato/4_C-PB-loop.wav,T,sustain,Solo Cello,5.24,C:/Users/elagio/vs/lukia/orchestral-intro/VPO3_SATB/T/sustain/Solo Cello/4_C-PB-loop.wav
C:/Users/elagio/vs/lukia/orchestral-intro/Virtual-Playing-Orchestra3-1-wave-files/Virtual-Playing-Orchestra3/libs/NoBudgetOrch/SoloCello/Vibrato/4_Eb-PB-loop.wav,T,sustain,Solo Cello,7.26,C:/Users/elagio/vs/lukia/orchestral-intro/VPO3_SATB/T/sustain/Solo Cello/4_Eb-PB-loop.wav
C:/Users/elagio/vs/lukia/orchestral-intro/Virtual-Playing-Orchestra3-1-wave-files/Virtual-Playing-Orchestra3/libs/NoBudgetOrch/SoloCello/Vibrato/4_G-PB.wav,T,sustain,Solo Cello,3.33,C:/Users/elagio/vs/lukia/orchestral-intro/VPO3_SATB/T/sustain/Solo Cello/4_G-PB.wav
C:/Users/elagio/vs/lukia/orchestral-intro/Virtual-Playing-Orchestra3-1-wave-files/Virtual-Playing-Orchestra3/libs/NoBudgetOrch/SoloClarinet/Sustain/3_A_f-PB.wav,A,sustain,Sustain,3.82,C:/Users/elagio/vs/lukia/orchestral-intro/VPO3_SATB/A/sustain/Sustain/3_A_f-PB.wav
C:/Users/elagio/vs/lukia/orchestral-intro/Virtual-Playing-Orchestra3-1-wave-files/Virtual-Playing-Orchestra3/libs/NoBudgetOrch/SoloClarinet/Sustain/3_A_mf-PB-loop.wav,A,sustain,Sustain,4.0,C:/Users/elagio/vs/lukia/orchestral-intro/VPO3_SATB/A/sustain/Sustain/3_A_mf-PB-loop.wav
C:/Users/elagio/vs/lukia/orchestral-intro/Virtual-Playing-Orchestra3-1-wave-files/Virtual-Playing-Orchestra3/libs/NoBudgetOrch/SoloClarinet/Sustain/3_B_f-PB.wav,A,sustain,Sustain,4.82,C:/Users/elagio/vs/lukia/orchestral-intro/VPO3_SATB/A/sustain/Sustain/3_B_f-PB.wav
C:/Users/elagio/vs/lukia/orchestral-intro/Virtual-Playing-Orchestra3-1-wave-files/Virtual-Playing-Orchestra3/libs/NoBudgetOrch/SoloClarinet/Sustain/3_B_mf-PB-loop.wav,A,sustain,Sustain,3.98,C:/Users/elagio/vs/lukia/orchestral-intro/VPO3_SATB/A/sustain/Sustain/3_B_mf-PB-loop.wav
C:/Users/elagio/vs/lukia/orchestral-intro/Virtual-Playing-Orchestra3-1-wave-files/Virtual-Playing-Orchestra3/libs/NoBudgetOrch/SoloClarinet/Sustain/3_F_f-PB.wav,A,sustain,Sustain,4.68,C:/Users/elagio/vs/lukia/orchestral-intro/VPO3_SATB/A/sustain/Sustain/3_F_f-PB.wav
C:/Users/elagio/vs/lukia/orchestral-intro/Virtual-Playing-Orchestra3-1-wave-files/Virtual-Playing-Orchestra3/libs/NoBudgetOrch/SoloClarinet/Sustain/3_F_mf-PB.wav,A,sustain,Sustain,3.69,C:/Users/elagio/vs/lukia/orchestral-intro/VPO3_SATB/A/sustain/Sustain/3_F_mf-PB.wav
C:/Users/elagio/vs/lukia/orchestral-intro/Virtual-Playing-Orchestra3-1-wave-files/Virtual-Playing-Orchestra3/libs/NoBudgetOrch/SoloClarinet/Sustain/3_G_f-PB.wav,A,sustain,Sustain,2.67,C:/Users/elagio/vs/lukia/orchestral-intro/VPO3_SATB/A/sustain/Sustain/3_G_f-PB.wav
C:/Users/elagio/vs/lukia/orchestral-intro/Virtual-Playing-Orchestra3-1-wave-files/Virtual-Playing-Orchestra3/libs/NoBudgetOrch/SoloClarinet/Sustain/3_G_mf-PB.wav,A,sustain,Sustain,3.4,C:/Users/elagio/vs/lukia/orchestral-intro/VPO3_SATB/A/sustain/Sustain/3_G_mf-PB.wav
C:/Users/elagio/vs/lukia/orchestral-intro/Virtual-Playing-Orchestra3-1-wave-files/Virtual-Playing-Orchestra3/libs/NoBudgetOrch/SoloClarinet/Sustain/4_A_f-PB-loop.wav,A,sustain,Sustain,5.64,C:/Users/elagio/vs/lukia/orchestral-intro/VPO3_SATB/A/sustain/Sustain/4_A_f-PB-loop.wav
C:/Users/elagio/vs/lukia/orchestral-intro/Virtual-Playing-Orchestra3-1-wave-files/Virtual-Playing-Orchestra3/libs/NoBudgetOrch/SoloClarinet/Sustain/4_A_mf-PB.wav,A,sustain,Sustain,4.1,C:/Users/elagio/vs/lukia/orchestral-intro/VPO3_SATB/A/sustain/Sustain/4_A_mf-PB.wav
C:/Users/elagio/vs/lukia/orchestral-intro/Virtual-Playing-Orchestra3-1-wave-files/Virtual-Playing-Orchestra3/libs/NoBudgetOrch/SoloClarinet/Sustain/4_B_mf-PB.wav,A,sustain,Sustain,4.08,C:/Users/elagio/vs/lukia/orchestral-intro/VPO3_SATB/A/sustain/Sustain/4_B_mf-PB.wav
C:/Users/elagio/vs/lukia/orchestral-intro/Virtual-Playing-Orchestra3-1-wave-files/Virtual-Playing-Orchestra3/libs/NoBudgetOrch/SoloClarinet/Sustain/4_Db_f-PB.wav,A,sustain,Sustain,4.7,C:/Users/elagio/vs/lukia/orchestral-intro/VPO3_SATB/A/sustain/Sustain/4_Db_f-PB.wav
C:/Users/elagio/vs/lukia/orchestral-intro/Virtual-Playing-Orchestra3-1-wave-files/Virtual-Playing-Orchestra3/libs/NoBudgetOrch/SoloClarinet/Sustain/4_Eb_mf-PB.wav,A,sustain,Sustain,3.74,C:/Users/elagio/vs/lukia/orchestral-intro/VPO3_SATB/A/sustain/Sustain/4_Eb_mf-PB.wav
C:/Users/elagio/vs/lukia/orchestral-intro/Virtual-Playing-Orchestra3-1-wave-files/Virtual-Playing-Orchestra3/libs/NoBudgetOrch/SoloClarinet/Sustain/4_F_f-PB.wav,A,sustain,Sustain,4.45,C:/Users/elagio/vs/lukia/orchestral-intro/VPO3_SATB/A/sustain/Sustain/4_F_f-PB.wav
C:/Users/elagio/vs/lukia/orchestral-intro/Virtual-Playing-Orchestra3-1-wave-files/Virtual-Playing-Orchestra3/libs/NoBudgetOrch/SoloClarinet/Sustain/4_F_mf-PB.wav,A,sustain,Sustain,2.86,C:/Users/elagio/vs/lukia/orchestral-intro/VPO3_SATB/A/sustain/Sustain/4_F_mf-PB.wav
C:/Users/elagio/vs/lukia/orchestral-intro/Virtual-Playing-Orchestra3-1-wave-files/Virtual-Playing-Orchestra3/libs/NoBudgetOrch/SoloClarinet/Sustain/4_G_mf-PB.wav,A,sustain,Sustain,4.11,C:/Users/elagio/vs/lukia/orchestral-intro/VPO3_SATB/A/sustain/Sustain/4_G_mf-PB.wav
C:/Users/elagio/vs/lukia/orchestral-intro/Virtual-Playing-Orchestra3-1-wave-files/Virtual-Playing-Orchestra3/libs/NoBudgetOrch/SoloClarinet/Sustain/5_B_f-PB.wav,A,sustain,Sustain,4.77,C:/Users/elagio/vs/lukia/orchestral-intro/VPO3_SATB/A/sustain/Sustain/5_B_f-PB.wav
C:/Users/elagio/vs/lukia/orchestral-intro/Virtual-Playing-Orchestra3-1-wave-files/Virtual-Playing-Orchestra3/libs/NoBudgetOrch/SoloClarinet/Sustain/5_B_mf-PB.wav,A,sustain,Sustain,4.28,C:/Users/elagio/vs/lukia/orchestral-intro/VPO3_SATB/A/sustain/Sustain/5_B_mf-PB.wav
C:/Users/elagio/vs/lukia/orchestral-intro/Virtual-Playing-Orchestra3-1-wave-files/Virtual-Playing-Orchestra3/libs/NoBudgetOrch/SoloClarinet/Sustain/5_Db_mf-PB.wav,A,sustain,Sustain,4.28,C:/Users/elagio/vs/lukia/orchestral-intro/VPO3_SATB/A/sustain/Sustain/5_Db_mf-PB.wav
C:/Users/elagio/vs/lukia/orchestral-intro/Virtual-Playing-Orchestra3-1-wave-files/Virtual-Playing-Orchestra3/libs/NoBudgetOrch/SoloClarinet/Sustain/5_F_f-PB.wav,A,sustain,Sustain,4.51,C:/Users/elagio/vs/lukia/orchestral-intro/VPO3_SATB/A/sustain/Sustain/5_F_f-PB.wav
C:/Users/elagio/vs/lukia/orchestral-intro/Virtual-Playing-Orchestra3-1-wave-files/Virtual-Playing-Orchestra3/libs/NoBudgetOrch/SoloClarinet/Sustain/5_F_mf-PB.wav,A,sustain,Sustain,4.2,C:/Users/elagio/vs/lukia/orchestral-intro/VPO3_SATB/A/sustain/Sustain/5_F_mf-PB.wav
C:/Users/elagio/vs/lukia/orchestral-intro/Virtual-Playing-Orchestra3-1-wave-files/Virtual-Playing-Orchestra3/libs/NoBudgetOrch/SoloClarinet/Sustain/5_G_f-PB.wav,A,sustain,Sustain,5.51,C:/Users/elagio/vs/lukia/orchestral-intro/VPO3_SATB/A/sustain/Sustain/5_G_f-PB.wav
C:/Users/elagio/vs/lukia/orchestral-intro/Virtual-Playing-Orchestra3-1-wave-files/Virtual-Playing-Orchestra3/libs/NoBudgetOrch/SoloClarinet/Sustain/6_Db_mf-PB.wav,A,sustain,Sustain,3.63,C:/Users/elagio/vs/lukia/orchestral-intro/VPO3_SATB/A/sustain/Sustain/6_Db_mf-PB.wav
C:/Users/elagio/vs/lukia/orchestral-intro/Virtual-Playing-Orchestra3-1-wave-files/Virtual-Playing-Orchestra3/libs/NoBudgetOrch/SoloClarinet/Sustain/6_Eb_f-PB.wav,A,sustain,Sustain,4.72,C:/Users/elagio/vs/lukia/orchestral-intro/VPO3_SATB/A/sustain/Sustain/6_Eb_f-PB.wav
C:/Users/elagio/vs/lukia/orchestral-intro/Virtual-Playing-Orchestra3-1-wave-files/Virtual-Playing-Orchestra3/libs/NoBudgetOrch/SoloClarinet/Sustain/6_F_mf-PB.wav,A,sustain,Sustain,3.15,C:/Users/elagio/vs/lukia/orchestral-intro/VPO3_SATB/A/sustain/Sustain/6_F_mf-PB.wav
C:/Users/elagio/vs/lukia/orchestral-intro/Virtual-Playing-Orchestra3-1-wave-files/Virtual-Playing-Orchestra3/libs/NoBudgetOrch/SoloClarinet/Sustain/6_G_mf-PB.wav,A,sustain,Sustain,3.47,C:/Users/elagio/vs/lukia/orchestral-intro/VPO3_SATB/A/sustain/Sustain/6_G_mf-PB.wav
C:/Users/elagio/vs/lukia/orchestral-intro/Virtual-Playing-Orchestra3-1-wave-files/Virtual-Playing-Orchestra3/libs/NoBudgetOrch/SoloViola/Pizzicato/3_A_1-PB.wav,A,pizzicato,Solo Viola,2.5,C:/Users/elagio/vs/lukia/orchestral-intro/VPO3_SATB/A/pizzicato/Solo Viola/3_A_1-PB.wav
C:/Users/elagio/vs/lukia/orchestral-intro/Virtual-Playing-Orchestra3-1-wave-files/Virtual-Playing-Orchestra3/libs/NoBudgetOrch/SoloViola/Pizzicato/3_A_2-PB.wav,A,pizzicato,Solo Viola,2.5,C:/Users/elagio/vs/lukia/orchestral-intro/VPO3_SATB/A/pizzicato/Solo Viola/3_A_2-PB.wav
C:/Users/elagio/vs/lukia/orchestral-intro/Virtual-Playing-Orchestra3-1-wave-files/Virtual-Playing-Orchestra3/libs/NoBudgetOrch/SoloViola/Pizzicato/3_C_1-PB.wav,A,pizzicato,Solo Viola,3.0,C:/Users/elagio/vs/lukia/orchestral-intro/VPO3_SATB/A/pizzicato/Solo Viola/3_C_1-PB.wav
C:/Users/elagio/vs/lukia/orchestral-intro/Virtual-Playing-Orchestra3-1-wave-files/Virtual-Playing-Orchestra3/libs/NoBudgetOrch/SoloViola/Pizzicato/3_C_2-PB.wav,A,pizzicato,Solo Viola,3.0,C:/Users/elagio/vs/lukia/orchestral-intro/VPO3_SATB/A/pizzicato/Solo Viola/3_C_2-PB.wav
C:/Users/elagio/vs/lukia/orchestral-intro/Virtual-Playing-Orchestra3-1-wave-files/Virtual-Playing-Orchestra3/libs/NoBudgetOrch/SoloViola/Pizzicato/3_Eb_1-PB.wav,A,pizzicato,Solo Viola,2.5,C:/Users/elagio/vs/lukia/orchestral-intro/VPO3_SATB/A/pizzicato/Solo Viola/3_Eb_1-PB.wav
C:/Users/elagio/vs/lukia/orchestral-intro/Virtual-Playing-Orchestra3-1-wave-files/Virtual-Playing-Orchestra3/libs/NoBudgetOrch/SoloViola/Pizzicato/3_Eb_2-PB.wav,A,pizzicato,Solo Viola,2.5,C:/Users/elagio/vs/lukia/orchestral-intro/VPO3_SATB/A/pizzicato/Solo Viola/3_Eb_2-PB.wav
C:/Users/elagio/vs/lukia/orchestral-intro/Virtual-Playing-Orchestra3-1-wave-files/Virtual-Playing-Orchestra3/libs/NoBudgetOrch/SoloViola/Pizzicato/3_Gb_1-PB.wav,A,pizzicato,Solo Viola,2.5,C:/Users/elagio/vs/lukia/orchestral-intro/VPO3_SATB/A/pizzicato/Solo Viola/3_Gb_1-PB.wav
C:/Users/elagio/vs/lukia/orchestral-intro/Virtual-Playing-Orchestra3-1-wave-files/Virtual-Playing-Orchestra3/libs/NoBudgetOrch/SoloViola/Pizzicato/3_Gb_2-PB.wav,A,pizzicato,Solo Viola,2.5,C:/Users/elagio/vs/lukia/orchestral-intro/VPO3_SATB/A/pizzicato/Solo Viola/3_Gb_2-PB.wav
C:/Users/elagio/vs/lukia/orchestral-intro/Virtual-Playing-Orchestra3-1-wave-files/Virtual-Playing-Orchestra3/libs/NoBudgetOrch/SoloViola/Pizzicato/4_A_1-PB.wav,A,pizzicato,Solo Viola,2.3,C:/Users/elagio/vs/lukia/orchestral-intro/VPO3_SATB/A/pizzicato/Solo Viola/4_A_1-PB.wav
C:/Users/elagio/vs/lukia/orchestral-intro/Virtual-Playing-Orchestra3-1-wave-files/Virtual-Playing-Orchestra3/libs/NoBudgetOrch/SoloViola/Pizzicato/4_A_2-PB.wav,A,pizzicato,Solo Viola,2.3,C:/Users/elagio/vs/lukia/orchestral-intro/VPO3_SATB/A/pizzicato/Solo Viola/4_A_2-PB.wav
C:/Users/elagio/vs/lukia/orchestral-intro/Virtual-Playing-Orchestra3-1-wave-files/Virtual-Playing-Orchestra3/libs/NoBudgetOrch/SoloViola/Pizzicato/4_C_1-PB.wav,A,pizzicato,Solo Viola,2.5,C:/Users/elagio/vs/lukia/orchestral-intro/VPO3_SATB/A/pizzicato/Solo Viola/4_C_1-PB.wav
C:/Users/elagio/vs/lukia/orchestral-intro/Virtual-Playing-Orchestra3-1-wave-files/Virtual-Playing-Orchestra3/libs/NoBudgetOrch/SoloViola/Pizzicato/4_C_2-PB.wav,A,pizzicato,Solo Viola,2.5,C:/Users/elagio/vs/lukia/orchestral-intro/VPO3_SATB/A/pizzicato/Solo Viola/4_C_2-PB.wav
C:/Users/elagio/vs/lukia/orchestral-intro/Virtual-Playing-Orchestra3-1-wave-files/Virtual-Playing-Orchestra3/libs/NoBudgetOrch/SoloViola/Pizzicato/4_Eb_1-PB.wav,A,pizzicato,Solo Viola,2.5,C:/Users/elagio/vs/lukia/orchestral-intro/VPO3_SATB/A/pizzicato/Solo Viola/4_Eb_1-PB.wav
C:/Users/elagio/vs/lukia/orchestral-intro/Virtual-Playing-Orchestra3-1-wave-files/Virtual-Playing-Orchestra3/libs/NoBudgetOrch/SoloViola/Pizzicato/4_Eb_2-PB.wav,A,pizzicato,Solo Viola,2.5,C:/Users/elagio/vs/lukia/orchestral-intro/VPO3_SATB/A/pizzicato/Solo Viola/4_Eb_2-PB.wav
C:/Users/elagio/vs/lukia/orchestral-intro/Virtual-Playing-Orchestra3-1-wave-files/Virtual-Playing-Orchestra3/libs/NoBudgetOrch/SoloViola/Pizzicato/4_Gb_1-PB.wav,A,pizzicato,Solo Viola,2.3,C:/Users/elagio/vs/lukia/orchestral-intro/VPO3_SATB/A/pizzicato/Solo Viola/4_Gb_1-PB.wav
C:/Users/elagio/vs/lukia/orchestral-intro/Virtual-Playing-Orchestra3-1-wave-files/Virtual-Playing-Orchestra3/libs/NoBudgetOrch/SoloViola/Pizzicato/4_Gb_2-PB.wav,A,pizzicato,Solo Viola,2.3,C:/Users/elagio/vs/lukia/orchestral-intro/VPO3_SATB/A/pizzicato/Solo Viola/4_Gb_2-PB.wav
C:/Users/elagio/vs/lukia/orchestral-intro/Virtual-Playing-Orchestra3-1-wave-files/Virtual-Playing-Orchestra3/libs/NoBudgetOrch/SoloViola/Pizzicato/5_A_1-PB.wav,A,pizzicato,Solo Viola,1.8,C:/Users/elagio/vs/lukia/orchestral-intro/VPO3_SATB/A/pizzicato/Solo Viola/5_A_1-PB.wav
C:/Users/elagio/vs/lukia/orchestral-intro/Virtual-Playing-Orchestra3-1-wave-files/Virtual-Playing-Orchestra3/libs/NoBudgetOrch/SoloViola/Pizzicato/5_A_2-PB.wav,A,pizzicato,Solo Viola,1.8,C:/Users/elagio/vs/lukia/orchestral-intro/VPO3_SATB/A/pizzicato/Solo Viola/5_A_2-PB.wav
C:/Users/elagio/vs/lukia/orchestral-intro/Virtual-Playing-Orchestra3-1-wave-files/Virtual-Playing-Orchestra3/libs/NoBudgetOrch/SoloViola/Pizzicato/5_C_1-PB.wav,A,pizzicato,Solo Viola,2.2,C:/Users/elagio/vs/lukia/orchestral-intro/VPO3_SATB/A/pizzicato/Solo Viola/5_C_1-PB.wav
C:/Users/elagio/vs/lukia/orchestral-intro/Virtual-Playing-Orchestra3-1-wave-files/Virtual-Playing-Orchestra3/libs/NoBudgetOrch/SoloViola/Pizzicato/5_C_2-PB.wav,A,pizzicato,Solo Viola,2.2,C:/Users/elagio/vs/lukia/orchestral-intro/VPO3_SATB/A/pizzicato/Solo Viola/5_C_2-PB.wav
C:/Users/elagio/vs/lukia/orchestral-intro/Virtual-Playing-Orchestra3-1-wave-files/Virtual-Playing-Orchestra3/libs/NoBudgetOrch/SoloViola/Pizzicato/5_Eb_1-PB.wav,A,pizzicato,Solo Viola,2.0,C:/Users/elagio/vs/lukia/orchestral-intro/VPO3_SATB/A/pizzicato/Solo Viola/5_Eb_1-PB.wav
C:/Users/elagio/vs/lukia/orchestral-intro/Virtual-Playing-Orchestra3-1-wave-files/Virtual-Playing-Orchestra3/libs/NoBudgetOrch/SoloViola/Pizzicato/5_Eb_2-PB.wav,A,pizzicato,Solo Viola,2.0,C:/Users/elagio/vs/lukia/orchestral-intro/VPO3_SATB/A/pizzicato/Solo Viola/5_Eb_2-PB.wav
C:/Users/elagio/vs/lukia/orchestral-intro/Virtual-Playing-Orchestra3-1-wave-files/Virtual-Playing-Orchestra3/libs/NoBudgetOrch/SoloViola/Pizzicato/5_Gb_1-PB.wav,A,pizzicato,Solo Viola,2.0,C:/Users/elagio/vs/lukia/orchestral-intro/VPO3_SATB/A/pizzicato/Solo Viola/5_Gb_1-PB.wav
C:/Users/elagio/vs/lukia/orchestral-intro/Virtual-Playing-Orchestra3-1-wave-files/Virtual-Playing-Orchestra3/libs/NoBudgetOrch/SoloViola/Pizzicato/5_Gb_2-PB.wav,A,pizzicato,Solo Viola,2.0,C:/Users/elagio/vs/lukia/orchestral-intro/VPO3_SATB/A/pizzicato/Solo Viola/5_Gb_2-PB.wav
C:/Users/elagio/vs/lukia/orchestral-intro/Virtual-Playing-Orchestra3-1-wave-files/Virtual-Playing-Orchestra3/libs/NoBudgetOrch/SoloViola/Vibrato/3_A_f-PB.wav,A,sustain,Solo Viola,2.21,C:/Users/elagio/vs/lukia/orchestral-intro/VPO3_SATB/A/sustain/Solo Viola/3_A_f-PB.wav
C:/Users/elagio/vs/lukia/orchestral-intro/Virtual-Playing-Orchestra3-1-wave-files/Virtual-Playing-Orchestra3/libs/NoBudgetOrch/SoloViola/Vibrato/3_A_mf-PB.wav,A,sustain,Solo Viola,2.41,C:/Users/elagio/vs/lukia/orchestral-intro/VPO3_SATB/A/sustain/Solo Viola/3_A_mf-PB.wav
C:/Users/elagio/vs/lukia/orchestral-intro/Virtual-Playing-Orchestra3-1-wave-files/Virtual-Playing-Orchestra3/libs/NoBudgetOrch/SoloViola/Vibrato/3_C_f-PB.wav,A,sustain,Solo Viola,2.31,C:/Users/elagio/vs/lukia/orchestral-intro/VPO3_SATB/A/sustain/Solo Viola/3_C_f-PB.wav
C:/Users/elagio/vs/lukia/orchestral-intro/Virtual-Playing-Orchestra3-1-wave-files/Virtual-Playing-Orchestra3/libs/NoBudgetOrch/SoloViola/Vibrato/3_C_mf-PB.wav,A,sustain,Solo Viola,3.38,C:/Users/elagio/vs/lukia/orchestral-intro/VPO3_SATB/A/sustain/Solo Viola/3_C_mf-PB.wav
C:/Users/elagio/vs/lukia/orchestral-intro/Virtual-Playing-Orchestra3-1-wave-files/Virtual-Playing-Orchestra3/libs/NoBudgetOrch/SoloViola/Vibrato/3_Eb_f-PB.wav,A,sustain,Solo Viola,2.49,C:/Users/elagio/vs/lukia/orchestral-intro/VPO3_SATB/A/sustain/Solo Viola/3_Eb_f-PB.wav
C:/Users/elagio/vs/lukia/orchestral-intro/Virtual-Playing-Orchestra3-1-wave-files/Virtual-Playing-Orchestra3/libs/NoBudgetOrch/SoloViola/Vibrato/3_Eb_mf-PB.wav,A,sustain,Solo Viola,2.58,C:/Users/elagio/vs/lukia/orchestral-intro/VPO3_SATB/A/sustain/Solo Viola/3_Eb_mf-PB.wav
C:/Users/elagio/vs/lukia/orchestral-intro/Virtual-Playing-Orchestra3-1-wave-files/Virtual-Playing-Orchestra3/libs/NoBudgetOrch/SoloViola/Vibrato/3_Gb_f-PB.wav,A,sustain,Solo Viola,2.36,C:/Users/elagio/vs/lukia/orchestral-intro/VPO3_SATB/A/sustain/Solo Viola/3_Gb_f-PB.wav
C:/Users/elagio/vs/lukia/orchestral-intro/Virtual-Playing-Orchestra3-1-wave-files/Virtual-Playing-Orchestra3/libs/NoBudgetOrch/SoloViola/Vibrato/3_Gb_mf-PB.wav,A,sustain,Solo Viola,1.3,C:/Users/elagio/vs/lukia/orchestral-intro/VPO3_SATB/A/sustain/Solo Viola/3_Gb_mf-PB.wav
C:/Users/elagio/vs/lukia/orchestral-intro/Virtual-Playing-Orchestra3-1-wave-files/Virtual-Playing-Orchestra3/libs/NoBudgetOrch/SoloViola/Vibrato/4_A_f-PB.wav,A,sustain,Solo Viola,2.4,C:/Users/elagio/vs/lukia/orchestral-intro/VPO3_SATB/A/sustain/Solo Viola/4_A_f-PB.wav
C:/Users/elagio/vs/lukia/orchestral-intro/Virtual-Playing-Orchestra3-1-wave-files/Virtual-Playing-Orchestra3/libs/NoBudgetOrch/SoloViola/Vibrato/4_A_mf-PB.wav,A,sustain,Solo Viola,2.77,C:/Users/elagio/vs/lukia/orchestral-intro/VPO3_SATB/A/sustain/Solo Viola/4_A_mf-PB.wav
C:/Users/elagio/vs/lukia/orchestral-intro/Virtual-Playing-Orchestra3-1-wave-files/Virtual-Playing-Orchestra3/libs/NoBudgetOrch/SoloViola/Vibrato/4_C_f-PB.wav,A,sustain,Solo Viola,2.22,C:/Users/elagio/vs/lukia/orchestral-intro/VPO3_SATB/A/sustain/Solo Viola/4_C_f-PB.wav
C:/Users/elagio/vs/lukia/orchestral-intro/Virtual-Playing-Orchestra3-1-wave-files/Virtual-Playing-Orchestra3/libs/NoBudgetOrch/SoloViola/Vibrato/4_C_mf-PB.wav,A,sustain,Solo Viola,2.63,C:/Users/elagio/vs/lukia/orchestral-intro/VPO3_SATB/A/sustain/Solo Viola/4_C_mf-PB.wav
C:/Users/elagio/vs/lukia/orchestral-intro/Virtual-Playing-Orchestra3-1-wave-files/Virtual-Playing-Orchestra3/libs/NoBudgetOrch/SoloViola/Vibrato/4_Eb_f-PB.wav,A,sustain,Solo Viola,2.51,C:/Users/elagio/vs/lukia/orchestral-intro/VPO3_SATB/A/sustain/Solo Viola/4_Eb_f-PB.wav
C:/Users/elagio/vs/lukia/orchestral-intro/Virtual-Playing-Orchestra3-1-wave-files/Virtual-Playing-Orchestra3/libs/NoBudgetOrch/SoloViola/Vibrato/4_Eb_mf-PB.wav,A,sustain,Solo Viola,2.8,C:/Users/elagio/vs/lukia/orchestral-intro/VPO3_SATB/A/sustain/Solo Viola/4_Eb_mf-PB.wav
C:/Users/elagio/vs/lukia/orchestral-intro/Virtual-Playing-Orchestra3-1-wave-files/Virtual-Playing-Orchestra3/libs/NoBudgetOrch/SoloViola/Vibrato/4_Gb_f-PB.wav,A,sustain,Solo Viola,2.24,C:/Users/elagio/vs/lukia/orchestral-intro/VPO3_SATB/A/sustain/Solo Viola/4_Gb_f-PB.wav
C:/Users/elagio/vs/lukia/orchestral-intro/Virtual-Playing-Orchestra3-1-wave-files/Virtual-Playing-Orchestra3/libs/NoBudgetOrch/SoloViola/Vibrato/4_Gb_mf-PB.wav,A,sustain,Solo Viola,2.74,C:/Users/elagio/vs/lukia/orchestral-intro/VPO3_SATB/A/sustain/Solo Viola/4_Gb_mf-PB.wav
C:/Users/elagio/vs/lukia/orchestral-intro/Virtual-Playing-Orchestra3-1-wave-files/Virtual-Playing-Orchestra3/libs/NoBudgetOrch/SoloViola/Vibrato/5_A_f-PB.wav,A,sustain,Solo Viola,2.09,C:/Users/elagio/vs/lukia/orchestral-intro/VPO3_SATB/A/sustain/Solo Viola/5_A_f-PB.wav
C:/Users/elagio/vs/lukia/orchestral-intro/Virtual-Playing-Orchestra3-1-wave-files/Virtual-Playing-Orchestra3/libs/NoBudgetOrch/SoloViola/Vibrato/5_A_mf-PB.wav,A,sustain,Solo Viola,2.03,C:/Users/elagio/vs/lukia/orchestral-intro/VPO3_SATB/A/sustain/Solo Viola/5_A_mf-PB.wav
C:/Users/elagio/vs/lukia/orchestral-intro/Virtual-Playing-Orchestra3-1-wave-files/Virtual-Playing-Orchestra3/libs/NoBudgetOrch/SoloViola/Vibrato/5_C_f-PB.wav,A,sustain,Solo Viola,2.36,C:/Users/elagio/vs/lukia/orchestral-intro/VPO3_SATB/A/sustain/Solo Viola/5_C_f-PB.wav
C:/Users/elagio/vs/lukia/orchestral-intro/Virtual-Playing-Orchestra3-1-wave-files/Virtual-Playing-Orchestra3/libs/NoBudgetOrch/SoloViola/Vibrato/5_C_mf-PB.wav,A,sustain,Solo Viola,2.2,C:/Users/elagio/vs/lukia/orchestral-intro/VPO3_SATB/A/sustain/Solo Viola/5_C_mf-PB.wav
C:/Users/elagio/vs/lukia/orchestral-intro/Virtual-Playing-Orchestra3-1-wave-files/Virtual-Playing-Orchestra3/libs/NoBudgetOrch/SoloViola/Vibrato/5_Eb_f-PB.wav,A,sustain,Solo Viola,2.23,C:/Users/elagio/vs/lukia/orchestral-intro/VPO3_SATB/A/sustain/Solo Viola/5_Eb_f-PB.wav
C:/Users/elagio/vs/lukia/orchestral-intro/Virtual-Playing-Orchestra3-1-wave-files/Virtual-Playing-Orchestra3/libs/NoBudgetOrch/SoloViola/Vibrato/5_Eb_mf-PB.wav,A,sustain,Solo Viola,2.52,C:/Users/elagio/vs/lukia/orchestral-intro/VPO3_SATB/A/sustain/Solo Viola/5_Eb_mf-PB.wav
C:/Users/elagio/vs/lukia/orchestral-intro/Virtual-Playing-Orchestra3-1-wave-files/Virtual-Playing-Orchestra3/libs/NoBudgetOrch/SoloViola/Vibrato/5_Gb_f-PB.wav,A,sustain,Solo Viola,2.11,C:/Users/elagio/vs/lukia/orchestral-intro/VPO3_SATB/A/sustain/Solo Viola/5_Gb_f-PB.wav
C:/Users/elagio/vs/lukia/orchestral-intro/Virtual-Playing-Orchestra3-1-wave-files/Virtual-Playing-Orchestra3/libs/NoBudgetOrch/SoloViola/Vibrato/5_Gb_mf-PB.wav,A,sustain,Solo Viola,2.81,C:/Users/elagio/vs/lukia/orchestral-intro/VPO3_SATB/A/sustain/Solo Viola/5_Gb_mf-PB.wav
C:/Users/elagio/vs/lukia/orchestral-intro/Virtual-Playing-Orchestra3-1-wave-files/Virtual-Playing-Orchestra3/libs/NoBudgetOrch/SoloViola/Vibrato/6_C_f-PB.wav,A,sustain,Solo Viola,1.94,C:/Users/elagio/vs/lukia/orchestral-intro/VPO3_SATB/A/sustain/Solo Viola/6_C_f-PB.wav
C:/Users/elagio/vs/lukia/orchestral-intro/Virtual-Playing-Orchestra3-1-wave-files/Virtual-Playing-Orchestra3/libs/NoBudgetOrch/SoloViola/Vibrato/6_C_mf-PB.wav,A,sustain,Solo Viola,2.16,C:/Users/elagio/vs/lukia/orchestral-intro/VPO3_SATB/A/sustain/Solo Viola/6_C_mf-PB.wav
C:/Users/elagio/vs/lukia/orchestral-intro/Virtual-Playing-Orchestra3-1-wave-files/Virtual-Playing-Orchestra3/libs/NoBudgetOrch/SoloViola/Vibrato/6_Eb_f-PB.wav,A,sustain,Solo Viola,1.83,C:/Users/elagio/vs/lukia/orchestral-intro/VPO3_SATB/A/sustain/Solo Viola/6_Eb_f-PB.wav
C:/Users/elagio/vs/lukia/orchestral-intro/Virtual-Playing-Orchestra3-1-wave-files/Virtual-Playing-Orchestra3/libs/NoBudgetOrch/SoloViola/Vibrato/6_Eb_mf-PB.wav,A,sustain,Solo Viola,1.45,C:/Users/elagio/vs/lukia/orchestral-intro/VPO3_SATB/A/sustain/Solo Viola/6_Eb_mf-PB.wav
C:/Users/elagio/vs/lukia/orchestral-intro/Virtual-Playing-Orchestra3-1-wave-files/Virtual-Playing-Orchestra3/libs/NoBudgetOrch/SoloViolin/PizzicatoVib/3_A-PB.wav,S,pizzicato,Solo Violin,1.03,C:/Users/elagio/vs/lukia/orchestral-intro/VPO3_SATB/S/pizzicato/Solo Violin/3_A-PB.wav
C:/Users/elagio/vs/lukia/orchestral-intro/Virtual-Playing-Orchestra3-1-wave-files/Virtual-Playing-Orchestra3/libs/NoBudgetOrch/SoloViolin/PizzicatoVib/3_B-PB.wav,S,pizzicato,Solo Violin,1.12,C:/Users/elagio/vs/lukia/orchestral-intro/VPO3_SATB/S/pizzicato/Solo Violin/3_B-PB.wav
C:/Users/elagio/vs/lukia/orchestral-intro/Virtual-Playing-Orchestra3-1-wave-files/Virtual-Playing-Orchestra3/libs/NoBudgetOrch/SoloViolin/PizzicatoVib/3_Bb-PB.wav,S,pizzicato,Solo Violin,1.01,C:/Users/elagio/vs/lukia/orchestral-intro/VPO3_SATB/S/pizzicato/Solo Violin/3_Bb-PB.wav
C:/Users/elagio/vs/lukia/orchestral-intro/Virtual-Playing-Orchestra3-1-wave-files/Virtual-Playing-Orchestra3/libs/NoBudgetOrch/SoloViolin/PizzicatoVib/4_Ab-PB.wav,S,pizzicato,Solo Violin,1.03,C:/Users/elagio/vs/lukia/orchestral-intro/VPO3_SATB/S/pizzicato/Solo Violin/4_Ab-PB.wav
C:/Users/elagio/vs/lukia/orchestral-intro/Virtual-Playing-Orchestra3-1-wave-files/Virtual-Playing-Orchestra3/libs/NoBudgetOrch/SoloViolin/PizzicatoVib/4_B-PB.wav,S,pizzicato,Solo Violin,1.0,C:/Users/elagio/vs/lukia/orchestral-intro/VPO3_SATB/S/pizzicato/Solo Violin/4_B-PB.wav
C:/Users/elagio/vs/lukia/orchestral-intro/Virtual-Playing-Orchestra3-1-wave-files/Virtual-Playing-Orchestra3/libs/NoBudgetOrch/SoloViolin/PizzicatoVib/4_Bb-PB.wav,S,pizzicato,Solo Violin,0.99,C:/Users/elagio/vs/lukia/orchestral-intro/VPO3_SATB/S/pizzicato/Solo Violin/4_Bb-PB.wav
C:/Users/elagio/vs/lukia/orchestral-intro/Virtual-Playing-Orchestra3-1-wave-files/Virtual-Playing-Orchestra3/libs/NoBudgetOrch/SoloViolin/PizzicatoVib/4_C-PB.wav,S,pizzicato,Solo Violin,1.08,C:/Users/elagio/vs/lukia/orchestral-intro/VPO3_SATB/S/pizzicato/Solo Violin/4_C-PB.wav
C:/Users/elagio/vs/lukia/orchestral-intro/Virtual-Playing-Orchestra3-1-wave-files/Virtual-Playing-Orchestra3/libs/NoBudgetOrch/SoloViolin/PizzicatoVib/4_D-PB.wav,S,pizzicato,Solo Violin,1.15,C:/Users/elagio/vs/lukia/orchestral-intro/VPO3_SATB/S/pizzicato/Solo Violin/4_D-PB.wav
C:/Users/elagio/vs/lukia/orchestral-intro/Virtual-Playing-Orchestra3-1-wave-files/Virtual-Playing-Orchestra3/libs/NoBudgetOrch/SoloViolin/PizzicatoVib/4_Db-PB.wav,S,pizzicato,Solo Violin,1.14,C:/Users/elagio/vs/lukia/orchestral-intro/VPO3_SATB/S/pizzicato/Solo Violin/4_Db-PB.wav
C:/Users/elagio/vs/lukia/orchestral-intro/Virtual-Playing-Orchestra3-1-wave-files/Virtual-Playing-Orchestra3/libs/NoBudgetOrch/SoloViolin/PizzicatoVib/4_E-PB.wav,S,pizzicato,Solo Violin,1.11,C:/Users/elagio/vs/lukia/orchestral-intro/VPO3_SATB/S/pizzicato/Solo Violin/4_E-PB.wav
C:/Users/elagio/vs/lukia/orchestral-intro/Virtual-Playing-Orchestra3-1-wave-files/Virtual-Playing-Orchestra3/libs/NoBudgetOrch/SoloViolin/PizzicatoVib/4_Eb-PB.wav,S,pizzicato,Solo Violin,1.24,C:/Users/elagio/vs/lukia/orchestral-intro/VPO3_SATB/S/pizzicato/Solo Violin/4_Eb-PB.wav
C:/Users/elagio/vs/lukia/orchestral-intro/Virtual-Playing-Orchestra3-1-wave-files/Virtual-Playing-Orchestra3/libs/NoBudgetOrch/SoloViolin/PizzicatoVib/4_F-PB.wav,S,pizzicato,Solo Violin,1.25,C:/Users/elagio/vs/lukia/orchestral-intro/VPO3_SATB/S/pizzicato/Solo Violin/4_F-PB.wav
C:/Users/elagio/vs/lukia/orchestral-intro/Virtual-Playing-Orchestra3-1-wave-files/Virtual-Playing-Orchestra3/libs/NoBudgetOrch/SoloViolin/PizzicatoVib/4_G-PB.wav,S,pizzicato,Solo Violin,1.41,C:/Users/elagio/vs/lukia/orchestral-intro/VPO3_SATB/S/pizzicato/Solo Violin/4_G-PB.wav
C:/Users/elagio/vs/lukia/orchestral-intro/Virtual-Playing-Orchestra3-1-wave-files/Virtual-Playing-Orchestra3/libs/NoBudgetOrch/SoloViolin/PizzicatoVib/4_Gb-PB.wav,S,pizzicato,Solo Violin,1.31,C:/Users/elagio/vs/lukia/orchestral-intro/VPO3_SATB/S/pizzicato/Solo Violin/4_Gb-PB.wav
C:/Users/elagio/vs/lukia/orchestral-intro/Virtual-Playing-Orchestra3-1-wave-files/Virtual-Playing-Orchestra3/libs/NoBudgetOrch/SoloViolin/PizzicatoVib/5_A-PB.wav,S,pizzicato,Solo Violin,1.15,C:/Users/elagio/vs/lukia/orchestral-intro/VPO3_SATB/S/pizzicato/Solo Violin/5_A-PB.wav
C:/Users/elagio/vs/lukia/orchestral-intro/Virtual-Playing-Orchestra3-1-wave-files/Virtual-Playing-Orchestra3/libs/NoBudgetOrch/SoloViolin/PizzicatoVib/5_Ab-PB.wav,S,pizzicato,Solo Violin,0.94,C:/Users/elagio/vs/lukia/orchestral-intro/VPO3_SATB/S/pizzicato/Solo Violin/5_Ab-PB.wav
C:/Users/elagio/vs/lukia/orchestral-intro/Virtual-Playing-Orchestra3-1-wave-files/Virtual-Playing-Orchestra3/libs/NoBudgetOrch/SoloViolin/PizzicatoVib/5_B-PB.wav,S,pizzicato,Solo Violin,0.77,C:/Users/elagio/vs/lukia/orchestral-intro/VPO3_SATB/S/pizzicato/Solo Violin/5_B-PB.wav
C:/Users/elagio/vs/lukia/orchestral-intro/Virtual-Playing-Orchestra3-1-wave-files/Virtual-Playing-Orchestra3/libs/NoBudgetOrch/SoloViolin/PizzicatoVib/5_Bb-PB.wav,S,pizzicato,Solo Violin,0.79,C:/Users/elagio/vs/lukia/orchestral-intro/VPO3_SATB/S/pizzicato/Solo Violin/5_Bb-PB.wav
C:/Users/elagio/vs/lukia/orchestral-intro/Virtual-Playing-Orchestra3-1-wave-files/Virtual-Playing-Orchestra3/libs/NoBudgetOrch/SoloViolin/PizzicatoVib/5_D-PB.wav,S,pizzicato,Solo Violin,2.12,C:/Users/elagio/vs/lukia/orchestral-intro/VPO3_SATB/S/pizzicato/Solo Violin/5_D-PB.wav
C:/Users/elagio/vs/lukia/orchestral-intro/Virtual-Playing-Orchestra3-1-wave-files/Virtual-Playing-Orchestra3/libs/NoBudgetOrch/SoloViolin/PizzicatoVib/5_Db-PB.wav,S,pizzicato,Solo Violin,0.63,C:/Users/elagio/vs/lukia/orchestral-intro/VPO3_SATB/S/pizzicato/Solo Violin/5_Db-PB.wav
C:/Users/elagio/vs/lukia/orchestral-intro/Virtual-Playing-Orchestra3-1-wave-files/Virtual-Playing-Orchestra3/libs/NoBudgetOrch/SoloViolin/PizzicatoVib/5_Eb-PB.wav,S,pizzicato,Solo Violin,0.87,C:/Users/elagio/vs/lukia/orchestral-intro/VPO3_SATB/S/pizzicato/Solo Violin/5_Eb-PB.wav
C:/Users/elagio/vs/lukia/orchestral-intro/Virtual-Playing-Orchestra3-1-wave-files/Virtual-Playing-Orchestra3/libs/NoBudgetOrch/SoloViolin/PizzicatoVib/5_F-PB.wav,S,pizzicato,Solo Violin,1.04,C:/Users/elagio/vs/lukia/orchestral-intro/VPO3_SATB/S/pizzicato/Solo Violin/5_F-PB.wav
C:/Users/elagio/vs/lukia/orchestral-intro/Virtual-Playing-Orchestra3-1-wave-files/Virtual-Playing-Orchestra3/libs/NoBudgetOrch/SoloViolin/PizzicatoVib/5_G-PB.wav,S,pizzicato,Solo Violin,1.37,C:/Users/elagio/vs/lukia/orchestral-intro/VPO3_SATB/S/pizzicato/Solo Violin/5_G-PB.wav
C:/Users/elagio/vs/lukia/orchestral-intro/Virtual-Playing-Orchestra3-1-wave-files/Virtual-Playing-Orchestra3/libs/NoBudgetOrch/SoloViolin/PizzicatoVib/5_Gb-PB.wav,S,pizzicato,Solo Violin,0.89,C:/Users/elagio/vs/lukia/orchestral-intro/VPO3_SATB/S/pizzicato/Solo Violin/5_Gb-PB.wav
C:/Users/elagio/vs/lukia/orchestral-intro/Virtual-Playing-Orchestra3-1-wave-files/Virtual-Playing-Orchestra3/libs/NoBudgetOrch/SoloViolin/PizzicatoVib/6_A-PB.wav,S,pizzicato,Solo Violin,0.64,C:/Users/elagio/vs/lukia/orchestral-intro/VPO3_SATB/S/pizzicato/Solo Violin/6_A-PB.wav
C:/Users/elagio/vs/lukia/orchestral-intro/Virtual-Playing-Orchestra3-1-wave-files/Virtual-Playing-Orchestra3/libs/NoBudgetOrch/SoloViolin/PizzicatoVib/6_Ab-PB.wav,S,pizzicato,Solo Violin,0.63,C:/Users/elagio/vs/lukia/orchestral-intro/VPO3_SATB/S/pizzicato/Solo Violin/6_Ab-PB.wav
C:/Users/elagio/vs/lukia/orchestral-intro/Virtual-Playing-Orchestra3-1-wave-files/Virtual-Playing-Orchestra3/libs/NoBudgetOrch/SoloViolin/PizzicatoVib/6_B-PB.wav,S,pizzicato,Solo Violin,0.51,C:/Users/elagio/vs/lukia/orchestral-intro/VPO3_SATB/S/pizzicato/Solo Violin/6_B-PB.wav
C:/Users/elagio/vs/lukia/orchestral-intro/Virtual-Playing-Orchestra3-1-wave-files/Virtual-Playing-Orchestra3/libs/NoBudgetOrch/SoloViolin/PizzicatoVib/6_Bb-PB.wav,S,pizzicato,Solo Violin,0.68,C:/Users/elagio/vs/lukia/orchestral-intro/VPO3_SATB/S/pizzicato/Solo Violin/6_Bb-PB.wav
C:/Users/elagio/vs/lukia/orchestral-intro/Virtual-Playing-Orchestra3-1-wave-files/Virtual-Playing-Orchestra3/libs/NoBudgetOrch/SoloViolin/PizzicatoVib/6_C-PB.wav,S,pizzicato,Solo Violin,0.67,C:/Users/elagio/vs/lukia/orchestral-intro/VPO3_SATB/S/pizzicato/Solo Violin/6_C-PB.wav
C:/Users/elagio/vs/lukia/orchestral-intro/Virtual-Playing-Orchestra3-1-wave-files/Virtual-Playing-Orchestra3/libs/NoBudgetOrch/SoloViolin/PizzicatoVib/6_D-PB.wav,S,pizzicato,Solo Violin,0.69,C:/Users/elagio/vs/lukia/orchestral-intro/VPO3_SATB/S/pizzicato/Solo Violin/6_D-PB.wav
C:/Users/elagio/vs/lukia/orchestral-intro/Virtual-Playing-Orchestra3-1-wave-files/Virtual-Playing-Orchestra3/libs/NoBudgetOrch/SoloViolin/PizzicatoVib/6_Db-PB.wav,S,pizzicato,Solo Violin,0.73,C:/Users/elagio/vs/lukia/orchestral-intro/VPO3_SATB/S/pizzicato/Solo Violin/6_Db-PB.wav
C:/Users/elagio/vs/lukia/orchestral-intro/Virtual-Playing-Orchestra3-1-wave-files/Virtual-Playing-Orchestra3/libs/NoBudgetOrch/SoloViolin/PizzicatoVib/6_E-PB.wav,S,pizzicato,Solo Violin,0.71,C:/Users/elagio/vs/lukia/orchestral-intro/VPO3_SATB/S/pizzicato/Solo Violin/6_E-PB.wav
C:/Users/elagio/vs/lukia/orchestral-intro/Virtual-Playing-Orchestra3-1-wave-files/Virtual-Playing-Orchestra3/libs/NoBudgetOrch/SoloViolin/PizzicatoVib/6_Eb-PB.wav,S,pizzicato,Solo Violin,0.79,C:/Users/elagio/vs/lukia/orchestral-intro/VPO3_SATB/S/pizzicato/Solo Violin/6_Eb-PB.wav
C:/Users/elagio/vs/lukia/orchestral-intro/Virtual-Playing-Orchestra3-1-wave-files/Virtual-Playing-Orchestra3/libs/NoBudgetOrch/SoloViolin/PizzicatoVib/6_F-PB.wav,S,pizzicato,Solo Violin,0.64,C:/Users/elagio/vs/lukia/orchestral-intro/VPO3_SATB/S/pizzicato/Solo Violin/6_F-PB.wav
C:/Users/elagio/vs/lukia/orchestral-intro/Virtual-Playing-Orchestra3-1-wave-files/Virtual-Playing-Orchestra3/libs/NoBudgetOrch/SoloViolin/PizzicatoVib/6_G-PB.wav,S,pizzicato,Solo Violin,0.68,C:/Users/elagio/vs/lukia/orchestral-intro/VPO3_SATB/S/pizzicato/Solo Violin/6_G-PB.wav
C:/Users/elagio/vs/lukia/orchestral-intro/Virtual-Playing-Orchestra3-1-wave-files/Virtual-Playing-Orchestra3/libs/NoBudgetOrch/SoloViolin/PizzicatoVib/6_Gb-PB.wav,S,pizzicato,Solo Violin,0.64,C:/Users/elagio/vs/lukia/orchestral-intro/VPO3_SATB/S/pizzicato/Solo Violin/6_Gb-PB.wav
C:/Users/elagio/vs/lukia/orchestral-intro/Virtual-Playing-Orchestra3-1-wave-files/Virtual-Playing-Orchestra3/libs/NoBudgetOrch/SoloViolin/Spiccato/3_A-PB.wav,S,pizzicato,Solo Violin,1.27,C:/Users/elagio/vs/lukia/orchestral-intro/VPO3_SATB/S/pizzicato/Solo Violin/3_A-PB.wav
C:/Users/elagio/vs/lukia/orchestral-intro/Virtual-Playing-Orchestra3-1-wave-files/Virtual-Playing-Orchestra3/libs/NoBudgetOrch/SoloViolin/Spiccato/3_Ab-PB.wav,S,pizzicato,Solo Violin,0.94,C:/Users/elagio/vs/lukia/orchestral-intro/VPO3_SATB/S/pizzicato/Solo Violin/3_Ab-PB.wav
C:/Users/elagio/vs/lukia/orchestral-intro/Virtual-Playing-Orchestra3-1-wave-files/Virtual-Playing-Orchestra3/libs/NoBudgetOrch/SoloViolin/Spiccato/3_B-PB.wav,S,pizzicato,Solo Violin,1.1,C:/Users/elagio/vs/lukia/orchestral-intro/VPO3_SATB/S/pizzicato/Solo Violin/3_B-PB.wav
C:/Users/elagio/vs/lukia/orchestral-intro/Virtual-Playing-Orchestra3-1-wave-files/Virtual-Playing-Orchestra3/libs/NoBudgetOrch/SoloViolin/Spiccato/3_Bb-PB.wav,S,pizzicato,Solo Violin,1.09,C:/Users/elagio/vs/lukia/orchestral-intro/VPO3_SATB/S/pizzicato/Solo Violin/3_Bb-PB.wav
C:/Users/elagio/vs/lukia/orchestral-intro/Virtual-Playing-Orchestra3-1-wave-files/Virtual-Playing-Orchestra3/libs/NoBudgetOrch/SoloViolin/Spiccato/4_Ab-PB.wav,S,pizzicato,Solo Violin,1.02,C:/Users/elagio/vs/lukia/orchestral-intro/VPO3_SATB/S/pizzicato/Solo Violin/4_Ab-PB.wav
C:/Users/elagio/vs/lukia/orchestral-intro/Virtual-Playing-Orchestra3-1-wave-files/Virtual-Playing-Orchestra3/libs/NoBudgetOrch/SoloViolin/Spiccato/4_B-PB.wav,S,pizzicato,Solo Violin,1.19,C:/Users/elagio/vs/lukia/orchestral-intro/VPO3_SATB/S/pizzicato/Solo Violin/4_B-PB.wav
C:/Users/elagio/vs/lukia/orchestral-intro/Virtual-Playing-Orchestra3-1-wave-files/Virtual-Playing-Orchestra3/libs/NoBudgetOrch/SoloViolin/Spiccato/4_Bb-PB.wav,S,pizzicato,Solo Violin,1.03,C:/Users/elagio/vs/lukia/orchestral-intro/VPO3_SATB/S/pizzicato/Solo Violin/4_Bb-PB.wav
C:/Users/elagio/vs/lukia/orchestral-intro/Virtual-Playing-Orchestra3-1-wave-files/Virtual-Playing-Orchestra3/libs/NoBudgetOrch/SoloViolin/Spiccato/4_C-PB.wav,S,pizzicato,Solo Violin,1.14,C:/Users/elagio/vs/lukia/orchestral-intro/VPO3_SATB/S/pizzicato/Solo Violin/4_C-PB.wav
C:/Users/elagio/vs/lukia/orchestral-intro/Virtual-Playing-Orchestra3-1-wave-files/Virtual-Playing-Orchestra3/libs/NoBudgetOrch/SoloViolin/Spiccato/4_E-PB.wav,S,pizzicato,Solo Violin,1.59,C:/Users/elagio/vs/lukia/orchestral-intro/VPO3_SATB/S/pizzicato/Solo Violin/4_E-PB.wav
C:/Users/elagio/vs/lukia/orchestral-intro/Virtual-Playing-Orchestra3-1-wave-files/Virtual-Playing-Orchestra3/libs/NoBudgetOrch/SoloViolin/Spiccato/4_Eb-PB.wav,S,pizzicato,Solo Violin,0.84,C:/Users/elagio/vs/lukia/orchestral-intro/VPO3_SATB/S/pizzicato/Solo Violin/4_Eb-PB.wav
C:/Users/elagio/vs/lukia/orchestral-intro/Virtual-Playing-Orchestra3-1-wave-files/Virtual-Playing-Orchestra3/libs/NoBudgetOrch/SoloViolin/Spiccato/4_G-PB.wav,S,pizzicato,Solo Violin,2.03,C:/Users/elagio/vs/lukia/orchestral-intro/VPO3_SATB/S/pizzicato/Solo Violin/4_G-PB.wav
C:/Users/elagio/vs/lukia/orchestral-intro/Virtual-Playing-Orchestra3-1-wave-files/Virtual-Playing-Orchestra3/libs/NoBudgetOrch/SoloViolin/Spiccato/4_Gb-PB.wav,S,pizzicato,Solo Violin,1.21,C:/Users/elagio/vs/lukia/orchestral-intro/VPO3_SATB/S/pizzicato/Solo Violin/4_Gb-PB.wav
C:/Users/elagio/vs/lukia/orchestral-intro/Virtual-Playing-Orchestra3-1-wave-files/Virtual-Playing-Orchestra3/libs/NoBudgetOrch/SoloViolin/Spiccato/5_A-PB.wav,S,pizzicato,Solo Violin,1.39,C:/Users/elagio/vs/lukia/orchestral-intro/VPO3_SATB/S/pizzicato/Solo Violin/5_A-PB.wav
C:/Users/elagio/vs/lukia/orchestral-intro/Virtual-Playing-Orchestra3-1-wave-files/Virtual-Playing-Orchestra3/libs/NoBudgetOrch/SoloViolin/Spiccato/5_Ab-PB.wav,S,pizzicato,Solo Violin,0.83,C:/Users/elagio/vs/lukia/orchestral-intro/VPO3_SATB/S/pizzicato/Solo Violin/5_Ab-PB.wav
C:/Users/elagio/vs/lukia/orchestral-intro/Virtual-Playing-Orchestra3-1-wave-files/Virtual-Playing-Orchestra3/libs/NoBudgetOrch/SoloViolin/Spiccato/5_B-PB.wav,S,pizzicato,Solo Violin,1.46,C:/Users/elagio/vs/lukia/orchestral-intro/VPO3_SATB/S/pizzicato/Solo Violin/5_B-PB.wav
C:/Users/elagio/vs/lukia/orchestral-intro/Virtual-Playing-Orchestra3-1-wave-files/Virtual-Playing-Orchestra3/libs/NoBudgetOrch/SoloViolin/Spiccato/5_Bb-PB.wav,S,pizzicato,Solo Violin,0.82,C:/Users/elagio/vs/lukia/orchestral-intro/VPO3_SATB/S/pizzicato/Solo Violin/5_Bb-PB.wav
C:/Users/elagio/vs/lukia/orchestral-intro/Virtual-Playing-Orchestra3-1-wave-files/Virtual-Playing-Orchestra3/libs/NoBudgetOrch/SoloViolin/Spiccato/5_C-PB.wav,S,pizzicato,Solo Violin,0.78,C:/Users/elagio/vs/lukia/orchestral-intro/VPO3_SATB/S/pizzicato/Solo Violin/5_C-PB.wav
C:/Users/elagio/vs/lukia/orchestral-intro/Virtual-Playing-Orchestra3-1-wave-files/Virtual-Playing-Orchestra3/libs/NoBudgetOrch/SoloViolin/Spiccato/5_Db-PB.wav,S,pizzicato,Solo Violin,0.84,C:/Users/elagio/vs/lukia/orchestral-intro/VPO3_SATB/S/pizzicato/Solo Violin/5_Db-PB.wav
C:/Users/elagio/vs/lukia/orchestral-intro/Virtual-Playing-Orchestra3-1-wave-files/Virtual-Playing-Orchestra3/libs/NoBudgetOrch/SoloViolin/Spiccato/5_F-PB.wav,S,pizzicato,Solo Violin,0.91,C:/Users/elagio/vs/lukia/orchestral-intro/VPO3_SATB/S/pizzicato/Solo Violin/5_F-PB.wav
C:/Users/elagio/vs/lukia/orchestral-intro/Virtual-Playing-Orchestra3-1-wave-files/Virtual-Playing-Orchestra3/libs/NoBudgetOrch/SoloViolin/Spiccato/5_Gb-PB.wav,S,pizzicato,Solo Violin,0.91,C:/Users/elagio/vs/lukia/orchestral-intro/VPO3_SATB/S/pizzicato/Solo Violin/5_Gb-PB.wav
C:/Users/elagio/vs/lukia/orchestral-intro/Virtual-Playing-Orchestra3-1-wave-files/Virtual-Playing-Orchestra3/libs/NoBudgetOrch/SoloViolin/Spiccato/6_A-PB.wav,S,pizzicato,Solo Violin,0.8,C:/Users/elagio/vs/lukia/orchestral-intro/VPO3_SATB/S/pizzicato/Solo Violin/6_A-PB.wav
C:/Users/elagio/vs/lukia/orchestral-intro/Virtual-Playing-Orchestra3-1-wave-files/Virtual-Playing-Orchestra3/libs/NoBudgetOrch/SoloViolin/Spiccato/6_Ab-PB.wav,S,pizzicato,Solo Violin,0.76,C:/Users/elagio/vs/lukia/orchestral-intro/VPO3_SATB/S/pizzicato/Solo Violin/6_Ab-PB.wav
C:/Users/elagio/vs/lukia/orchestral-intro/Virtual-Playing-Orchestra3-1-wave-files/Virtual-Playing-Orchestra3/libs/NoBudgetOrch/SoloViolin/Spiccato/6_B-PB.wav,S,pizzicato,Solo Violin,0.77,C:/Users/elagio/vs/lukia/orchestral-intro/VPO3_SATB/S/pizzicato/Solo Violin/6_B-PB.wav
C:/Users/elagio/vs/lukia/orchestral-intro/Virtual-Playing-Orchestra3-1-wave-files/Virtual-Playing-Orchestra3/libs/NoBudgetOrch/SoloViolin/Spiccato/6_Bb-PB.wav,S,pizzicato,Solo Violin,0.68,C:/Users/elagio/vs/lukia/orchestral-intro/VPO3_SATB/S/pizzicato/Solo Violin/6_Bb-PB.wav
C:/Users/elagio/vs/lukia/orchestral-intro/Virtual-Playing-Orchestra3-1-wave-files/Virtual-Playing-Orchestra3/libs/NoBudgetOrch/SoloViolin/Spiccato/6_C-PB.wav,S,pizzicato,Solo Violin,0.86,C:/Users/elagio/vs/lukia/orchestral-intro/VPO3_SATB/S/pizzicato/Solo Violin/6_C-PB.wav
C:/Users/elagio/vs/lukia/orchestral-intro/Virtual-Playing-Orchestra3-1-wave-files/Virtual-Playing-Orchestra3/libs/NoBudgetOrch/SoloViolin/Spiccato/6_E-PB.wav,S,pizzicato,Solo Violin,0.97,C:/Users/elagio/vs/lukia/orchestral-intro/VPO3_SATB/S/pizzicato/Solo Violin/6_E-PB.wav
C:/Users/elagio/vs/lukia/orchestral-intro/Virtual-Playing-Orchestra3-1-wave-files/Virtual-Playing-Orchestra3/libs/NoBudgetOrch/SoloViolin/Spiccato/6_Eb-PB.wav,S,pizzicato,Solo Violin,0.87,C:/Users/elagio/vs/lukia/orchestral-intro/VPO3_SATB/S/pizzicato/Solo Violin/6_Eb-PB.wav
C:/Users/elagio/vs/lukia/orchestral-intro/Virtual-Playing-Orchestra3-1-wave-files/Virtual-Playing-Orchestra3/libs/NoBudgetOrch/SoloViolin/Spiccato/6_F-PB.wav,S,pizzicato,Solo Violin,0.83,C:/Users/elagio/vs/lukia/orchestral-intro/VPO3_SATB/S/pizzicato/Solo Violin/6_F-PB.wav
C:/Users/elagio/vs/lukia/orchestral-intro/Virtual-Playing-Orchestra3-1-wave-files/Virtual-Playing-Orchestra3/libs/NoBudgetOrch/SoloViolin/Spiccato/6_G-PB.wav,S,pizzicato,Solo Violin,0.75,C:/Users/elagio/vs/lukia/orchestral-intro/VPO3_SATB/S/pizzicato/Solo Violin/6_G-PB.wav
C:/Users/elagio/vs/lukia/orchestral-intro/Virtual-Playing-Orchestra3-1-wave-files/Virtual-Playing-Orchestra3/libs/NoBudgetOrch/SoloViolin/Vibrato/3_A-PB-loop.wav,S,sustain_long,Solo Violin,4.14,C:/Users/elagio/vs/lukia/orchestral-intro/VPO3_SATB/S/sustain_long/Solo Violin/3_A-PB-loop.wav
C:/Users/elagio/vs/lukia/orchestral-intro/Virtual-Playing-Orchestra3-1-wave-files/Virtual-Playing-Orchestra3/libs/NoBudgetOrch/SoloViolin/Vibrato/3_Ab-PB-loop.wav,S,sustain_long,Solo Violin,4.86,C:/Users/elagio/vs/lukia/orchestral-intro/VPO3_SATB/S/sustain_long/Solo Violin/3_Ab-PB-loop.wav
C:/Users/elagio/vs/lukia/orchestral-intro/Virtual-Playing-Orchestra3-1-wave-files/Virtual-Playing-Orchestra3/libs/NoBudgetOrch/SoloViolin/Vibrato/3_B-PB-loop.wav,S,sustain_long,Solo Violin,3.46,C:/Users/elagio/vs/lukia/orchestral-intro/VPO3_SATB/S/sustain_long/Solo Violin/3_B-PB-loop.wav
C:/Users/elagio/vs/lukia/orchestral-intro/Virtual-Playing-Orchestra3-1-wave-files/Virtual-Playing-Orchestra3/libs/NoBudgetOrch/SoloViolin/Vibrato/3_G-PB-loop.wav,S,sustain_long,Solo Violin,3.65,C:/Users/elagio/vs/lukia/orchestral-intro/VPO3_SATB/S/sustain_long/Solo Violin/3_G-PB-loop.wav
C:/Users/elagio/vs/lukia/orchestral-intro/Virtual-Playing-Orchestra3-1-wave-files/Virtual-Playing-Orchestra3/libs/NoBudgetOrch/SoloViolin/Vibrato/4_A-PB.wav,S,sustain_long,Solo Violin,4.06,C:/Users/elagio/vs/lukia/orchestral-intro/VPO3_SATB/S/sustain_long/Solo Violin/4_A-PB.wav
C:/Users/elagio/vs/lukia/orchestral-intro/Virtual-Playing-Orchestra3-1-wave-files/Virtual-Playing-Orchestra3/libs/NoBudgetOrch/SoloViolin/Vibrato/4_Ab-PB.wav,S,sustain_long,Solo Violin,2.73,C:/Users/elagio/vs/lukia/orchestral-intro/VPO3_SATB/S/sustain_long/Solo Violin/4_Ab-PB.wav
C:/Users/elagio/vs/lukia/orchestral-intro/Virtual-Playing-Orchestra3-1-wave-files/Virtual-Playing-Orchestra3/libs/NoBudgetOrch/SoloViolin/Vibrato/4_C-PB.wav,S,sustain_long,Solo Violin,3.75,C:/Users/elagio/vs/lukia/orchestral-intro/VPO3_SATB/S/sustain_long/Solo Violin/4_C-PB.wav
C:/Users/elagio/vs/lukia/orchestral-intro/Virtual-Playing-Orchestra3-1-wave-files/Virtual-Playing-Orchestra3/libs/NoBudgetOrch/SoloViolin/Vibrato/4_D-PB.wav,S,sustain_long,Solo Violin,3.79,C:/Users/elagio/vs/lukia/orchestral-intro/VPO3_SATB/S/sustain_long/Solo Violin/4_D-PB.wav
C:/Users/elagio/vs/lukia/orchestral-intro/Virtual-Playing-Orchestra3-1-wave-files/Virtual-Playing-Orchestra3/libs/NoBudgetOrch/SoloViolin/Vibrato/4_Db-PB.wav,S,sustain_long,Solo Violin,3.65,C:/Users/elagio/vs/lukia/orchestral-intro/VPO3_SATB/S/sustain_long/Solo Violin/4_Db-PB.wav
C:/Users/elagio/vs/lukia/orchestral-intro/Virtual-Playing-Orchestra3-1-wave-files/Virtual-Playing-Orchestra3/libs/NoBudgetOrch/SoloViolin/Vibrato/4_Eb-PB.wav,S,sustain_long,Solo Violin,3.94,C:/Users/elagio/vs/lukia/orchestral-intro/VPO3_SATB/S/sustain_long/Solo Violin/4_Eb-PB.wav
C:/Users/elagio/vs/lukia/orchestral-intro/Virtual-Playing-Orchestra3-1-wave-files/Virtual-Playing-Orchestra3/libs/NoBudgetOrch/SoloViolin/Vibrato/4_F-PB.wav,S,sustain_long,Solo Violin,4.45,C:/Users/elagio/vs/lukia/orchestral-intro/VPO3_SATB/S/sustain_long/Solo Violin/4_F-PB.wav
C:/Users/elagio/vs/lukia/orchestral-intro/Virtual-Playing-Orchestra3-1-wave-files/Virtual-Playing-Orchestra3/libs/NoBudgetOrch/SoloViolin/Vibrato/4_G-PB.wav,S,sustain_long,Solo Violin,3.55,C:/Users/elagio/vs/lukia/orchestral-intro/VPO3_SATB/S/sustain_long/Solo Violin/4_G-PB.wav
C:/Users/elagio/vs/lukia/orchestral-intro/Virtual-Playing-Orchestra3-1-wave-files/Virtual-Playing-Orchestra3/libs/NoBudgetOrch/SoloViolin/Vibrato/4_Gb-PB.wav,S,sustain_long,Solo Violin,4.2,C:/Users/elagio/vs/lukia/orchestral-intro/VPO3_SATB/S/sustain_long/Solo Violin/4_Gb-PB.wav
C:/Users/elagio/vs/lukia/orchestral-intro/Virtual-Playing-Orchestra3-1-wave-files/Virtual-Playing-Orchestra3/libs/NoBudgetOrch/SoloViolin/Vibrato/5_Ab-PB.wav,S,sustain_long,Solo Violin,4.0,C:/Users/elagio/vs/lukia/orchestral-intro/VPO3_SATB/S/sustain_long/Solo Violin/5_Ab-PB.wav
C:/Users/elagio/vs/lukia/orchestral-intro/Virtual-Playing-Orchestra3-1-wave-files/Virtual-Playing-Orchestra3/libs/NoBudgetOrch/SoloViolin/Vibrato/5_B-PB.wav,S,sustain_long,Solo Violin,3.73,C:/Users/elagio/vs/lukia/orchestral-intro/VPO3_SATB/S/sustain_long/Solo Violin/5_B-PB.wav
C:/Users/elagio/vs/lukia/orchestral-intro/Virtual-Playing-Orchestra3-1-wave-files/Virtual-Playing-Orchestra3/libs/NoBudgetOrch/SoloViolin/Vibrato/5_Bb-PB.wav,S,sustain_long,Solo Violin,4.23,C:/Users/elagio/vs/lukia/orchestral-intro/VPO3_SATB/S/sustain_long/Solo Violin/5_Bb-PB.wav
C:/Users/elagio/vs/lukia/orchestral-intro/Virtual-Playing-Orchestra3-1-wave-files/Virtual-Playing-Orchestra3/libs/NoBudgetOrch/SoloViolin/Vibrato/5_C-PB.wav,S,sustain_long,Solo Violin,3.56,C:/Users/elagio/vs/lukia/orchestral-intro/VPO3_SATB/S/sustain_long/Solo Violin/5_C-PB.wav
C:/Users/elagio/vs/lukia/orchestral-intro/Virtual-Playing-Orchestra3-1-wave-files/Virtual-Playing-Orchestra3/libs/NoBudgetOrch/SoloViolin/Vibrato/5_D-PB.wav,S,sustain_long,Solo Violin,4.63,C:/Users/elagio/vs/lukia/orchestral-intro/VPO3_SATB/S/sustain_long/Solo Violin/5_D-PB.wav
C:/Users/elagio/vs/lukia/orchestral-intro/Virtual-Playing-Orchestra3-1-wave-files/Virtual-Playing-Orchestra3/libs/NoBudgetOrch/SoloViolin/Vibrato/5_Db-PB.wav,S,sustain_long,Solo Violin,5.17,C:/Users/elagio/vs/lukia/orchestral-intro/VPO3_SATB/S/sustain_long/Solo Violin/5_Db-PB.wav
C:/Users/elagio/vs/lukia/orchestral-intro/Virtual-Playing-Orchestra3-1-wave-files/Virtual-Playing-Orchestra3/libs/NoBudgetOrch/SoloViolin/Vibrato/5_E-PB.wav,S,sustain_long,Solo Violin,4.63,C:/Users/elagio/vs/lukia/orchestral-intro/VPO3_SATB/S/sustain_long/Solo Violin/5_E-PB.wav
C:/Users/elagio/vs/lukia/orchestral-intro/Virtual-Playing-Orchestra3-1-wave-files/Virtual-Playing-Orchestra3/libs/NoBudgetOrch/SoloViolin/Vibrato/5_Eb-PB.wav,S,sustain_long,Solo Violin,4.05,C:/Users/elagio/vs/lukia/orchestral-intro/VPO3_SATB/S/sustain_long/Solo Violin/5_Eb-PB.wav
C:/Users/elagio/vs/lukia/orchestral-intro/Virtual-Playing-Orchestra3-1-wave-files/Virtual-Playing-Orchestra3/libs/NoBudgetOrch/SoloViolin/Vibrato/5_F-PB.wav,S,sustain_long,Solo Violin,4.3,C:/Users/elagio/vs/lukia/orchestral-intro/VPO3_SATB/S/sustain_long/Solo Violin/5_F-PB.wav
C:/Users/elagio/vs/lukia/orchestral-intro/Virtual-Playing-Orchestra3-1-wave-files/Virtual-Playing-Orchestra3/libs/NoBudgetOrch/SoloViolin/Vibrato/5_G-PB.wav,S,sustain_long,Solo Violin,3.99,C:/Users/elagio/vs/lukia/orchestral-intro/VPO3_SATB/S/sustain_long/Solo Violin/5_G-PB.wav
C:/Users/elagio/vs/lukia/orchestral-intro/Virtual-Playing-Orchestra3-1-wave-files/Virtual-Playing-Orchestra3/libs/NoBudgetOrch/SoloViolin/Vibrato/5_Gb-PB.wav,S,sustain_long,Solo Violin,4.07,C:/Users/elagio/vs/lukia/orchestral-intro/VPO3_SATB/S/sustain_long/Solo Violin/5_Gb-PB.wav
C:/Users/elagio/vs/lukia/orchestral-intro/Virtual-Playing-Orchestra3-1-wave-files/Virtual-Playing-Orchestra3/libs/NoBudgetOrch/SoloViolin/Vibrato/6_Ab-PB.wav,S,sustain_long,Solo Violin,3.38,C:/Users/elagio/vs/lukia/orchestral-intro/VPO3_SATB/S/sustain_long/Solo Violin/6_Ab-PB.wav
C:/Users/elagio/vs/lukia/orchestral-intro/Virtual-Playing-Orchestra3-1-wave-files/Virtual-Playing-Orchestra3/libs/NoBudgetOrch/SoloViolin/Vibrato/6_Bb-PB-loop.wav,S,sustain_long,Solo Violin,2.74,C:/Users/elagio/vs/lukia/orchestral-intro/VPO3_SATB/S/sustain_long/Solo Violin/6_Bb-PB-loop.wav
C:/Users/elagio/vs/lukia/orchestral-intro/Virtual-Playing-Orchestra3-1-wave-files/Virtual-Playing-Orchestra3/libs/NoBudgetOrch/SoloViolin/Vibrato/6_C-PB.wav,S,sustain_long,Solo Violin,3.95,C:/Users/elagio/vs/lukia/orchestral-intro/VPO3_SATB/S/sustain_long/Solo Violin/6_C-PB.wav
C:/Users/elagio/vs/lukia/orchestral-intro/Virtual-Playing-Orchestra3-1-wave-files/Virtual-Playing-Orchestra3/libs/NoBudgetOrch/SoloViolin/Vibrato/6_D-PB.wav,S,sustain_long,Solo Violin,4.0,C:/Users/elagio/vs/lukia/orchestral-intro/VPO3_SATB/S/sustain_long/Solo Violin/6_D-PB.wav
C:/Users/elagio/vs/lukia/orchestral-intro/Virtual-Playing-Orchestra3-1-wave-files/Virtual-Playing-Orchestra3/libs/NoBudgetOrch/SoloViolin/Vibrato/6_Db-PB.wav,S,sustain_long,Solo Violin,4.84,C:/Users/elagio/vs/lukia/orchestral-intro/VPO3_SATB/S/sustain_long/Solo Violin/6_Db-PB.wav
C:/Users/elagio/vs/lukia/orchestral-intro/Virtual-Playing-Orchestra3-1-wave-files/Virtual-Playing-Orchestra3/libs/NoBudgetOrch/SoloViolin/Vibrato/6_Gb-PB.wav,S,sustain_long,Solo Violin,3.45,C:/Users/elagio/vs/lukia/orchestral-intro/VPO3_SATB/S/sustain_long/Solo Violin/6_Gb-PB.wav
C:/Users/elagio/vs/lukia/orchestral-intro/Virtual-Playing-Orchestra3-1-wave-files/Virtual-Playing-Orchestra3/libs/NoBudgetOrch2/Cello/CelloSect/Tremulo/2_Ab_t.wav,T,sustain,Cellos,2.28,C:/Users/elagio/vs/lukia/orchestral-intro/VPO3_SATB/T/sustain/Cellos/2_Ab_t.wav
C:/Users/elagio/vs/lukia/orchestral-intro/Virtual-Playing-Orchestra3-1-wave-files/Virtual-Playing-Orchestra3/libs/NoBudgetOrch2/Cello/CelloSect/Tremulo/2_Bb_t-PB-loop.wav,T,sustain,Cellos,2.46,C:/Users/elagio/vs/lukia/orchestral-intro/VPO3_SATB/T/sustain/Cellos/2_Bb_t-PB-loop.wav
C:/Users/elagio/vs/lukia/orchestral-intro/Virtual-Playing-Orchestra3-1-wave-files/Virtual-Playing-Orchestra3/libs/NoBudgetOrch2/Cello/CelloSect/Tremulo/2_C_t.wav,T,sustain,Cellos,3.06,C:/Users/elagio/vs/lukia/orchestral-intro/VPO3_SATB/T/sustain/Cellos/2_C_t.wav
C:/Users/elagio/vs/lukia/orchestral-intro/Virtual-Playing-Orchestra3-1-wave-files/Virtual-Playing-Orchestra3/libs/NoBudgetOrch2/Cello/CelloSect/Tremulo/2_D_t.wav,T,sustain,Cellos,3.14,C:/Users/elagio/vs/lukia/orchestral-intro/VPO3_SATB/T/sustain/Cellos/2_D_t.wav
C:/Users/elagio/vs/lukia/orchestral-intro/Virtual-Playing-Orchestra3-1-wave-files/Virtual-Playing-Orchestra3/libs/NoBudgetOrch2/Cello/CelloSect/Tremulo/2_E_t.wav,T,sustain,Cellos,2.18,C:/Users/elagio/vs/lukia/orchestral-intro/VPO3_SATB/T/sustain/Cellos/2_E_t.wav
C:/Users/elagio/vs/lukia/orchestral-intro/Virtual-Playing-Orchestra3-1-wave-files/Virtual-Playing-Orchestra3/libs/NoBudgetOrch2/Cello/CelloSect/Tremulo/2_Gb_t.wav,T,sustain,Cellos,2.2,C:/Users/elagio/vs/lukia/orchestral-intro/VPO3_SATB/T/sustain/Cellos/2_Gb_t.wav
C:/Users/elagio/vs/lukia/orchestral-intro/Virtual-Playing-Orchestra3-1-wave-files/Virtual-Playing-Orchestra3/libs/NoBudgetOrch2/Cello/CelloSect/Tremulo/3_Ab_t-PB-loop.wav,T,sustain,Cellos,3.94,C:/Users/elagio/vs/lukia/orchestral-intro/VPO3_SATB/T/sustain/Cellos/3_Ab_t-PB-loop.wav
C:/Users/elagio/vs/lukia/orchestral-intro/Virtual-Playing-Orchestra3-1-wave-files/Virtual-Playing-Orchestra3/libs/NoBudgetOrch2/Cello/CelloSect/Tremulo/3_Bb_t.wav,T,sustain,Cellos,2.46,C:/Users/elagio/vs/lukia/orchestral-intro/VPO3_SATB/T/sustain/Cellos/3_Bb_t.wav
C:/Users/elagio/vs/lukia/orchestral-intro/Virtual-Playing-Orchestra3-1-wave-files/Virtual-Playing-Orchestra3/libs/NoBudgetOrch2/Cello/CelloSect/Tremulo/3_C_t.wav,T,sustain,Cellos,1.91,C:/Users/elagio/vs/lukia/orchestral-intro/VPO3_SATB/T/sustain/Cellos/3_C_t.wav
C:/Users/elagio/vs/lukia/orchestral-intro/Virtual-Playing-Orchestra3-1-wave-files/Virtual-Playing-Orchestra3/libs/NoBudgetOrch2/Cello/CelloSect/Tremulo/3_D_t.wav,T,sustain,Cellos,1.5,C:/Users/elagio/vs/lukia/orchestral-intro/VPO3_SATB/T/sustain/Cellos/3_D_t.wav
C:/Users/elagio/vs/lukia/orchestral-intro/Virtual-Playing-Orchestra3-1-wave-files/Virtual-Playing-Orchestra3/libs/NoBudgetOrch2/Cello/CelloSect/Tremulo/3_E_t.wav,T,sustain,Cellos,2.16,C:/Users/elagio/vs/lukia/orchestral-intro/VPO3_SATB/T/sustain/Cellos/3_E_t.wav
C:/Users/elagio/vs/lukia/orchestral-intro/Virtual-Playing-Orchestra3-1-wave-files/Virtual-Playing-Orchestra3/libs/NoBudgetOrch2/Cello/CelloSect/Tremulo/3_Gb_t-PB-loop.wav,T,sustain,Cellos,3.8,C:/Users/elagio/vs/lukia/orchestral-intro/VPO3_SATB/T/sustain/Cellos/3_Gb_t-PB-loop.wav
C:/Users/elagio/vs/lukia/orchestral-intro/Virtual-Playing-Orchestra3-1-wave-files/Virtual-Playing-Orchestra3/libs/NoBudgetOrch2/Cello/CelloSect/Tremulo/4_C_t-PB-loop.wav,T,sustain,Cellos,4.4,C:/Users/elagio/vs/lukia/orchestral-intro/VPO3_SATB/T/sustain/Cellos/4_C_t-PB-loop.wav
C:/Users/elagio/vs/lukia/orchestral-intro/Virtual-Playing-Orchestra3-1-wave-files/Virtual-Playing-Orchestra3/libs/NoBudgetOrch2/Cello/CelloSect/Tremulo/4_D_t-PB-loop.wav,T,sustain,Cellos,3.0,C:/Users/elagio/vs/lukia/orchestral-intro/VPO3_SATB/T/sustain/Cellos/4_D_t-PB-loop.wav
C:/Users/elagio/vs/lukia/orchestral-intro/Virtual-Playing-Orchestra3-1-wave-files/Virtual-Playing-Orchestra3/libs/NoBudgetOrch2/Cello/CelloSect/Tremulo/4_E_t.wav,T,sustain,Cellos,2.06,C:/Users/elagio/vs/lukia/orchestral-intro/VPO3_SATB/T/sustain/Cellos/4_E_t.wav
C:/Users/elagio/vs/lukia/orchestral-intro/Virtual-Playing-Orchestra3-1-wave-files/Virtual-Playing-Orchestra3/libs/NoBudgetOrch2/Cello/CelloSect/Tremulo/4_Gb_t.wav,T,sustain,Cellos,1.75,C:/Users/elagio/vs/lukia/orchestral-intro/VPO3_SATB/T/sustain/Cellos/4_Gb_t.wav
C:/Users/elagio/vs/lukia/orchestral-intro/Virtual-Playing-Orchestra3-1-wave-files/Virtual-Playing-Orchestra3/libs/NoBudgetOrch2/Trombone/TromboneSect/Sustain/2_A.wav,T,sustain,Trombone,4.77,C:/Users/elagio/vs/lukia/orchestral-intro/VPO3_SATB/T/sustain/Trombone/2_A.wav
C:/Users/elagio/vs/lukia/orchestral-intro/Virtual-Playing-Orchestra3-1-wave-files/Virtual-Playing-Orchestra3/libs/NoBudgetOrch2/Trombone/TromboneSect/Sustain/2_Bb_p.wav,T,sustain,Trombone,2.76,C:/Users/elagio/vs/lukia/orchestral-intro/VPO3_SATB/T/sustain/Trombone/2_Bb_p.wav
C:/Users/elagio/vs/lukia/orchestral-intro/Virtual-Playing-Orchestra3-1-wave-files/Virtual-Playing-Orchestra3/libs/NoBudgetOrch2/Trombone/TromboneSect/Sustain/2_F.wav,T,sustain,Trombone,4.52,C:/Users/elagio/vs/lukia/orchestral-intro/VPO3_SATB/T/sustain/Trombone/2_F.wav
C:/Users/elagio/vs/lukia/orchestral-intro/Virtual-Playing-Orchestra3-1-wave-files/Virtual-Playing-Orchestra3/libs/NoBudgetOrch2/Trombone/TromboneSect/Sustain/2_F_p.wav,T,sustain,Trombone,2.46,C:/Users/elagio/vs/lukia/orchestral-intro/VPO3_SATB/T/sustain/Trombone/2_F_p.wav
C:/Users/elagio/vs/lukia/orchestral-intro/Virtual-Playing-Orchestra3-1-wave-files/Virtual-Playing-Orchestra3/libs/NoBudgetOrch2/Trombone/TromboneSect/Sustain/3_A.wav,T,sustain,Trombone,5.61,C:/Users/elagio/vs/lukia/orchestral-intro/VPO3_SATB/T/sustain/Trombone/3_A.wav
C:/Users/elagio/vs/lukia/orchestral-intro/Virtual-Playing-Orchestra3-1-wave-files/Virtual-Playing-Orchestra3/libs/NoBudgetOrch2/Trombone/TromboneSect/Sustain/3_Ab_p.wav,T,sustain,Trombone,3.0,C:/Users/elagio/vs/lukia/orchestral-intro/VPO3_SATB/T/sustain/Trombone/3_Ab_p.wav
C:/Users/elagio/vs/lukia/orchestral-intro/Virtual-Playing-Orchestra3-1-wave-files/Virtual-Playing-Orchestra3/libs/NoBudgetOrch2/Trombone/TromboneSect/Sustain/3_C.wav,T,sustain,Trombone,4.16,C:/Users/elagio/vs/lukia/orchestral-intro/VPO3_SATB/T/sustain/Trombone/3_C.wav
C:/Users/elagio/vs/lukia/orchestral-intro/Virtual-Playing-Orchestra3-1-wave-files/Virtual-Playing-Orchestra3/libs/NoBudgetOrch2/Trombone/TromboneSect/Sustain/3_Eb.wav,T,sustain,Trombone,4.93,C:/Users/elagio/vs/lukia/orchestral-intro/VPO3_SATB/T/sustain/Trombone/3_Eb.wav
C:/Users/elagio/vs/lukia/orchestral-intro/Virtual-Playing-Orchestra3-1-wave-files/Virtual-Playing-Orchestra3/libs/NoBudgetOrch2/Trombone/TromboneSect/Sustain/3_Eb_p-PB-loop.wav,T,sustain,Trombone,2.93,C:/Users/elagio/vs/lukia/orchestral-intro/VPO3_SATB/T/sustain/Trombone/3_Eb_p-PB-loop.wav
C:/Users/elagio/vs/lukia/orchestral-intro/Virtual-Playing-Orchestra3-1-wave-files/Virtual-Playing-Orchestra3/libs/NoBudgetOrch2/Trombone/TromboneSect/Sustain/3_Gb.wav,T,sustain,Trombone,2.98,C:/Users/elagio/vs/lukia/orchestral-intro/VPO3_SATB/T/sustain/Trombone/3_Gb.wav
C:/Users/elagio/vs/lukia/orchestral-intro/Virtual-Playing-Orchestra3-1-wave-files/Virtual-Playing-Orchestra3/libs/NoBudgetOrch2/Trombone/TromboneSect/Sustain/4_A.wav,T,sustain,Trombone,3.68,C:/Users/elagio/vs/lukia/orchestral-intro/VPO3_SATB/T/sustain/Trombone/4_A.wav
C:/Users/elagio/vs/lukia/orchestral-intro/Virtual-Playing-Orchestra3-1-wave-files/Virtual-Playing-Orchestra3/libs/NoBudgetOrch2/Trombone/TromboneSect/Sustain/4_B_p.wav,T,sustain,Trombone,2.29,C:/Users/elagio/vs/lukia/orchestral-intro/VPO3_SATB/T/sustain/Trombone/4_B_p.wav
C:/Users/elagio/vs/lukia/orchestral-intro/Virtual-Playing-Orchestra3-1-wave-files/Virtual-Playing-Orchestra3/libs/NoBudgetOrch2/Trombone/TromboneSect/Sustain/4_C.wav,T,sustain,Trombone,3.8,C:/Users/elagio/vs/lukia/orchestral-intro/VPO3_SATB/T/sustain/Trombone/4_C.wav
C:/Users/elagio/vs/lukia/orchestral-intro/Virtual-Playing-Orchestra3-1-wave-files/Virtual-Playing-Orchestra3/libs/NoBudgetOrch2/Trombone/TromboneSect/Sustain/4_Db_p.wav,T,sustain,Trombone,3.07,C:/Users/elagio/vs/lukia/orchestral-intro/VPO3_SATB/T/sustain/Trombone/4_Db_p.wav
C:/Users/elagio/vs/lukia/orchestral-intro/Virtual-Playing-Orchestra3-1-wave-files/Virtual-Playing-Orchestra3/libs/NoBudgetOrch2/Trombone/TromboneSect/Sustain/4_Eb.wav,T,sustain,Trombone,4.53,C:/Users/elagio/vs/lukia/orchestral-intro/VPO3_SATB/T/sustain/Trombone/4_Eb.wav
C:/Users/elagio/vs/lukia/orchestral-intro/Virtual-Playing-Orchestra3-1-wave-files/Virtual-Playing-Orchestra3/libs/NoBudgetOrch2/Trombone/TromboneSect/Sustain/4_Gb.wav,T,sustain,Trombone,4.42,C:/Users/elagio/vs/lukia/orchestral-intro/VPO3_SATB/T/sustain/Trombone/4_Gb.wav
C:/Users/elagio/vs/lukia/orchestral-intro/Virtual-Playing-Orchestra3-1-wave-files/Virtual-Playing-Orchestra3/libs/NoBudgetOrch2/Trombone/TromboneSect/Sustain/4_Gb_p.wav,T,sustain,Trombone,2.53,C:/Users/elagio/vs/lukia/orchestral-intro/VPO3_SATB/T/sustain/Trombone/4_Gb_p.wav
C:/Users/elagio/vs/lukia/orchestral-intro/Virtual-Playing-Orchestra3-1-wave-files/Virtual-Playing-Orchestra3/libs/NoBudgetOrch2/Trombone/TromboneSect/Sustain/5_C.wav,T,sustain,Trombone,3.85,C:/Users/elagio/vs/lukia/orchestral-intro/VPO3_SATB/T/sustain/Trombone/5_C.wav
C:/Users/elagio/vs/lukia/orchestral-intro/Virtual-Playing-Orchestra3-1-wave-files/Virtual-Playing-Orchestra3/libs/NoBudgetOrch2/Trumpet/TrumpetSect/Sustain/3_Ab.wav,S,sustain_long,Trumpet,4.97,C:/Users/elagio/vs/lukia/orchestral-intro/VPO3_SATB/S/sustain_long/Trumpet/3_Ab.wav
C:/Users/elagio/vs/lukia/orchestral-intro/Virtual-Playing-Orchestra3-1-wave-files/Virtual-Playing-Orchestra3/libs/NoBudgetOrch2/Trumpet/TrumpetSect/Sustain/3_Bb.wav,S,sustain_long,Trumpet,4.41,C:/Users/elagio/vs/lukia/orchestral-intro/VPO3_SATB/S/sustain_long/Trumpet/3_Bb.wav
C:/Users/elagio/vs/lukia/orchestral-intro/Virtual-Playing-Orchestra3-1-wave-files/Virtual-Playing-Orchestra3/libs/NoBudgetOrch2/Trumpet/TrumpetSect/Sustain/3_Bb_p.wav,S,sustain_long,Trumpet,2.8,C:/Users/elagio/vs/lukia/orchestral-intro/VPO3_SATB/S/sustain_long/Trumpet/3_Bb_p.wav
C:/Users/elagio/vs/lukia/orchestral-intro/Virtual-Playing-Orchestra3-1-wave-files/Virtual-Playing-Orchestra3/libs/NoBudgetOrch2/Trumpet/TrumpetSect/Sustain/3_G.wav,S,sustain_long,Trumpet,5.12,C:/Users/elagio/vs/lukia/orchestral-intro/VPO3_SATB/S/sustain_long/Trumpet/3_G.wav
C:/Users/elagio/vs/lukia/orchestral-intro/Virtual-Playing-Orchestra3-1-wave-files/Virtual-Playing-Orchestra3/libs/NoBudgetOrch2/Trumpet/TrumpetSect/Sustain/4_A.wav,S,sustain_long,Trumpet,4.2,C:/Users/elagio/vs/lukia/orchestral-intro/VPO3_SATB/S/sustain_long/Trumpet/4_A.wav
C:/Users/elagio/vs/lukia/orchestral-intro/Virtual-Playing-Orchestra3-1-wave-files/Virtual-Playing-Orchestra3/libs/NoBudgetOrch2/Trumpet/TrumpetSect/Sustain/4_Ab_p.wav,S,sustain_long,Trumpet,2.15,C:/Users/elagio/vs/lukia/orchestral-intro/VPO3_SATB/S/sustain_long/Trumpet/4_Ab_p.wav
C:/Users/elagio/vs/lukia/orchestral-intro/Virtual-Playing-Orchestra3-1-wave-files/Virtual-Playing-Orchestra3/libs/NoBudgetOrch2/Trumpet/TrumpetSect/Sustain/4_Bb.wav,S,sustain_long,Trumpet,5.0,C:/Users/elagio/vs/lukia/orchestral-intro/VPO3_SATB/S/sustain_long/Trumpet/4_Bb.wav
C:/Users/elagio/vs/lukia/orchestral-intro/Virtual-Playing-Orchestra3-1-wave-files/Virtual-Playing-Orchestra3/libs/NoBudgetOrch2/Trumpet/TrumpetSect/Sustain/4_C.wav,S,sustain_long,Trumpet,5.05,C:/Users/elagio/vs/lukia/orchestral-intro/VPO3_SATB/S/sustain_long/Trumpet/4_C.wav
C:/Users/elagio/vs/lukia/orchestral-intro/Virtual-Playing-Orchestra3-1-wave-files/Virtual-Playing-Orchestra3/libs/NoBudgetOrch2/Trumpet/TrumpetSect/Sustain/4_D.wav,S,sustain_long,Trumpet,5.4,C:/Users/elagio/vs/lukia/orchestral-intro/VPO3_SATB/S/sustain_long/Trumpet/4_D.wav
C:/Users/elagio/vs/lukia/orchestral-intro/Virtual-Playing-Orchestra3-1-wave-files/Virtual-Playing-Orchestra3/libs/NoBudgetOrch2/Trumpet/TrumpetSect/Sustain/4_E.wav,S,sustain_long,Trumpet,5.35,C:/Users/elagio/vs/lukia/orchestral-intro/VPO3_SATB/S/sustain_long/Trumpet/4_E.wav
C:/Users/elagio/vs/lukia/orchestral-intro/Virtual-Playing-Orchestra3-1-wave-files/Virtual-Playing-Orchestra3/libs/NoBudgetOrch2/Trumpet/TrumpetSect/Sustain/4_Eb_p.wav,S,sustain_long,Trumpet,2.7,C:/Users/elagio/vs/lukia/orchestral-intro/VPO3_SATB/S/sustain_long/Trumpet/4_Eb_p.wav
C:/Users/elagio/vs/lukia/orchestral-intro/Virtual-Playing-Orchestra3-1-wave-files/Virtual-Playing-Orchestra3/libs/NoBudgetOrch2/Trumpet/TrumpetSect/Sustain/4_F.wav,S,sustain_long,Trumpet,3.56,C:/Users/elagio/vs/lukia/orchestral-intro/VPO3_SATB/S/sustain_long/Trumpet/4_F.wav
C:/Users/elagio/vs/lukia/orchestral-intro/Virtual-Playing-Orchestra3-1-wave-files/Virtual-Playing-Orchestra3/libs/NoBudgetOrch2/Trumpet/TrumpetSect/Sustain/4_G.wav,S,sustain_long,Trumpet,4.68,C:/Users/elagio/vs/lukia/orchestral-intro/VPO3_SATB/S/sustain_long/Trumpet/4_G.wav
C:/Users/elagio/vs/lukia/orchestral-intro/Virtual-Playing-Orchestra3-1-wave-files/Virtual-Playing-Orchestra3/libs/NoBudgetOrch2/Trumpet/TrumpetSect/Sustain/5_A.wav,S,sustain_long,Trumpet,3.8,C:/Users/elagio/vs/lukia/orchestral-intro/VPO3_SATB/S/sustain_long/Trumpet/5_A.wav
C:/Users/elagio/vs/lukia/orchestral-intro/Virtual-Playing-Orchestra3-1-wave-files/Virtual-Playing-Orchestra3/libs/NoBudgetOrch2/Trumpet/TrumpetSect/Sustain/5_Ab_p.wav,S,sustain_short,Trumpet,1.95,C:/Users/elagio/vs/lukia/orchestral-intro/VPO3_SATB/S/sustain_short/Trumpet/5_Ab_p.wav
C:/Users/elagio/vs/lukia/orchestral-intro/Virtual-Playing-Orchestra3-1-wave-files/Virtual-Playing-Orchestra3/libs/NoBudgetOrch2/Trumpet/TrumpetSect/Sustain/5_B.wav,S,sustain_long,Trumpet,3.6,C:/Users/elagio/vs/lukia/orchestral-intro/VPO3_SATB/S/sustain_long/Trumpet/5_B.wav
C:/Users/elagio/vs/lukia/orchestral-intro/Virtual-Playing-Orchestra3-1-wave-files/Virtual-Playing-Orchestra3/libs/NoBudgetOrch2/Trumpet/TrumpetSect/Sustain/5_C.wav,S,sustain_long,Trumpet,3.05,C:/Users/elagio/vs/lukia/orchestral-intro/VPO3_SATB/S/sustain_long/Trumpet/5_C.wav
C:/Users/elagio/vs/lukia/orchestral-intro/Virtual-Playing-Orchestra3-1-wave-files/Virtual-Playing-Orchestra3/libs/NoBudgetOrch2/Trumpet/TrumpetSect/Sustain/5_D.wav,S,sustain_long,Trumpet,3.96,C:/Users/elagio/vs/lukia/orchestral-intro/VPO3_SATB/S/sustain_long/Trumpet/5_D.wav
C:/Users/elagio/vs/lukia/orchestral-intro/Virtual-Playing-Orchestra3-1-wave-files/Virtual-Playing-Orchestra3/libs/NoBudgetOrch2/Trumpet/TrumpetSect/Sustain/5_Db_p.wav,S,sustain_long,Trumpet,3.06,C:/Users/elagio/vs/lukia/orchestral-intro/VPO3_SATB/S/sustain_long/Trumpet/5_Db_p.wav
C:/Users/elagio/vs/lukia/orchestral-intro/Virtual-Playing-Orchestra3-1-wave-files/Virtual-Playing-Orchestra3/libs/NoBudgetOrch2/Trumpet/TrumpetSect/Sustain/5_Eb.wav,S,sustain_long,Trumpet,3.65,C:/Users/elagio/vs/lukia/orchestral-intro/VPO3_SATB/S/sustain_long/Trumpet/5_Eb.wav
C:/Users/elagio/vs/lukia/orchestral-intro/Virtual-Playing-Orchestra3-1-wave-files/Virtual-Playing-Orchestra3/libs/NoBudgetOrch2/Trumpet/TrumpetSect/Sustain/5_F.wav,S,sustain_long,Trumpet,3.56,C:/Users/elagio/vs/lukia/orchestral-intro/VPO3_SATB/S/sustain_long/Trumpet/5_F.wav
C:/Users/elagio/vs/lukia/orchestral-intro/Virtual-Playing-Orchestra3-1-wave-files/Virtual-Playing-Orchestra3/libs/NoBudgetOrch2/Trumpet/TrumpetSect/Sustain/5_G.wav,S,sustain_long,Trumpet,3.55,C:/Users/elagio/vs/lukia/orchestral-intro/VPO3_SATB/S/sustain_long/Trumpet/5_G.wav
C:/Users/elagio/vs/lukia/orchestral-intro/Virtual-Playing-Orchestra3-1-wave-files/Virtual-Playing-Orchestra3/libs/NoBudgetOrch2/Trumpet/TrumpetSect/Sustain/6_Db.wav,S,sustain_long,Trumpet,2.96,C:/Users/elagio/vs/lukia/orchestral-intro/VPO3_SATB/S/sustain_long/Trumpet/6_Db.wav
C:/Users/elagio/vs/lukia/orchestral-intro/Virtual-Playing-Orchestra3-1-wave-files/Virtual-Playing-Orchestra3/libs/NoBudgetOrch2/Violin/SoloViolin/Tremulo/3_A-PB.wav,S,sustain_long,Solo Violin,2.62,C:/Users/elagio/vs/lukia/orchestral-intro/VPO3_SATB/S/sustain_long/Solo Violin/3_A-PB.wav
C:/Users/elagio/vs/lukia/orchestral-intro/Virtual-Playing-Orchestra3-1-wave-files/Virtual-Playing-Orchestra3/libs/NoBudgetOrch2/Violin/SoloViolin/Tremulo/3_B-PB.wav,S,sustain_long,Solo Violin,2.21,C:/Users/elagio/vs/lukia/orchestral-intro/VPO3_SATB/S/sustain_long/Solo Violin/3_B-PB.wav
C:/Users/elagio/vs/lukia/orchestral-intro/Virtual-Playing-Orchestra3-1-wave-files/Virtual-Playing-Orchestra3/libs/NoBudgetOrch2/Violin/SoloViolin/Tremulo/3_G-PB.wav,S,sustain_long,Solo Violin,4.28,C:/Users/elagio/vs/lukia/orchestral-intro/VPO3_SATB/S/sustain_long/Solo Violin/3_G-PB.wav
C:/Users/elagio/vs/lukia/orchestral-intro/Virtual-Playing-Orchestra3-1-wave-files/Virtual-Playing-Orchestra3/libs/NoBudgetOrch2/Violin/SoloViolin/Tremulo/4_A-PB.wav,S,sustain_long,Solo Violin,3.71,C:/Users/elagio/vs/lukia/orchestral-intro/VPO3_SATB/S/sustain_long/Solo Violin/4_A-PB.wav
C:/Users/elagio/vs/lukia/orchestral-intro/Virtual-Playing-Orchestra3-1-wave-files/Virtual-Playing-Orchestra3/libs/NoBudgetOrch2/Violin/SoloViolin/Tremulo/4_B-PB.wav,S,sustain_long,Solo Violin,3.5,C:/Users/elagio/vs/lukia/orchestral-intro/VPO3_SATB/S/sustain_long/Solo Violin/4_B-PB.wav
C:/Users/elagio/vs/lukia/orchestral-intro/Virtual-Playing-Orchestra3-1-wave-files/Virtual-Playing-Orchestra3/libs/NoBudgetOrch2/Violin/SoloViolin/Tremulo/4_Db-PB.wav,S,sustain_short,Solo Violin,1.45,C:/Users/elagio/vs/lukia/orchestral-intro/VPO3_SATB/S/sustain_short/Solo Violin/4_Db-PB.wav
C:/Users/elagio/vs/lukia/orchestral-intro/Virtual-Playing-Orchestra3-1-wave-files/Virtual-Playing-Orchestra3/libs/NoBudgetOrch2/Violin/SoloViolin/Tremulo/4_Eb-PB.wav,S,sustain_long,Solo Violin,2.17,C:/Users/elagio/vs/lukia/orchestral-intro/VPO3_SATB/S/sustain_long/Solo Violin/4_Eb-PB.wav
C:/Users/elagio/vs/lukia/orchestral-intro/Virtual-Playing-Orchestra3-1-wave-files/Virtual-Playing-Orchestra3/libs/NoBudgetOrch2/Violin/SoloViolin/Tremulo/4_F-PB.wav,S,sustain_long,Solo Violin,2.86,C:/Users/elagio/vs/lukia/orchestral-intro/VPO3_SATB/S/sustain_long/Solo Violin/4_F-PB.wav
C:/Users/elagio/vs/lukia/orchestral-intro/Virtual-Playing-Orchestra3-1-wave-files/Virtual-Playing-Orchestra3/libs/NoBudgetOrch2/Violin/SoloViolin/Tremulo/4_G-PB.wav,S,sustain_long,Solo Violin,4.38,C:/Users/elagio/vs/lukia/orchestral-intro/VPO3_SATB/S/sustain_long/Solo Violin/4_G-PB.wav
C:/Users/elagio/vs/lukia/orchestral-intro/Virtual-Playing-Orchestra3-1-wave-files/Virtual-Playing-Orchestra3/libs/NoBudgetOrch2/Violin/SoloViolin/Tremulo/5_A-PB.wav,S,sustain_long,Solo Violin,4.14,C:/Users/elagio/vs/lukia/orchestral-intro/VPO3_SATB/S/sustain_long/Solo Violin/5_A-PB.wav
C:/Users/elagio/vs/lukia/orchestral-intro/Virtual-Playing-Orchestra3-1-wave-files/Virtual-Playing-Orchestra3/libs/NoBudgetOrch2/Violin/SoloViolin/Tremulo/5_B-PB.wav,S,sustain_long,Solo Violin,3.13,C:/Users/elagio/vs/lukia/orchestral-intro/VPO3_SATB/S/sustain_long/Solo Violin/5_B-PB.wav
C:/Users/elagio/vs/lukia/orchestral-intro/Virtual-Playing-Orchestra3-1-wave-files/Virtual-Playing-Orchestra3/libs/NoBudgetOrch2/Violin/SoloViolin/Tremulo/5_Db-PB.wav,S,sustain_long,Solo Violin,4.16,C:/Users/elagio/vs/lukia/orchestral-intro/VPO3_SATB/S/sustain_long/Solo Violin/5_Db-PB.wav
C:/Users/elagio/vs/lukia/orchestral-intro/Virtual-Playing-Orchestra3-1-wave-files/Virtual-Playing-Orchestra3/libs/NoBudgetOrch2/Violin/SoloViolin/Tremulo/5_Eb-PB.wav,S,sustain_long,Solo Violin,3.6,C:/Users/elagio/vs/lukia/orchestral-intro/VPO3_SATB/S/sustain_long/Solo Violin/5_Eb-PB.wav
C:/Users/elagio/vs/lukia/orchestral-intro/Virtual-Playing-Orchestra3-1-wave-files/Virtual-Playing-Orchestra3/libs/NoBudgetOrch2/Violin/SoloViolin/Tremulo/5_F-PB.wav,S,sustain_long,Solo Violin,3.87,C:/Users/elagio/vs/lukia/orchestral-intro/VPO3_SATB/S/sustain_long/Solo Violin/5_F-PB.wav
C:/Users/elagio/vs/lukia/orchestral-intro/Virtual-Playing-Orchestra3-1-wave-files/Virtual-Playing-Orchestra3/libs/NoBudgetOrch2/Violin/SoloViolin/Tremulo/5_G-PB.wav,S,sustain_long,Solo Violin,3.18,C:/Users/elagio/vs/lukia/orchestral-intro/VPO3_SATB/S/sustain_long/Solo Violin/5_G-PB.wav
C:/Users/elagio/vs/lukia/orchestral-intro/Virtual-Playing-Orchestra3-1-wave-files/Virtual-Playing-Orchestra3/libs/NoBudgetOrch2/Violin/SoloViolin/Tremulo/6_A-PB.wav,S,sustain_long,Solo Violin,3.33,C:/Users/elagio/vs/lukia/orchestral-intro/VPO3_SATB/S/sustain_long/Solo Violin/6_A-PB.wav
C:/Users/elagio/vs/lukia/orchestral-intro/Virtual-Playing-Orchestra3-1-wave-files/Virtual-Playing-Orchestra3/libs/NoBudgetOrch2/Violin/SoloViolin/Tremulo/6_B-PB.wav,S,sustain_long,Solo Violin,4.42,C:/Users/elagio/vs/lukia/orchestral-intro/VPO3_SATB/S/sustain_long/Solo Violin/6_B-PB.wav
C:/Users/elagio/vs/lukia/orchestral-intro/Virtual-Playing-Orchestra3-1-wave-files/Virtual-Playing-Orchestra3/libs/NoBudgetOrch2/Violin/SoloViolin/Tremulo/6_Db-PB.wav,S,sustain_long,Solo Violin,3.09,C:/Users/elagio/vs/lukia/orchestral-intro/VPO3_SATB/S/sustain_long/Solo Violin/6_Db-PB.wav
C:/Users/elagio/vs/lukia/orchestral-intro/Virtual-Playing-Orchestra3-1-wave-files/Virtual-Playing-Orchestra3/libs/NoBudgetOrch2/Violin/SoloViolin/Tremulo/6_Eb-PB.wav,S,sustain_long,Solo Violin,3.18,C:/Users/elagio/vs/lukia/orchestral-intro/VPO3_SATB/S/sustain_long/Solo Violin/6_Eb-PB.wav
C:/Users/elagio/vs/lukia/orchestral-intro/Virtual-Playing-Orchestra3-1-wave-files/Virtual-Playing-Orchestra3/libs/NoBudgetOrch2/Violin/SoloViolin/Tremulo/6_F-PB.wav,S,sustain_long,Solo Violin,3.16,C:/Users/elagio/vs/lukia/orchestral-intro/VPO3_SATB/S/sustain_long/Solo Violin/6_F-PB.wav
C:/Users/elagio/vs/lukia/orchestral-intro/Virtual-Playing-Orchestra3-1-wave-files/Virtual-Playing-Orchestra3/libs/NoBudgetOrch2/Violin/SoloViolin/Tremulo/6_G-PB.wav,S,sustain_long,Solo Violin,4.2,C:/Users/elagio/vs/lukia/orchestral-intro/VPO3_SATB/S/sustain_long/Solo Violin/6_G-PB.wav
C:/Users/elagio/vs/lukia/orchestral-intro/Virtual-Playing-Orchestra3-1-wave-files/Virtual-Playing-Orchestra3/libs/NoBudgetOrch2/Violin/ViolinSect/Tremulo/3_Bb.wav,S,sustain_long,Violin Section,2.19,C:/Users/elagio/vs/lukia/orchestral-intro/VPO3_SATB/S/sustain_long/Violin Section/3_Bb.wav
C:/Users/elagio/vs/lukia/orchestral-intro/Virtual-Playing-Orchestra3-1-wave-files/Virtual-Playing-Orchestra3/libs/NoBudgetOrch2/Violin/ViolinSect/Tremulo/3_G.wav,S,sustain_long,Violin Section,2.27,C:/Users/elagio/vs/lukia/orchestral-intro/VPO3_SATB/S/sustain_long/Violin Section/3_G.wav
C:/Users/elagio/vs/lukia/orchestral-intro/Virtual-Playing-Orchestra3-1-wave-files/Virtual-Playing-Orchestra3/libs/NoBudgetOrch2/Violin/ViolinSect/Tremulo/4_Bb.wav,S,sustain_long,Violin Section,2.49,C:/Users/elagio/vs/lukia/orchestral-intro/VPO3_SATB/S/sustain_long/Violin Section/4_Bb.wav
C:/Users/elagio/vs/lukia/orchestral-intro/Virtual-Playing-Orchestra3-1-wave-files/Virtual-Playing-Orchestra3/libs/NoBudgetOrch2/Violin/ViolinSect/Tremulo/4_Db.wav,S,sustain_long,Violin Section,2.13,C:/Users/elagio/vs/lukia/orchestral-intro/VPO3_SATB/S/sustain_long/Violin Section/4_Db.wav
C:/Users/elagio/vs/lukia/orchestral-intro/Virtual-Playing-Orchestra3-1-wave-files/Virtual-Playing-Orchestra3/libs/NoBudgetOrch2/Violin/ViolinSect/Tremulo/4_E-PB-loop.wav,S,sustain_long,Violin Section,3.47,C:/Users/elagio/vs/lukia/orchestral-intro/VPO3_SATB/S/sustain_long/Violin Section/4_E-PB-loop.wav
C:/Users/elagio/vs/lukia/orchestral-intro/Virtual-Playing-Orchestra3-1-wave-files/Virtual-Playing-Orchestra3/libs/NoBudgetOrch2/Violin/ViolinSect/Tremulo/4_G-PB-loop.wav,S,sustain_long,Violin Section,4.46,C:/Users/elagio/vs/lukia/orchestral-intro/VPO3_SATB/S/sustain_long/Violin Section/4_G-PB-loop.wav
C:/Users/elagio/vs/lukia/orchestral-intro/Virtual-Playing-Orchestra3-1-wave-files/Virtual-Playing-Orchestra3/libs/NoBudgetOrch2/Violin/ViolinSect/Tremulo/4_G.wav,S,sustain_long,Violin Section,2.47,C:/Users/elagio/vs/lukia/orchestral-intro/VPO3_SATB/S/sustain_long/Violin Section/4_G.wav
C:/Users/elagio/vs/lukia/orchestral-intro/Virtual-Playing-Orchestra3-1-wave-files/Virtual-Playing-Orchestra3/libs/NoBudgetOrch2/Violin/ViolinSect/Tremulo/5_B.wav,S,sustain_long,Violin Section,2.33,C:/Users/elagio/vs/lukia/orchestral-intro/VPO3_SATB/S/sustain_long/Violin Section/5_B.wav
C:/Users/elagio/vs/lukia/orchestral-intro/Virtual-Playing-Orchestra3-1-wave-files/Virtual-Playing-Orchestra3/libs/NoBudgetOrch2/Violin/ViolinSect/Tremulo/5_Db.wav,S,sustain_long,Violin Section,2.36,C:/Users/elagio/vs/lukia/orchestral-intro/VPO3_SATB/S/sustain_long/Violin Section/5_Db.wav
C:/Users/elagio/vs/lukia/orchestral-intro/Virtual-Playing-Orchestra3-1-wave-files/Virtual-Playing-Orchestra3/libs/NoBudgetOrch2/Violin/ViolinSect/Tremulo/5_E.wav,S,sustain_long,Violin Section,2.16,C:/Users/elagio/vs/lukia/orchestral-intro/VPO3_SATB/S/sustain_long/Violin Section/5_E.wav
C:/Users/elagio/vs/lukia/orchestral-intro/Virtual-Playing-Orchestra3-1-wave-files/Virtual-Playing-Orchestra3/libs/NoBudgetOrch2/Violin/ViolinSect/Tremulo/5_G.wav,S,sustain_short,Violin Section,1.92,C:/Users/elagio/vs/lukia/orchestral-intro/VPO3_SATB/S/sustain_short/Violin Section/5_G.wav
C:/Users/elagio/vs/lukia/orchestral-intro/Virtual-Playing-Orchestra3-1-wave-files/Virtual-Playing-Orchestra3/libs/Other/Samples/2nd-Violin-Section/A3-tremolo-PB-loop.wav,S,sustain_long,2nd Violins,4.04,C:/Users/elagio/vs/lukia/orchestral-intro/VPO3_SATB/S/sustain_long/2nd Violins/A3-tremolo-PB-loop.wav
C:/Users/elagio/vs/lukia/orchestral-intro/Virtual-Playing-Orchestra3-1-wave-files/Virtual-Playing-Orchestra3/libs/Other/Samples/2nd-Violin-Section/A4-tremolo-PB-loop.wav,S,sustain_long,2nd Violins,4.99,C:/Users/elagio/vs/lukia/orchestral-intro/VPO3_SATB/S/sustain_long/2nd Violins/A4-tremolo-PB-loop.wav
C:/Users/elagio/vs/lukia/orchestral-intro/Virtual-Playing-Orchestra3-1-wave-files/Virtual-Playing-Orchestra3/libs/Other/Samples/2nd-Violin-Section/A5-tremolo-PB-loop.wav,S,sustain_long,2nd Violins,8.59,C:/Users/elagio/vs/lukia/orchestral-intro/VPO3_SATB/S/sustain_long/2nd Violins/A5-tremolo-PB-loop.wav
C:/Users/elagio/vs/lukia/orchestral-intro/Virtual-Playing-Orchestra3-1-wave-files/Virtual-Playing-Orchestra3/libs/Other/Samples/2nd-Violin-Section/A6-tremolo-PB-loop.wav,S,sustain_long,2nd Violins,6.68,C:/Users/elagio/vs/lukia/orchestral-intro/VPO3_SATB/S/sustain_long/2nd Violins/A6-tremolo-PB-loop.wav
C:/Users/elagio/vs/lukia/orchestral-intro/Virtual-Playing-Orchestra3-1-wave-files/Virtual-Playing-Orchestra3/libs/Other/Samples/2nd-Violin-Section/A7-tremolo-PB-loop.wav,S,sustain_long,2nd Violins,5.11,C:/Users/elagio/vs/lukia/orchestral-intro/VPO3_SATB/S/sustain_long/2nd Violins/A7-tremolo-PB-loop.wav
C:/Users/elagio/vs/lukia/orchestral-intro/Virtual-Playing-Orchestra3-1-wave-files/Virtual-Playing-Orchestra3/libs/Other/Samples/2nd-Violin-Section/C4-tremolo-PB-loop.wav,S,sustain_long,2nd Violins,4.59,C:/Users/elagio/vs/lukia/orchestral-intro/VPO3_SATB/S/sustain_long/2nd Violins/C4-tremolo-PB-loop.wav
C:/Users/elagio/vs/lukia/orchestral-intro/Virtual-Playing-Orchestra3-1-wave-files/Virtual-Playing-Orchestra3/libs/Other/Samples/2nd-Violin-Section/C5-tremolo-PB-loop.wav,S,sustain_long,2nd Violins,4.59,C:/Users/elagio/vs/lukia/orchestral-intro/VPO3_SATB/S/sustain_long/2nd Violins/C5-tremolo-PB-loop.wav
C:/Users/elagio/vs/lukia/orchestral-intro/Virtual-Playing-Orchestra3-1-wave-files/Virtual-Playing-Orchestra3/libs/Other/Samples/2nd-Violin-Section/C6-tremolo-PB-loop.wav,S,sustain_long,2nd Violins,4.59,C:/Users/elagio/vs/lukia/orchestral-intro/VPO3_SATB/S/sustain_long/2nd Violins/C6-tremolo-PB-loop.wav
C:/Users/elagio/vs/lukia/orchestral-intro/Virtual-Playing-Orchestra3-1-wave-files/Virtual-Playing-Orchestra3/libs/Other/Samples/2nd-Violin-Section/C7-tremolo-PB-loop.wav,S,sustain_long,2nd Violins,4.59,C:/Users/elagio/vs/lukia/orchestral-intro/VPO3_SATB/S/sustain_long/2nd Violins/C7-tremolo-PB-loop.wav
C:/Users/elagio/vs/lukia/orchestral-intro/Virtual-Playing-Orchestra3-1-wave-files/Virtual-Playing-Orchestra3/libs/Other/Samples/2nd-Violin-Section/D4-tremolo-PB-loop.wav,S,sustain_long,2nd Violins,4.59,C:/Users/elagio/vs/lukia/orchestral-intro/VPO3_SATB/S/sustain_long/2nd Violins/D4-tremolo-PB-loop.wav
C:/Users/elagio/vs/lukia/orchestral-intro/Virtual-Playing-Orchestra3-1-wave-files/Virtual-Playing-Orchestra3/libs/Other/Samples/2nd-Violin-Section/D5-tremolo-PB-loop.wav,S,sustain_long,2nd Violins,4.59,C:/Users/elagio/vs/lukia/orchestral-intro/VPO3_SATB/S/sustain_long/2nd Violins/D5-tremolo-PB-loop.wav
C:/Users/elagio/vs/lukia/orchestral-intro/Virtual-Playing-Orchestra3-1-wave-files/Virtual-Playing-Orchestra3/libs/Other/Samples/2nd-Violin-Section/D6-tremolo-PB-loop.wav,S,sustain_long,2nd Violins,4.59,C:/Users/elagio/vs/lukia/orchestral-intro/VPO3_SATB/S/sustain_long/2nd Violins/D6-tremolo-PB-loop.wav
C:/Users/elagio/vs/lukia/orchestral-intro/Virtual-Playing-Orchestra3-1-wave-files/Virtual-Playing-Orchestra3/libs/Other/Samples/2nd-Violin-Section/D7-tremolo-PB-loop.wav,S,sustain_long,2nd Violins,4.59,C:/Users/elagio/vs/lukia/orchestral-intro/VPO3_SATB/S/sustain_long/2nd Violins/D7-tremolo-PB-loop.wav
C:/Users/elagio/vs/lukia/orchestral-intro/Virtual-Playing-Orchestra3-1-wave-files/Virtual-Playing-Orchestra3/libs/Other/Samples/2nd-Violin-Section/E4-tremolo-PB-loop.wav,S,sustain_long,2nd Violins,4.59,C:/Users/elagio/vs/lukia/orchestral-intro/VPO3_SATB/S/sustain_long/2nd Violins/E4-tremolo-PB-loop.wav
C:/Users/elagio/vs/lukia/orchestral-intro/Virtual-Playing-Orchestra3-1-wave-files/Virtual-Playing-Orchestra3/libs/Other/Samples/2nd-Violin-Section/E5-tremolo-PB-loop.wav,S,sustain_long,2nd Violins,4.59,C:/Users/elagio/vs/lukia/orchestral-intro/VPO3_SATB/S/sustain_long/2nd Violins/E5-tremolo-PB-loop.wav
C:/Users/elagio/vs/lukia/orchestral-intro/Virtual-Playing-Orchestra3-1-wave-files/Virtual-Playing-Orchestra3/libs/Other/Samples/2nd-Violin-Section/E6-tremolo-PB-loop.wav,S,sustain_long,2nd Violins,4.59,C:/Users/elagio/vs/lukia/orchestral-intro/VPO3_SATB/S/sustain_long/2nd Violins/E6-tremolo-PB-loop.wav
C:/Users/elagio/vs/lukia/orchestral-intro/Virtual-Playing-Orchestra3-1-wave-files/Virtual-Playing-Orchestra3/libs/Other/Samples/2nd-Violin-Section/E7-tremolo-PB-loop.wav,S,sustain_long,2nd Violins,4.59,C:/Users/elagio/vs/lukia/orchestral-intro/VPO3_SATB/S/sustain_long/2nd Violins/E7-tremolo-PB-loop.wav
C:/Users/elagio/vs/lukia/orchestral-intro/Virtual-Playing-Orchestra3-1-wave-files/Virtual-Playing-Orchestra3/libs/Other/Samples/2nd-Violin-Section/G3-tremolo-PB-loop.wav,S,sustain_long,2nd Violins,4.59,C:/Users/elagio/vs/lukia/orchestral-intro/VPO3_SATB/S/sustain_long/2nd Violins/G3-tremolo-PB-loop.wav
C:/Users/elagio/vs/lukia/orchestral-intro/Virtual-Playing-Orchestra3-1-wave-files/Virtual-Playing-Orchestra3/libs/Other/Samples/2nd-Violin-Section/G4-tremolo-PB-loop.wav,S,sustain_long,2nd Violins,4.59,C:/Users/elagio/vs/lukia/orchestral-intro/VPO3_SATB/S/sustain_long/2nd Violins/G4-tremolo-PB-loop.wav
C:/Users/elagio/vs/lukia/orchestral-intro/Virtual-Playing-Orchestra3-1-wave-files/Virtual-Playing-Orchestra3/libs/Other/Samples/2nd-Violin-Section/G5-tremolo-PB-loop.wav,S,sustain_long,2nd Violins,4.59,C:/Users/elagio/vs/lukia/orchestral-intro/VPO3_SATB/S/sustain_long/2nd Violins/G5-tremolo-PB-loop.wav
C:/Users/elagio/vs/lukia/orchestral-intro/Virtual-Playing-Orchestra3-1-wave-files/Virtual-Playing-Orchestra3/libs/Other/Samples/2nd-Violin-Section/G6-tremolo-PB-loop.wav,S,sustain_long,2nd Violins,4.59,C:/Users/elagio/vs/lukia/orchestral-intro/VPO3_SATB/S/sustain_long/2nd Violins/G6-tremolo-PB-loop.wav
C:/Users/elagio/vs/lukia/orchestral-intro/Virtual-Playing-Orchestra3-1-wave-files/Virtual-Playing-Orchestra3/libs/Other/Samples/2nd-Violin-Section/G7-tremolo-PB-loop.wav,S,sustain_long,2nd Violins,4.59,C:/Users/elagio/vs/lukia/orchestral-intro/VPO3_SATB/S/sustain_long/2nd Violins/G7-tremolo-PB-loop.wav
C:/Users/elagio/vs/lukia/orchestral-intro/Virtual-Playing-Orchestra3-1-wave-files/Virtual-Playing-Orchestra3/libs/Other/Samples/Bass-Section/A1-tremolo-PB.wav,B,sustain,Basses,9.13,C:/Users/elagio/vs/lukia/orchestral-intro/VPO3_SATB/B/sustain/Basses/A1-tremolo-PB.wav
C:/Users/elagio/vs/lukia/orchestral-intro/Virtual-Playing-Orchestra3-1-wave-files/Virtual-Playing-Orchestra3/libs/Other/Samples/Bass-Section/A2-tremolo-PB.wav,B,sustain,Basses,9.01,C:/Users/elagio/vs/lukia/orchestral-intro/VPO3_SATB/B/sustain/Basses/A2-tremolo-PB.wav
C:/Users/elagio/vs/lukia/orchestral-intro/Virtual-Playing-Orchestra3-1-wave-files/Virtual-Playing-Orchestra3/libs/Other/Samples/Bass-Section/A3-tremolo-PB.wav,B,sustain,Basses,8.92,C:/Users/elagio/vs/lukia/orchestral-intro/VPO3_SATB/B/sustain/Basses/A3-tremolo-PB.wav
C:/Users/elagio/vs/lukia/orchestral-intro/Virtual-Playing-Orchestra3-1-wave-files/Virtual-Playing-Orchestra3/libs/Other/Samples/Bass-Section/B1-tremolo-PB.wav,B,sustain,Basses,8.98,C:/Users/elagio/vs/lukia/orchestral-intro/VPO3_SATB/B/sustain/Basses/B1-tremolo-PB.wav
C:/Users/elagio/vs/lukia/orchestral-intro/Virtual-Playing-Orchestra3-1-wave-files/Virtual-Playing-Orchestra3/libs/Other/Samples/Bass-Section/B2-tremolo-PB.wav,B,sustain,Basses,9.2,C:/Users/elagio/vs/lukia/orchestral-intro/VPO3_SATB/B/sustain/Basses/B2-tremolo-PB.wav
C:/Users/elagio/vs/lukia/orchestral-intro/Virtual-Playing-Orchestra3-1-wave-files/Virtual-Playing-Orchestra3/libs/Other/Samples/Bass-Section/B3-tremolo-PB.wav,B,sustain,Basses,9.29,C:/Users/elagio/vs/lukia/orchestral-intro/VPO3_SATB/B/sustain/Basses/B3-tremolo-PB.wav
C:/Users/elagio/vs/lukia/orchestral-intro/Virtual-Playing-Orchestra3-1-wave-files/Virtual-Playing-Orchestra3/libs/Other/Samples/Bass-Section/C1-tremolo-PB.wav,B,sustain,Basses,9.07,C:/Users/elagio/vs/lukia/orchestral-intro/VPO3_SATB/B/sustain/Basses/C1-tremolo-PB.wav
C:/Users/elagio/vs/lukia/orchestral-intro/Virtual-Playing-Orchestra3-1-wave-files/Virtual-Playing-Orchestra3/libs/Other/Samples/Bass-Section/C2-tremolo-PB.wav,B,sustain,Basses,9.07,C:/Users/elagio/vs/lukia/orchestral-intro/VPO3_SATB/B/sustain/Basses/C2-tremolo-PB.wav
C:/Users/elagio/vs/lukia/orchestral-intro/Virtual-Playing-Orchestra3-1-wave-files/Virtual-Playing-Orchestra3/libs/Other/Samples/Bass-Section/C3-tremolo-PB.wav,B,sustain,Basses,8.89,C:/Users/elagio/vs/lukia/orchestral-intro/VPO3_SATB/B/sustain/Basses/C3-tremolo-PB.wav
C:/Users/elagio/vs/lukia/orchestral-intro/Virtual-Playing-Orchestra3-1-wave-files/Virtual-Playing-Orchestra3/libs/Other/Samples/Bass-Section/C4-tremolo-PB.wav,B,sustain,Basses,8.95,C:/Users/elagio/vs/lukia/orchestral-intro/VPO3_SATB/B/sustain/Basses/C4-tremolo-PB.wav
C:/Users/elagio/vs/lukia/orchestral-intro/Virtual-Playing-Orchestra3-1-wave-files/Virtual-Playing-Orchestra3/libs/Other/Samples/Bass-Section/D1-tremolo-PB.wav,B,sustain,Basses,9.13,C:/Users/elagio/vs/lukia/orchestral-intro/VPO3_SATB/B/sustain/Basses/D1-tremolo-PB.wav
C:/Users/elagio/vs/lukia/orchestral-intro/Virtual-Playing-Orchestra3-1-wave-files/Virtual-Playing-Orchestra3/libs/Other/Samples/Bass-Section/D2-tremolo-PB.wav,B,sustain,Basses,8.92,C:/Users/elagio/vs/lukia/orchestral-intro/VPO3_SATB/B/sustain/Basses/D2-tremolo-PB.wav
C:/Users/elagio/vs/lukia/orchestral-intro/Virtual-Playing-Orchestra3-1-wave-files/Virtual-Playing-Orchestra3/libs/Other/Samples/Bass-Section/D3-tremolo-PB.wav,B,sustain,Basses,8.92,C:/Users/elagio/vs/lukia/orchestral-intro/VPO3_SATB/B/sustain/Basses/D3-tremolo-PB.wav
C:/Users/elagio/vs/lukia/orchestral-intro/Virtual-Playing-Orchestra3-1-wave-files/Virtual-Playing-Orchestra3/libs/Other/Samples/Bass-Section/D4-tremolo-PB.wav,B,sustain,Basses,9.13,C:/Users/elagio/vs/lukia/orchestral-intro/VPO3_SATB/B/sustain/Basses/D4-tremolo-PB.wav
C:/Users/elagio/vs/lukia/orchestral-intro/Virtual-Playing-Orchestra3-1-wave-files/Virtual-Playing-Orchestra3/libs/Other/Samples/Bass-Section/E1-tremolo-PB.wav,B,sustain,Basses,9.07,C:/Users/elagio/vs/lukia/orchestral-intro/VPO3_SATB/B/sustain/Basses/E1-tremolo-PB.wav
C:/Users/elagio/vs/lukia/orchestral-intro/Virtual-Playing-Orchestra3-1-wave-files/Virtual-Playing-Orchestra3/libs/Other/Samples/Bass-Section/E2-tremolo-PB.wav,B,sustain,Basses,9.1,C:/Users/elagio/vs/lukia/orchestral-intro/VPO3_SATB/B/sustain/Basses/E2-tremolo-PB.wav
C:/Users/elagio/vs/lukia/orchestral-intro/Virtual-Playing-Orchestra3-1-wave-files/Virtual-Playing-Orchestra3/libs/Other/Samples/Bass-Section/E3-tremolo-PB.wav,B,sustain,Basses,9.29,C:/Users/elagio/vs/lukia/orchestral-intro/VPO3_SATB/B/sustain/Basses/E3-tremolo-PB.wav
C:/Users/elagio/vs/lukia/orchestral-intro/Virtual-Playing-Orchestra3-1-wave-files/Virtual-Playing-Orchestra3/libs/Other/Samples/Bass-Section/E4-tremolo-PB.wav,B,sustain,Basses,9.16,C:/Users/elagio/vs/lukia/orchestral-intro/VPO3_SATB/B/sustain/Basses/E4-tremolo-PB.wav
C:/Users/elagio/vs/lukia/orchestral-intro/Virtual-Playing-Orchestra3-1-wave-files/Virtual-Playing-Orchestra3/libs/Other/Samples/Bass-Section/F1-tremolo-PB.wav,B,sustain,Basses,9.07,C:/Users/elagio/vs/lukia/orchestral-intro/VPO3_SATB/B/sustain/Basses/F1-tremolo-PB.wav
C:/Users/elagio/vs/lukia/orchestral-intro/Virtual-Playing-Orchestra3-1-wave-files/Virtual-Playing-Orchestra3/libs/Other/Samples/Bass-Section/F2-tremolo-PB.wav,B,sustain,Basses,8.95,C:/Users/elagio/vs/lukia/orchestral-intro/VPO3_SATB/B/sustain/Basses/F2-tremolo-PB.wav
C:/Users/elagio/vs/lukia/orchestral-intro/Virtual-Playing-Orchestra3-1-wave-files/Virtual-Playing-Orchestra3/libs/Other/Samples/Bass-Section/F3-tremolo-PB.wav,B,sustain,Basses,8.95,C:/Users/elagio/vs/lukia/orchestral-intro/VPO3_SATB/B/sustain/Basses/F3-tremolo-PB.wav
C:/Users/elagio/vs/lukia/orchestral-intro/Virtual-Playing-Orchestra3-1-wave-files/Virtual-Playing-Orchestra3/libs/Other/Samples/Bass-Section/F4-tremolo-PB.wav,B,sustain,Basses,9.04,C:/Users/elagio/vs/lukia/orchestral-intro/VPO3_SATB/B/sustain/Basses/F4-tremolo-PB.wav
C:/Users/elagio/vs/lukia/orchestral-intro/Virtual-Playing-Orchestra3-1-wave-files/Virtual-Playing-Orchestra3/libs/Other/Samples/Bass-Section/G1-tremolo-PB.wav,B,sustain,Basses,9.1,C:/Users/elagio/vs/lukia/orchestral-intro/VPO3_SATB/B/sustain/Basses/G1-tremolo-PB.wav
C:/Users/elagio/vs/lukia/orchestral-intro/Virtual-Playing-Orchestra3-1-wave-files/Virtual-Playing-Orchestra3/libs/Other/Samples/Bass-Section/G2-tremolo-PB.wav,B,sustain,Basses,8.98,C:/Users/elagio/vs/lukia/orchestral-intro/VPO3_SATB/B/sustain/Basses/G2-tremolo-PB.wav
C:/Users/elagio/vs/lukia/orchestral-intro/Virtual-Playing-Orchestra3-1-wave-files/Virtual-Playing-Orchestra3/libs/Other/Samples/Bass-Section/G3-tremolo-PB.wav,B,sustain,Basses,9.16,C:/Users/elagio/vs/lukia/orchestral-intro/VPO3_SATB/B/sustain/Basses/G3-tremolo-PB.wav
C:/Users/elagio/vs/lukia/orchestral-intro/Virtual-Playing-Orchestra3-1-wave-files/Virtual-Playing-Orchestra3/libs/Other/Samples/Bass-Section/G4-tremolo-PB.wav,B,sustain,Basses,9.07,C:/Users/elagio/vs/lukia/orchestral-intro/VPO3_SATB/B/sustain/Basses/G4-tremolo-PB.wav
C:/Users/elagio/vs/lukia/orchestral-intro/Virtual-Playing-Orchestra3-1-wave-files/Virtual-Playing-Orchestra3/libs/Other/Samples/Cello/a2-stac-rr1-PB.wav,T,pizzicato,Cellos,1.25,C:/Users/elagio/vs/lukia/orchestral-intro/VPO3_SATB/T/pizzicato/Cellos/a2-stac-rr1-PB.wav
C:/Users/elagio/vs/lukia/orchestral-intro/Virtual-Playing-Orchestra3-1-wave-files/Virtual-Playing-Orchestra3/libs/Other/Samples/Cello/a2-stac-rr2-PB.wav,T,pizzicato,Cellos,1.4,C:/Users/elagio/vs/lukia/orchestral-intro/VPO3_SATB/T/pizzicato/Cellos/a2-stac-rr2-PB.wav
C:/Users/elagio/vs/lukia/orchestral-intro/Virtual-Playing-Orchestra3-1-wave-files/Virtual-Playing-Orchestra3/libs/Other/Samples/Cello/a3-stac-rr1-PB.wav,T,pizzicato,Cellos,0.89,C:/Users/elagio/vs/lukia/orchestral-intro/VPO3_SATB/T/pizzicato/Cellos/a3-stac-rr1-PB.wav
C:/Users/elagio/vs/lukia/orchestral-intro/Virtual-Playing-Orchestra3-1-wave-files/Virtual-Playing-Orchestra3/libs/Other/Samples/Cello/a3-stac-rr2-PB.wav,T,pizzicato,Cellos,0.82,C:/Users/elagio/vs/lukia/orchestral-intro/VPO3_SATB/T/pizzicato/Cellos/a3-stac-rr2-PB.wav
C:/Users/elagio/vs/lukia/orchestral-intro/Virtual-Playing-Orchestra3-1-wave-files/Virtual-Playing-Orchestra3/libs/Other/Samples/Cello/a4-stac-rr1-PB.wav,T,pizzicato,Cellos,0.71,C:/Users/elagio/vs/lukia/orchestral-intro/VPO3_SATB/T/pizzicato/Cellos/a4-stac-rr1-PB.wav
C:/Users/elagio/vs/lukia/orchestral-intro/Virtual-Playing-Orchestra3-1-wave-files/Virtual-Playing-Orchestra3/libs/Other/Samples/Cello/a4-stac-rr2-PB.wav,T,pizzicato,Cellos,0.89,C:/Users/elagio/vs/lukia/orchestral-intro/VPO3_SATB/T/pizzicato/Cellos/a4-stac-rr2-PB.wav
C:/Users/elagio/vs/lukia/orchestral-intro/Virtual-Playing-Orchestra3-1-wave-files/Virtual-Playing-Orchestra3/libs/Other/Samples/Cello/b2-stac-rr1-PB.wav,T,pizzicato,Cellos,1.29,C:/Users/elagio/vs/lukia/orchestral-intro/VPO3_SATB/T/pizzicato/Cellos/b2-stac-rr1-PB.wav
C:/Users/elagio/vs/lukia/orchestral-intro/Virtual-Playing-Orchestra3-1-wave-files/Virtual-Playing-Orchestra3/libs/Other/Samples/Cello/b2-stac-rr2-PB.wav,T,pizzicato,Cellos,1.22,C:/Users/elagio/vs/lukia/orchestral-intro/VPO3_SATB/T/pizzicato/Cellos/b2-stac-rr2-PB.wav
C:/Users/elagio/vs/lukia/orchestral-intro/Virtual-Playing-Orchestra3-1-wave-files/Virtual-Playing-Orchestra3/libs/Other/Samples/Cello/b3-stac-rr1-PB.wav,T,pizzicato,Cellos,0.9,C:/Users/elagio/vs/lukia/orchestral-intro/VPO3_SATB/T/pizzicato/Cellos/b3-stac-rr1-PB.wav
C:/Users/elagio/vs/lukia/orchestral-intro/Virtual-Playing-Orchestra3-1-wave-files/Virtual-Playing-Orchestra3/libs/Other/Samples/Cello/b3-stac-rr2-PB.wav,T,pizzicato,Cellos,0.92,C:/Users/elagio/vs/lukia/orchestral-intro/VPO3_SATB/T/pizzicato/Cellos/b3-stac-rr2-PB.wav
C:/Users/elagio/vs/lukia/orchestral-intro/Virtual-Playing-Orchestra3-1-wave-files/Virtual-Playing-Orchestra3/libs/Other/Samples/Cello/b4-stac-rr1-PB.wav,T,pizzicato,Cellos,0.89,C:/Users/elagio/vs/lukia/orchestral-intro/VPO3_SATB/T/pizzicato/Cellos/b4-stac-rr1-PB.wav
C:/Users/elagio/vs/lukia/orchestral-intro/Virtual-Playing-Orchestra3-1-wave-files/Virtual-Playing-Orchestra3/libs/Other/Samples/Cello/b4-stac-rr2-PB.wav,T,pizzicato,Cellos,0.9,C:/Users/elagio/vs/lukia/orchestral-intro/VPO3_SATB/T/pizzicato/Cellos/b4-stac-rr2-PB.wav
C:/Users/elagio/vs/lukia/orchestral-intro/Virtual-Playing-Orchestra3-1-wave-files/Virtual-Playing-Orchestra3/libs/Other/Samples/Cello/c2-stac-rr1-PB.wav,T,pizzicato,Cellos,1.02,C:/Users/elagio/vs/lukia/orchestral-intro/VPO3_SATB/T/pizzicato/Cellos/c2-stac-rr1-PB.wav
C:/Users/elagio/vs/lukia/orchestral-intro/Virtual-Playing-Orchestra3-1-wave-files/Virtual-Playing-Orchestra3/libs/Other/Samples/Cello/c2-stac-rr2-PB.wav,T,pizzicato,Cellos,0.99,C:/Users/elagio/vs/lukia/orchestral-intro/VPO3_SATB/T/pizzicato/Cellos/c2-stac-rr2-PB.wav
C:/Users/elagio/vs/lukia/orchestral-intro/Virtual-Playing-Orchestra3-1-wave-files/Virtual-Playing-Orchestra3/libs/Other/Samples/Cello/c3-stac-rr1-PB.wav,T,pizzicato,Cellos,1.1,C:/Users/elagio/vs/lukia/orchestral-intro/VPO3_SATB/T/pizzicato/Cellos/c3-stac-rr1-PB.wav
C:/Users/elagio/vs/lukia/orchestral-intro/Virtual-Playing-Orchestra3-1-wave-files/Virtual-Playing-Orchestra3/libs/Other/Samples/Cello/c3-stac-rr2-PB.wav,T,pizzicato,Cellos,1.13,C:/Users/elagio/vs/lukia/orchestral-intro/VPO3_SATB/T/pizzicato/Cellos/c3-stac-rr2-PB.wav
C:/Users/elagio/vs/lukia/orchestral-intro/Virtual-Playing-Orchestra3-1-wave-files/Virtual-Playing-Orchestra3/libs/Other/Samples/Cello/c4-stac-rr1-PB.wav,T,pizzicato,Cellos,0.83,C:/Users/elagio/vs/lukia/orchestral-intro/VPO3_SATB/T/pizzicato/Cellos/c4-stac-rr1-PB.wav
C:/Users/elagio/vs/lukia/orchestral-intro/Virtual-Playing-Orchestra3-1-wave-files/Virtual-Playing-Orchestra3/libs/Other/Samples/Cello/c4-stac-rr2-PB.wav,T,pizzicato,Cellos,0.91,C:/Users/elagio/vs/lukia/orchestral-intro/VPO3_SATB/T/pizzicato/Cellos/c4-stac-rr2-PB.wav
C:/Users/elagio/vs/lukia/orchestral-intro/Virtual-Playing-Orchestra3-1-wave-files/Virtual-Playing-Orchestra3/libs/Other/Samples/Cello/c5-stac-rr1-PB.wav,T,pizzicato,Cellos,0.86,C:/Users/elagio/vs/lukia/orchestral-intro/VPO3_SATB/T/pizzicato/Cellos/c5-stac-rr1-PB.wav
C:/Users/elagio/vs/lukia/orchestral-intro/Virtual-Playing-Orchestra3-1-wave-files/Virtual-Playing-Orchestra3/libs/Other/Samples/Cello/c5-stac-rr2-PB.wav,T,pizzicato,Cellos,0.78,C:/Users/elagio/vs/lukia/orchestral-intro/VPO3_SATB/T/pizzicato/Cellos/c5-stac-rr2-PB.wav
C:/Users/elagio/vs/lukia/orchestral-intro/Virtual-Playing-Orchestra3-1-wave-files/Virtual-Playing-Orchestra3/libs/Other/Samples/Cello/d2-stac-rr1-PB.wav,T,pizzicato,Cellos,1.13,C:/Users/elagio/vs/lukia/orchestral-intro/VPO3_SATB/T/pizzicato/Cellos/d2-stac-rr1-PB.wav
C:/Users/elagio/vs/lukia/orchestral-intro/Virtual-Playing-Orchestra3-1-wave-files/Virtual-Playing-Orchestra3/libs/Other/Samples/Cello/d2-stac-rr2-PB.wav,T,pizzicato,Cellos,0.94,C:/Users/elagio/vs/lukia/orchestral-intro/VPO3_SATB/T/pizzicato/Cellos/d2-stac-rr2-PB.wav
C:/Users/elagio/vs/lukia/orchestral-intro/Virtual-Playing-Orchestra3-1-wave-files/Virtual-Playing-Orchestra3/libs/Other/Samples/Cello/d3-stac-rr1-PB.wav,T,pizzicato,Cellos,0.97,C:/Users/elagio/vs/lukia/orchestral-intro/VPO3_SATB/T/pizzicato/Cellos/d3-stac-rr1-PB.wav
C:/Users/elagio/vs/lukia/orchestral-intro/Virtual-Playing-Orchestra3-1-wave-files/Virtual-Playing-Orchestra3/libs/Other/Samples/Cello/d3-stac-rr2-PB.wav,T,pizzicato,Cellos,0.92,C:/Users/elagio/vs/lukia/orchestral-intro/VPO3_SATB/T/pizzicato/Cellos/d3-stac-rr2-PB.wav
C:/Users/elagio/vs/lukia/orchestral-intro/Virtual-Playing-Orchestra3-1-wave-files/Virtual-Playing-Orchestra3/libs/Other/Samples/Cello/d4-stac-rr1-PB.wav,T,pizzicato,Cellos,0.97,C:/Users/elagio/vs/lukia/orchestral-intro/VPO3_SATB/T/pizzicato/Cellos/d4-stac-rr1-PB.wav
C:/Users/elagio/vs/lukia/orchestral-intro/Virtual-Playing-Orchestra3-1-wave-files/Virtual-Playing-Orchestra3/libs/Other/Samples/Cello/d4-stac-rr2-PB.wav,T,pizzicato,Cellos,0.82,C:/Users/elagio/vs/lukia/orchestral-intro/VPO3_SATB/T/pizzicato/Cellos/d4-stac-rr2-PB.wav
C:/Users/elagio/vs/lukia/orchestral-intro/Virtual-Playing-Orchestra3-1-wave-files/Virtual-Playing-Orchestra3/libs/Other/Samples/Cello/d5-stac-rr1-PB.wav,T,pizzicato,Cellos,0.87,C:/Users/elagio/vs/lukia/orchestral-intro/VPO3_SATB/T/pizzicato/Cellos/d5-stac-rr1-PB.wav
C:/Users/elagio/vs/lukia/orchestral-intro/Virtual-Playing-Orchestra3-1-wave-files/Virtual-Playing-Orchestra3/libs/Other/Samples/Cello/d5-stac-rr2-PB.wav,T,pizzicato,Cellos,1.01,C:/Users/elagio/vs/lukia/orchestral-intro/VPO3_SATB/T/pizzicato/Cellos/d5-stac-rr2-PB.wav
C:/Users/elagio/vs/lukia/orchestral-intro/Virtual-Playing-Orchestra3-1-wave-files/Virtual-Playing-Orchestra3/libs/Other/Samples/Cello/e2-stac-rr1-PB.wav,T,pizzicato,Cellos,0.92,C:/Users/elagio/vs/lukia/orchestral-intro/VPO3_SATB/T/pizzicato/Cellos/e2-stac-rr1-PB.wav
C:/Users/elagio/vs/lukia/orchestral-intro/Virtual-Playing-Orchestra3-1-wave-files/Virtual-Playing-Orchestra3/libs/Other/Samples/Cello/e2-stac-rr2-PB.wav,T,pizzicato,Cellos,0.98,C:/Users/elagio/vs/lukia/orchestral-intro/VPO3_SATB/T/pizzicato/Cellos/e2-stac-rr2-PB.wav
C:/Users/elagio/vs/lukia/orchestral-intro/Virtual-Playing-Orchestra3-1-wave-files/Virtual-Playing-Orchestra3/libs/Other/Samples/Cello/e3-stac-rr1-PB.wav,T,pizzicato,Cellos,1.09,C:/Users/elagio/vs/lukia/orchestral-intro/VPO3_SATB/T/pizzicato/Cellos/e3-stac-rr1-PB.wav
C:/Users/elagio/vs/lukia/orchestral-intro/Virtual-Playing-Orchestra3-1-wave-files/Virtual-Playing-Orchestra3/libs/Other/Samples/Cello/e3-stac-rr2-PB.wav,T,pizzicato,Cellos,1.06,C:/Users/elagio/vs/lukia/orchestral-intro/VPO3_SATB/T/pizzicato/Cellos/e3-stac-rr2-PB.wav
C:/Users/elagio/vs/lukia/orchestral-intro/Virtual-Playing-Orchestra3-1-wave-files/Virtual-Playing-Orchestra3/libs/Other/Samples/Cello/e4-stac-rr1-PB.wav,T,pizzicato,Cellos,0.72,C:/Users/elagio/vs/lukia/orchestral-intro/VPO3_SATB/T/pizzicato/Cellos/e4-stac-rr1-PB.wav
C:/Users/elagio/vs/lukia/orchestral-intro/Virtual-Playing-Orchestra3-1-wave-files/Virtual-Playing-Orchestra3/libs/Other/Samples/Cello/e4-stac-rr2-PB.wav,T,pizzicato,Cellos,0.71,C:/Users/elagio/vs/lukia/orchestral-intro/VPO3_SATB/T/pizzicato/Cellos/e4-stac-rr2-PB.wav
C:/Users/elagio/vs/lukia/orchestral-intro/Virtual-Playing-Orchestra3-1-wave-files/Virtual-Playing-Orchestra3/libs/Other/Samples/Cello/e5-stac-rr1-PB.wav,T,pizzicato,Cellos,0.94,C:/Users/elagio/vs/lukia/orchestral-intro/VPO3_SATB/T/pizzicato/Cellos/e5-stac-rr1-PB.wav
C:/Users/elagio/vs/lukia/orchestral-intro/Virtual-Playing-Orchestra3-1-wave-files/Virtual-Playing-Orchestra3/libs/Other/Samples/Cello/e5-stac-rr2-PB.wav,T,pizzicato,Cellos,0.82,C:/Users/elagio/vs/lukia/orchestral-intro/VPO3_SATB/T/pizzicato/Cellos/e5-stac-rr2-PB.wav
C:/Users/elagio/vs/lukia/orchestral-intro/Virtual-Playing-Orchestra3-1-wave-files/Virtual-Playing-Orchestra3/libs/Other/Samples/Cello/f2-stac-rr1-PB.wav,T,pizzicato,Cellos,1.29,C:/Users/elagio/vs/lukia/orchestral-intro/VPO3_SATB/T/pizzicato/Cellos/f2-stac-rr1-PB.wav
C:/Users/elagio/vs/lukia/orchestral-intro/Virtual-Playing-Orchestra3-1-wave-files/Virtual-Playing-Orchestra3/libs/Other/Samples/Cello/f2-stac-rr2-PB.wav,T,pizzicato,Cellos,1.29,C:/Users/elagio/vs/lukia/orchestral-intro/VPO3_SATB/T/pizzicato/Cellos/f2-stac-rr2-PB.wav
C:/Users/elagio/vs/lukia/orchestral-intro/Virtual-Playing-Orchestra3-1-wave-files/Virtual-Playing-Orchestra3/libs/Other/Samples/Cello/f3-stac-rr1-PB.wav,T,pizzicato,Cellos,0.74,C:/Users/elagio/vs/lukia/orchestral-intro/VPO3_SATB/T/pizzicato/Cellos/f3-stac-rr1-PB.wav
C:/Users/elagio/vs/lukia/orchestral-intro/Virtual-Playing-Orchestra3-1-wave-files/Virtual-Playing-Orchestra3/libs/Other/Samples/Cello/f3-stac-rr2-PB.wav,T,pizzicato,Cellos,1.08,C:/Users/elagio/vs/lukia/orchestral-intro/VPO3_SATB/T/pizzicato/Cellos/f3-stac-rr2-PB.wav
C:/Users/elagio/vs/lukia/orchestral-intro/Virtual-Playing-Orchestra3-1-wave-files/Virtual-Playing-Orchestra3/libs/Other/Samples/Cello/f4-stac-rr1-PB.wav,T,pizzicato,Cellos,0.82,C:/Users/elagio/vs/lukia/orchestral-intro/VPO3_SATB/T/pizzicato/Cellos/f4-stac-rr1-PB.wav
C:/Users/elagio/vs/lukia/orchestral-intro/Virtual-Playing-Orchestra3-1-wave-files/Virtual-Playing-Orchestra3/libs/Other/Samples/Cello/f4-stac-rr2-PB.wav,T,pizzicato,Cellos,0.81,C:/Users/elagio/vs/lukia/orchestral-intro/VPO3_SATB/T/pizzicato/Cellos/f4-stac-rr2-PB.wav
C:/Users/elagio/vs/lukia/orchestral-intro/Virtual-Playing-Orchestra3-1-wave-files/Virtual-Playing-Orchestra3/libs/Other/Samples/Cello/g2-stac-rr1-PB.wav,T,pizzicato,Cellos,1.16,C:/Users/elagio/vs/lukia/orchestral-intro/VPO3_SATB/T/pizzicato/Cellos/g2-stac-rr1-PB.wav
C:/Users/elagio/vs/lukia/orchestral-intro/Virtual-Playing-Orchestra3-1-wave-files/Virtual-Playing-Orchestra3/libs/Other/Samples/Cello/g2-stac-rr2-PB.wav,T,pizzicato,Cellos,1.24,C:/Users/elagio/vs/lukia/orchestral-intro/VPO3_SATB/T/pizzicato/Cellos/g2-stac-rr2-PB.wav
C:/Users/elagio/vs/lukia/orchestral-intro/Virtual-Playing-Orchestra3-1-wave-files/Virtual-Playing-Orchestra3/libs/Other/Samples/Cello/g3-stac-rr1-PB.wav,T,pizzicato,Cellos,0.83,C:/Users/elagio/vs/lukia/orchestral-intro/VPO3_SATB/T/pizzicato/Cellos/g3-stac-rr1-PB.wav
C:/Users/elagio/vs/lukia/orchestral-intro/Virtual-Playing-Orchestra3-1-wave-files/Virtual-Playing-Orchestra3/libs/Other/Samples/Cello/g3-stac-rr2-PB.wav,T,pizzicato,Cellos,0.88,C:/Users/elagio/vs/lukia/orchestral-intro/VPO3_SATB/T/pizzicato/Cellos/g3-stac-rr2-PB.wav
C:/Users/elagio/vs/lukia/orchestral-intro/Virtual-Playing-Orchestra3-1-wave-files/Virtual-Playing-Orchestra3/libs/Other/Samples/Cello/g4-stac-rr1-PB.wav,T,pizzicato,Cellos,0.96,C:/Users/elagio/vs/lukia/orchestral-intro/VPO3_SATB/T/pizzicato/Cellos/g4-stac-rr1-PB.wav
C:/Users/elagio/vs/lukia/orchestral-intro/Virtual-Playing-Orchestra3-1-wave-files/Virtual-Playing-Orchestra3/libs/Other/Samples/Cello/g4-stac-rr2-PB.wav,T,pizzicato,Cellos,0.86,C:/Users/elagio/vs/lukia/orchestral-intro/VPO3_SATB/T/pizzicato/Cellos/g4-stac-rr2-PB.wav
C:/Users/elagio/vs/lukia/orchestral-intro/Virtual-Playing-Orchestra3-1-wave-files/Virtual-Playing-Orchestra3/libs/Other/Samples/Viola-Section/A3-tremolo-PB-loop.wav,A,sustain,Violas,5.43,C:/Users/elagio/vs/lukia/orchestral-intro/VPO3_SATB/A/sustain/Violas/A3-tremolo-PB-loop.wav
C:/Users/elagio/vs/lukia/orchestral-intro/Virtual-Playing-Orchestra3-1-wave-files/Virtual-Playing-Orchestra3/libs/Other/Samples/Viola-Section/A4-tremolo-PB-loop.wav,A,sustain,Violas,6.12,C:/Users/elagio/vs/lukia/orchestral-intro/VPO3_SATB/A/sustain/Violas/A4-tremolo-PB-loop.wav
C:/Users/elagio/vs/lukia/orchestral-intro/Virtual-Playing-Orchestra3-1-wave-files/Virtual-Playing-Orchestra3/libs/Other/Samples/Viola-Section/A5-tremolo-PB-loop.wav,A,sustain,Violas,6.71,C:/Users/elagio/vs/lukia/orchestral-intro/VPO3_SATB/A/sustain/Violas/A5-tremolo-PB-loop.wav
C:/Users/elagio/vs/lukia/orchestral-intro/Virtual-Playing-Orchestra3-1-wave-files/Virtual-Playing-Orchestra3/libs/Other/Samples/Viola-Section/A6-tremolo-PB-loop.wav,A,sustain,Violas,5.87,C:/Users/elagio/vs/lukia/orchestral-intro/VPO3_SATB/A/sustain/Violas/A6-tremolo-PB-loop.wav
C:/Users/elagio/vs/lukia/orchestral-intro/Virtual-Playing-Orchestra3-1-wave-files/Virtual-Playing-Orchestra3/libs/Other/Samples/Viola-Section/B3-tremolo-PB-loop.wav,A,sustain,Violas,5.86,C:/Users/elagio/vs/lukia/orchestral-intro/VPO3_SATB/A/sustain/Violas/B3-tremolo-PB-loop.wav
C:/Users/elagio/vs/lukia/orchestral-intro/Virtual-Playing-Orchestra3-1-wave-files/Virtual-Playing-Orchestra3/libs/Other/Samples/Viola-Section/B4-tremolo-PB-loop.wav,A,sustain,Violas,5.1,C:/Users/elagio/vs/lukia/orchestral-intro/VPO3_SATB/A/sustain/Violas/B4-tremolo-PB-loop.wav
C:/Users/elagio/vs/lukia/orchestral-intro/Virtual-Playing-Orchestra3-1-wave-files/Virtual-Playing-Orchestra3/libs/Other/Samples/Viola-Section/B5-tremolo-PB-loop.wav,A,sustain,Violas,4.01,C:/Users/elagio/vs/lukia/orchestral-intro/VPO3_SATB/A/sustain/Violas/B5-tremolo-PB-loop.wav
C:/Users/elagio/vs/lukia/orchestral-intro/Virtual-Playing-Orchestra3-1-wave-files/Virtual-Playing-Orchestra3/libs/Other/Samples/Viola-Section/C3-tremolo-PB-loop.wav,A,sustain,Violas,5.65,C:/Users/elagio/vs/lukia/orchestral-intro/VPO3_SATB/A/sustain/Violas/C3-tremolo-PB-loop.wav
C:/Users/elagio/vs/lukia/orchestral-intro/Virtual-Playing-Orchestra3-1-wave-files/Virtual-Playing-Orchestra3/libs/Other/Samples/Viola-Section/C4-tremolo-PB-loop.wav,A,sustain,Violas,6.73,C:/Users/elagio/vs/lukia/orchestral-intro/VPO3_SATB/A/sustain/Violas/C4-tremolo-PB-loop.wav
C:/Users/elagio/vs/lukia/orchestral-intro/Virtual-Playing-Orchestra3-1-wave-files/Virtual-Playing-Orchestra3/libs/Other/Samples/Viola-Section/C5-tremolo-PB-loop.wav,A,sustain,Violas,6.7,C:/Users/elagio/vs/lukia/orchestral-intro/VPO3_SATB/A/sustain/Violas/C5-tremolo-PB-loop.wav
C:/Users/elagio/vs/lukia/orchestral-intro/Virtual-Playing-Orchestra3-1-wave-files/Virtual-Playing-Orchestra3/libs/Other/Samples/Viola-Section/C6-tremolo-PB-loop.wav,A,sustain,Violas,6.91,C:/Users/elagio/vs/lukia/orchestral-intro/VPO3_SATB/A/sustain/Violas/C6-tremolo-PB-loop.wav
C:/Users/elagio/vs/lukia/orchestral-intro/Virtual-Playing-Orchestra3-1-wave-files/Virtual-Playing-Orchestra3/libs/Other/Samples/Viola-Section/D3-tremolo-PB-loop.wav,A,sustain,Violas,6.08,C:/Users/elagio/vs/lukia/orchestral-intro/VPO3_SATB/A/sustain/Violas/D3-tremolo-PB-loop.wav
C:/Users/elagio/vs/lukia/orchestral-intro/Virtual-Playing-Orchestra3-1-wave-files/Virtual-Playing-Orchestra3/libs/Other/Samples/Viola-Section/D4-tremolo-PB-loop.wav,A,sustain,Violas,5.98,C:/Users/elagio/vs/lukia/orchestral-intro/VPO3_SATB/A/sustain/Violas/D4-tremolo-PB-loop.wav
C:/Users/elagio/vs/lukia/orchestral-intro/Virtual-Playing-Orchestra3-1-wave-files/Virtual-Playing-Orchestra3/libs/Other/Samples/Viola-Section/D5-tremolo-PB-loop.wav,A,sustain,Violas,5.08,C:/Users/elagio/vs/lukia/orchestral-intro/VPO3_SATB/A/sustain/Violas/D5-tremolo-PB-loop.wav
C:/Users/elagio/vs/lukia/orchestral-intro/Virtual-Playing-Orchestra3-1-wave-files/Virtual-Playing-Orchestra3/libs/Other/Samples/Viola-Section/D6-tremolo-PB-loop.wav,A,sustain,Violas,5.17,C:/Users/elagio/vs/lukia/orchestral-intro/VPO3_SATB/A/sustain/Violas/D6-tremolo-PB-loop.wav
C:/Users/elagio/vs/lukia/orchestral-intro/Virtual-Playing-Orchestra3-1-wave-files/Virtual-Playing-Orchestra3/libs/Other/Samples/Viola-Section/E3-tremolo-PB-loop.wav,A,sustain,Violas,6.09,C:/Users/elagio/vs/lukia/orchestral-intro/VPO3_SATB/A/sustain/Violas/E3-tremolo-PB-loop.wav
C:/Users/elagio/vs/lukia/orchestral-intro/Virtual-Playing-Orchestra3-1-wave-files/Virtual-Playing-Orchestra3/libs/Other/Samples/Viola-Section/E4-tremolo-PB-loop.wav,A,sustain,Violas,5.95,C:/Users/elagio/vs/lukia/orchestral-intro/VPO3_SATB/A/sustain/Violas/E4-tremolo-PB-loop.wav
C:/Users/elagio/vs/lukia/orchestral-intro/Virtual-Playing-Orchestra3-1-wave-files/Virtual-Playing-Orchestra3/libs/Other/Samples/Viola-Section/E5-tremolo-PB-loop.wav,A,sustain,Violas,3.86,C:/Users/elagio/vs/lukia/orchestral-intro/VPO3_SATB/A/sustain/Violas/E5-tremolo-PB-loop.wav
C:/Users/elagio/vs/lukia/orchestral-intro/Virtual-Playing-Orchestra3-1-wave-files/Virtual-Playing-Orchestra3/libs/Other/Samples/Viola-Section/E6-tremolo-PB-loop.wav,A,sustain,Violas,2.96,C:/Users/elagio/vs/lukia/orchestral-intro/VPO3_SATB/A/sustain/Violas/E6-tremolo-PB-loop.wav
C:/Users/elagio/vs/lukia/orchestral-intro/Virtual-Playing-Orchestra3-1-wave-files/Virtual-Playing-Orchestra3/libs/Other/Samples/Viola-Section/F3-tremolo-PB-loop.wav,A,sustain,Violas,6.66,C:/Users/elagio/vs/lukia/orchestral-intro/VPO3_SATB/A/sustain/Violas/F3-tremolo-PB-loop.wav
C:/Users/elagio/vs/lukia/orchestral-intro/Virtual-Playing-Orchestra3-1-wave-files/Virtual-Playing-Orchestra3/libs/Other/Samples/Viola-Section/F4-tremolo-PB-loop.wav,A,sustain,Violas,5.53,C:/Users/elagio/vs/lukia/orchestral-intro/VPO3_SATB/A/sustain/Violas/F4-tremolo-PB-loop.wav
C:/Users/elagio/vs/lukia/orchestral-intro/Virtual-Playing-Orchestra3-1-wave-files/Virtual-Playing-Orchestra3/libs/Other/Samples/Viola-Section/F5-tremolo-PB-loop.wav,A,sustain,Violas,5.43,C:/Users/elagio/vs/lukia/orchestral-intro/VPO3_SATB/A/sustain/Violas/F5-tremolo-PB-loop.wav
C:/Users/elagio/vs/lukia/orchestral-intro/Virtual-Playing-Orchestra3-1-wave-files/Virtual-Playing-Orchestra3/libs/Other/Samples/Viola-Section/F6-tremolo-PB-loop.wav,A,sustain,Violas,6.08,C:/Users/elagio/vs/lukia/orchestral-intro/VPO3_SATB/A/sustain/Violas/F6-tremolo-PB-loop.wav
C:/Users/elagio/vs/lukia/orchestral-intro/Virtual-Playing-Orchestra3-1-wave-files/Virtual-Playing-Orchestra3/libs/Other/Samples/Viola-Section/G3-tremolo-PB-loop.wav,A,sustain,Violas,5.82,C:/Users/elagio/vs/lukia/orchestral-intro/VPO3_SATB/A/sustain/Violas/G3-tremolo-PB-loop.wav
C:/Users/elagio/vs/lukia/orchestral-intro/Virtual-Playing-Orchestra3-1-wave-files/Virtual-Playing-Orchestra3/libs/Other/Samples/Viola-Section/G4-tremolo-PB-loop.wav,A,sustain,Violas,5.85,C:/Users/elagio/vs/lukia/orchestral-intro/VPO3_SATB/A/sustain/Violas/G4-tremolo-PB-loop.wav
C:/Users/elagio/vs/lukia/orchestral-intro/Virtual-Playing-Orchestra3-1-wave-files/Virtual-Playing-Orchestra3/libs/Other/Samples/Viola-Section/G5-tremolo-PB-loop.wav,A,sustain,Violas,6.61,C:/Users/elagio/vs/lukia/orchestral-intro/VPO3_SATB/A/sustain/Violas/G5-tremolo-PB-loop.wav
C:/Users/elagio/vs/lukia/orchestral-intro/Virtual-Playing-Orchestra3-1-wave-files/Virtual-Playing-Orchestra3/libs/Other/Samples/Viola-Section/G6-tremolo-PB-loop.wav,A,sustain,Violas,6.93,C:/Users/elagio/vs/lukia/orchestral-intro/VPO3_SATB/A/sustain/Violas/G6-tremolo-PB-loop.wav
C:/Users/elagio/vs/lukia/orchestral-intro/Virtual-Playing-Orchestra3-1-wave-files/Virtual-Playing-Orchestra3/libs/Philharmonia/Samples/English-Horn/A#3-stac-PB.wav,A,pizzicato,English Horn,0.29,C:/Users/elagio/vs/lukia/orchestral-intro/VPO3_SATB/A/pizzicato/English Horn/A#3-stac-PB.wav
C:/Users/elagio/vs/lukia/orchestral-intro/Virtual-Playing-Orchestra3-1-wave-files/Virtual-Playing-Orchestra3/libs/Philharmonia/Samples/English-Horn/A#4-stac-PB.wav,A,pizzicato,English Horn,0.29,C:/Users/elagio/vs/lukia/orchestral-intro/VPO3_SATB/A/pizzicato/English Horn/A#4-stac-PB.wav
C:/Users/elagio/vs/lukia/orchestral-intro/Virtual-Playing-Orchestra3-1-wave-files/Virtual-Playing-Orchestra3/libs/Philharmonia/Samples/English-Horn/A5-stac-PB.wav,A,pizzicato,English Horn,0.29,C:/Users/elagio/vs/lukia/orchestral-intro/VPO3_SATB/A/pizzicato/English Horn/A5-stac-PB.wav
C:/Users/elagio/vs/lukia/orchestral-intro/Virtual-Playing-Orchestra3-1-wave-files/Virtual-Playing-Orchestra3/libs/Philharmonia/Samples/English-Horn/B5-stac-PB.wav,A,pizzicato,English Horn,0.29,C:/Users/elagio/vs/lukia/orchestral-intro/VPO3_SATB/A/pizzicato/English Horn/B5-stac-PB.wav
C:/Users/elagio/vs/lukia/orchestral-intro/Virtual-Playing-Orchestra3-1-wave-files/Virtual-Playing-Orchestra3/libs/Philharmonia/Samples/English-Horn/D#5-stac-PB.wav,A,pizzicato,English Horn,0.29,C:/Users/elagio/vs/lukia/orchestral-intro/VPO3_SATB/A/pizzicato/English Horn/D#5-stac-PB.wav
C:/Users/elagio/vs/lukia/orchestral-intro/Virtual-Playing-Orchestra3-1-wave-files/Virtual-Playing-Orchestra3/libs/Philharmonia/Samples/English-Horn/D5-stac-PB.wav,A,pizzicato,English Horn,0.29,C:/Users/elagio/vs/lukia/orchestral-intro/VPO3_SATB/A/pizzicato/English Horn/D5-stac-PB.wav
C:/Users/elagio/vs/lukia/orchestral-intro/Virtual-Playing-Orchestra3-1-wave-files/Virtual-Playing-Orchestra3/libs/Philharmonia/Samples/English-Horn/E3-stac-PB.wav,A,pizzicato,English Horn,0.29,C:/Users/elagio/vs/lukia/orchestral-intro/VPO3_SATB/A/pizzicato/English Horn/E3-stac-PB.wav
C:/Users/elagio/vs/lukia/orchestral-intro/Virtual-Playing-Orchestra3-1-wave-files/Virtual-Playing-Orchestra3/libs/Philharmonia/Samples/English-Horn/F#4-stac-PB.wav,A,pizzicato,English Horn,0.29,C:/Users/elagio/vs/lukia/orchestral-intro/VPO3_SATB/A/pizzicato/English Horn/F#4-stac-PB.wav
C:/Users/elagio/vs/lukia/orchestral-intro/Virtual-Playing-Orchestra3-1-wave-files/Virtual-Playing-Orchestra3/libs/Philharmonia/Samples/English-Horn/F#5-stac-PB.wav,A,pizzicato,English Horn,0.29,C:/Users/elagio/vs/lukia/orchestral-intro/VPO3_SATB/A/pizzicato/English Horn/F#5-stac-PB.wav
C:/Users/elagio/vs/lukia/orchestral-intro/Virtual-Playing-Orchestra3-1-wave-files/Virtual-Playing-Orchestra3/libs/Philharmonia/Samples/English-Horn/F4-stac-PB.wav,A,pizzicato,English Horn,0.29,C:/Users/elagio/vs/lukia/orchestral-intro/VPO3_SATB/A/pizzicato/English Horn/F4-stac-PB.wav
C:/Users/elagio/vs/lukia/orchestral-intro/Virtual-Playing-Orchestra3-1-wave-files/Virtual-Playing-Orchestra3/libs/Philharmonia/Samples/English-Horn/F5-stac-PB.wav,A,pizzicato,English Horn,0.29,C:/Users/elagio/vs/lukia/orchestral-intro/VPO3_SATB/A/pizzicato/English Horn/F5-stac-PB.wav
C:/Users/elagio/vs/lukia/orchestral-intro/Virtual-Playing-Orchestra3-1-wave-files/Virtual-Playing-Orchestra3/libs/Philharmonia/Samples/English-Horn/G#3-stac-PB.wav,A,pizzicato,English Horn,0.29,C:/Users/elagio/vs/lukia/orchestral-intro/VPO3_SATB/A/pizzicato/English Horn/G#3-stac-PB.wav
C:/Users/elagio/vs/lukia/orchestral-intro/Virtual-Playing-Orchestra3-1-wave-files/Virtual-Playing-Orchestra3/libs/Philharmonia/Samples/English-Horn/G4-stac-PB.wav,A,pizzicato,English Horn,0.29,C:/Users/elagio/vs/lukia/orchestral-intro/VPO3_SATB/A/pizzicato/English Horn/G4-stac-PB.wav
C:/Users/elagio/vs/lukia/orchestral-intro/Virtual-Playing-Orchestra3-1-wave-files/Virtual-Playing-Orchestra3/libs/Philharmonia/Samples/English-Horn/G5-stac-PB.wav,A,pizzicato,English Horn,0.29,C:/Users/elagio/vs/lukia/orchestral-intro/VPO3_SATB/A/pizzicato/English Horn/G5-stac-PB.wav
C:/Users/elagio/vs/lukia/orchestral-intro/Virtual-Playing-Orchestra3-1-wave-files/Virtual-Playing-Orchestra3/libs/Philharmonia/Samples/Viola/viola_A#3-staccato-rr1-PB.wav,A,pizzicato,Violas,0.33,C:/Users/elagio/vs/lukia/orchestral-intro/VPO3_SATB/A/pizzicato/Violas/viola_A#3-staccato-rr1-PB.wav
C:/Users/elagio/vs/lukia/orchestral-intro/Virtual-Playing-Orchestra3-1-wave-files/Virtual-Playing-Orchestra3/libs/Philharmonia/Samples/Viola/viola_A#3-staccato-rr2-PB.wav,A,pizzicato,Violas,0.36,C:/Users/elagio/vs/lukia/orchestral-intro/VPO3_SATB/A/pizzicato/Violas/viola_A#3-staccato-rr2-PB.wav
C:/Users/elagio/vs/lukia/orchestral-intro/Virtual-Playing-Orchestra3-1-wave-files/Virtual-Playing-Orchestra3/libs/Philharmonia/Samples/Viola/viola_A#4-staccato-rr1-PB.wav,A,pizzicato,Violas,0.2,C:/Users/elagio/vs/lukia/orchestral-intro/VPO3_SATB/A/pizzicato/Violas/viola_A#4-staccato-rr1-PB.wav
C:/Users/elagio/vs/lukia/orchestral-intro/Virtual-Playing-Orchestra3-1-wave-files/Virtual-Playing-Orchestra3/libs/Philharmonia/Samples/Viola/viola_A#4-staccato-rr2-PB.wav,A,pizzicato,Violas,0.2,C:/Users/elagio/vs/lukia/orchestral-intro/VPO3_SATB/A/pizzicato/Violas/viola_A#4-staccato-rr2-PB.wav
C:/Users/elagio/vs/lukia/orchestral-intro/Virtual-Playing-Orchestra3-1-wave-files/Virtual-Playing-Orchestra3/libs/Philharmonia/Samples/Viola/viola_A5-staccato-rr1-PB.wav,A,pizzicato,Violas,0.21,C:/Users/elagio/vs/lukia/orchestral-intro/VPO3_SATB/A/pizzicato/Violas/viola_A5-staccato-rr1-PB.wav
C:/Users/elagio/vs/lukia/orchestral-intro/Virtual-Playing-Orchestra3-1-wave-files/Virtual-Playing-Orchestra3/libs/Philharmonia/Samples/Viola/viola_A5-staccato-rr2-PB.wav,A,pizzicato,Violas,0.27,C:/Users/elagio/vs/lukia/orchestral-intro/VPO3_SATB/A/pizzicato/Violas/viola_A5-staccato-rr2-PB.wav
C:/Users/elagio/vs/lukia/orchestral-intro/Virtual-Playing-Orchestra3-1-wave-files/Virtual-Playing-Orchestra3/libs/Philharmonia/Samples/Viola/viola_C#3-staccato-rr2-PB.wav,A,pizzicato,Violas,0.23,C:/Users/elagio/vs/lukia/orchestral-intro/VPO3_SATB/A/pizzicato/Violas/viola_C#3-staccato-rr2-PB.wav
C:/Users/elagio/vs/lukia/orchestral-intro/Virtual-Playing-Orchestra3-1-wave-files/Virtual-Playing-Orchestra3/libs/Philharmonia/Samples/Viola/viola_C#5-staccato-rr1-PB.wav,A,pizzicato,Violas,0.28,C:/Users/elagio/vs/lukia/orchestral-intro/VPO3_SATB/A/pizzicato/Violas/viola_C#5-staccato-rr1-PB.wav
C:/Users/elagio/vs/lukia/orchestral-intro/Virtual-Playing-Orchestra3-1-wave-files/Virtual-Playing-Orchestra3/libs/Philharmonia/Samples/Viola/viola_C3-staccato-rr1-PB.wav,A,pizzicato,Violas,0.24,C:/Users/elagio/vs/lukia/orchestral-intro/VPO3_SATB/A/pizzicato/Violas/viola_C3-staccato-rr1-PB.wav
C:/Users/elagio/vs/lukia/orchestral-intro/Virtual-Playing-Orchestra3-1-wave-files/Virtual-Playing-Orchestra3/libs/Philharmonia/Samples/Viola/viola_C4-staccato-rr1-PB.wav,A,pizzicato,Violas,0.24,C:/Users/elagio/vs/lukia/orchestral-intro/VPO3_SATB/A/pizzicato/Violas/viola_C4-staccato-rr1-PB.wav
C:/Users/elagio/vs/lukia/orchestral-intro/Virtual-Playing-Orchestra3-1-wave-files/Virtual-Playing-Orchestra3/libs/Philharmonia/Samples/Viola/viola_C4-staccato-rr2-PB.wav,A,pizzicato,Violas,0.24,C:/Users/elagio/vs/lukia/orchestral-intro/VPO3_SATB/A/pizzicato/Violas/viola_C4-staccato-rr2-PB.wav
C:/Users/elagio/vs/lukia/orchestral-intro/Virtual-Playing-Orchestra3-1-wave-files/Virtual-Playing-Orchestra3/libs/Philharmonia/Samples/Viola/viola_C5-staccato-rr2-PB.wav,A,pizzicato,Violas,0.26,C:/Users/elagio/vs/lukia/orchestral-intro/VPO3_SATB/A/pizzicato/Violas/viola_C5-staccato-rr2-PB.wav
C:/Users/elagio/vs/lukia/orchestral-intro/Virtual-Playing-Orchestra3-1-wave-files/Virtual-Playing-Orchestra3/libs/Philharmonia/Samples/Viola/viola_D#4-staccato-rr2-PB.wav,A,pizzicato,Violas,0.24,C:/Users/elagio/vs/lukia/orchestral-intro/VPO3_SATB/A/pizzicato/Violas/viola_D#4-staccato-rr2-PB.wav
C:/Users/elagio/vs/lukia/orchestral-intro/Virtual-Playing-Orchestra3-1-wave-files/Virtual-Playing-Orchestra3/libs/Philharmonia/Samples/Viola/viola_E3-staccato-rr1-PB.wav,A,pizzicato,Violas,0.23,C:/Users/elagio/vs/lukia/orchestral-intro/VPO3_SATB/A/pizzicato/Violas/viola_E3-staccato-rr1-PB.wav
C:/Users/elagio/vs/lukia/orchestral-intro/Virtual-Playing-Orchestra3-1-wave-files/Virtual-Playing-Orchestra3/libs/Philharmonia/Samples/Viola/viola_E4-staccato-rr1-PB.wav,A,pizzicato,Violas,0.28,C:/Users/elagio/vs/lukia/orchestral-intro/VPO3_SATB/A/pizzicato/Violas/viola_E4-staccato-rr1-PB.wav
C:/Users/elagio/vs/lukia/orchestral-intro/Virtual-Playing-Orchestra3-1-wave-files/Virtual-Playing-Orchestra3/libs/Philharmonia/Samples/Viola/viola_E5-staccato-rr1-PB.wav,A,pizzicato,Violas,0.22,C:/Users/elagio/vs/lukia/orchestral-intro/VPO3_SATB/A/pizzicato/Violas/viola_E5-staccato-rr1-PB.wav
C:/Users/elagio/vs/lukia/orchestral-intro/Virtual-Playing-Orchestra3-1-wave-files/Virtual-Playing-Orchestra3/libs/Philharmonia/Samples/Viola/viola_E5-staccato-rr2-PB.wav,A,pizzicato,Violas,0.25,C:/Users/elagio/vs/lukia/orchestral-intro/VPO3_SATB/A/pizzicato/Violas/viola_E5-staccato-rr2-PB.wav
C:/Users/elagio/vs/lukia/orchestral-intro/Virtual-Playing-Orchestra3-1-wave-files/Virtual-Playing-Orchestra3/libs/Philharmonia/Samples/Viola/viola_E6-staccato-rr1-PB.wav,A,pizzicato,Violas,0.2,C:/Users/elagio/vs/lukia/orchestral-intro/VPO3_SATB/A/pizzicato/Violas/viola_E6-staccato-rr1-PB.wav
C:/Users/elagio/vs/lukia/orchestral-intro/Virtual-Playing-Orchestra3-1-wave-files/Virtual-Playing-Orchestra3/libs/Philharmonia/Samples/Viola/viola_E6-staccato-rr2-PB.wav,A,pizzicato,Violas,0.17,C:/Users/elagio/vs/lukia/orchestral-intro/VPO3_SATB/A/pizzicato/Violas/viola_E6-staccato-rr2-PB.wav
C:/Users/elagio/vs/lukia/orchestral-intro/Virtual-Playing-Orchestra3-1-wave-files/Virtual-Playing-Orchestra3/libs/Philharmonia/Samples/Viola/viola_F#3-staccato-rr2-PB.wav,A,pizzicato,Violas,0.27,C:/Users/elagio/vs/lukia/orchestral-intro/VPO3_SATB/A/pizzicato/Violas/viola_F#3-staccato-rr2-PB.wav
C:/Users/elagio/vs/lukia/orchestral-intro/Virtual-Playing-Orchestra3-1-wave-files/Virtual-Playing-Orchestra3/libs/Philharmonia/Samples/Viola/viola_F4-staccato-rr2-PB.wav,A,pizzicato,Violas,0.29,C:/Users/elagio/vs/lukia/orchestral-intro/VPO3_SATB/A/pizzicato/Violas/viola_F4-staccato-rr2-PB.wav
C:/Users/elagio/vs/lukia/orchestral-intro/Virtual-Playing-Orchestra3-1-wave-files/Virtual-Playing-Orchestra3/libs/Philharmonia/Samples/Viola/viola_G#4-staccato-rr2-PB.wav,A,pizzicato,Violas,0.2,C:/Users/elagio/vs/lukia/orchestral-intro/VPO3_SATB/A/pizzicato/Violas/viola_G#4-staccato-rr2-PB.wav
C:/Users/elagio/vs/lukia/orchestral-intro/Virtual-Playing-Orchestra3-1-wave-files/Virtual-Playing-Orchestra3/libs/Philharmonia/Samples/Viola/viola_G#5-staccato-rr1-PB.wav,A,pizzicato,Violas,0.2,C:/Users/elagio/vs/lukia/orchestral-intro/VPO3_SATB/A/pizzicato/Violas/viola_G#5-staccato-rr1-PB.wav
C:/Users/elagio/vs/lukia/orchestral-intro/Virtual-Playing-Orchestra3-1-wave-files/Virtual-Playing-Orchestra3/libs/Philharmonia/Samples/Viola/viola_G#5-staccato-rr2-PB.wav,A,pizzicato,Violas,0.26,C:/Users/elagio/vs/lukia/orchestral-intro/VPO3_SATB/A/pizzicato/Violas/viola_G#5-staccato-rr2-PB.wav
C:/Users/elagio/vs/lukia/orchestral-intro/Virtual-Playing-Orchestra3-1-wave-files/Virtual-Playing-Orchestra3/libs/Philharmonia/Samples/Viola/viola_G3-staccato-rr1-PB.wav,A,pizzicato,Violas,0.25,C:/Users/elagio/vs/lukia/orchestral-intro/VPO3_SATB/A/pizzicato/Violas/viola_G3-staccato-rr1-PB.wav
C:/Users/elagio/vs/lukia/orchestral-intro/Virtual-Playing-Orchestra3-1-wave-files/Virtual-Playing-Orchestra3/libs/Philharmonia/Samples/Viola/viola_G3-staccato-rr2-PB.wav,A,pizzicato,Violas,0.3,C:/Users/elagio/vs/lukia/orchestral-intro/VPO3_SATB/A/pizzicato/Violas/viola_G3-staccato-rr2-PB.wav
C:/Users/elagio/vs/lukia/orchestral-intro/Virtual-Playing-Orchestra3-1-wave-files/Virtual-Playing-Orchestra3/libs/Philharmonia/Samples/Viola/viola_G4-staccato-rr1-PB.wav,A,pizzicato,Violas,0.26,C:/Users/elagio/vs/lukia/orchestral-intro/VPO3_SATB/A/pizzicato/Violas/viola_G4-staccato-rr1-PB.wav
C:/Users/elagio/vs/lukia/orchestral-intro/Virtual-Playing-Orchestra3-1-wave-files/Virtual-Playing-Orchestra3/libs/SSO/Samples/1st Violins/1st-violins-piz-rr1-a#3-PB.wav,S,pizzicato,1st Violins,0.61,C:/Users/elagio/vs/lukia/orchestral-intro/VPO3_SATB/S/pizzicato/1st Violins/1st-violins-piz-rr1-a#3-PB.wav
C:/Users/elagio/vs/lukia/orchestral-intro/Virtual-Playing-Orchestra3-1-wave-files/Virtual-Playing-Orchestra3/libs/SSO/Samples/1st Violins/1st-violins-piz-rr1-a#4-PB.wav,S,pizzicato,1st Violins,0.61,C:/Users/elagio/vs/lukia/orchestral-intro/VPO3_SATB/S/pizzicato/1st Violins/1st-violins-piz-rr1-a#4-PB.wav
C:/Users/elagio/vs/lukia/orchestral-intro/Virtual-Playing-Orchestra3-1-wave-files/Virtual-Playing-Orchestra3/libs/SSO/Samples/1st Violins/1st-violins-piz-rr1-a#5-PB.wav,S,pizzicato,1st Violins,0.61,C:/Users/elagio/vs/lukia/orchestral-intro/VPO3_SATB/S/pizzicato/1st Violins/1st-violins-piz-rr1-a#5-PB.wav
C:/Users/elagio/vs/lukia/orchestral-intro/Virtual-Playing-Orchestra3-1-wave-files/Virtual-Playing-Orchestra3/libs/SSO/Samples/1st Violins/1st-violins-piz-rr1-a#6-PB.wav,S,pizzicato,1st Violins,0.61,C:/Users/elagio/vs/lukia/orchestral-intro/VPO3_SATB/S/pizzicato/1st Violins/1st-violins-piz-rr1-a#6-PB.wav
C:/Users/elagio/vs/lukia/orchestral-intro/Virtual-Playing-Orchestra3-1-wave-files/Virtual-Playing-Orchestra3/libs/SSO/Samples/1st Violins/1st-violins-piz-rr1-c#4-PB.wav,S,pizzicato,1st Violins,0.61,C:/Users/elagio/vs/lukia/orchestral-intro/VPO3_SATB/S/pizzicato/1st Violins/1st-violins-piz-rr1-c#4-PB.wav
C:/Users/elagio/vs/lukia/orchestral-intro/Virtual-Playing-Orchestra3-1-wave-files/Virtual-Playing-Orchestra3/libs/SSO/Samples/1st Violins/1st-violins-piz-rr1-c#5-PB.wav,S,pizzicato,1st Violins,0.61,C:/Users/elagio/vs/lukia/orchestral-intro/VPO3_SATB/S/pizzicato/1st Violins/1st-violins-piz-rr1-c#5-PB.wav
C:/Users/elagio/vs/lukia/orchestral-intro/Virtual-Playing-Orchestra3-1-wave-files/Virtual-Playing-Orchestra3/libs/SSO/Samples/1st Violins/1st-violins-piz-rr1-c#6-PB.wav,S,pizzicato,1st Violins,0.61,C:/Users/elagio/vs/lukia/orchestral-intro/VPO3_SATB/S/pizzicato/1st Violins/1st-violins-piz-rr1-c#6-PB.wav
C:/Users/elagio/vs/lukia/orchestral-intro/Virtual-Playing-Orchestra3-1-wave-files/Virtual-Playing-Orchestra3/libs/SSO/Samples/1st Violins/1st-violins-piz-rr1-e4-PB.wav,S,pizzicato,1st Violins,0.61,C:/Users/elagio/vs/lukia/orchestral-intro/VPO3_SATB/S/pizzicato/1st Violins/1st-violins-piz-rr1-e4-PB.wav
C:/Users/elagio/vs/lukia/orchestral-intro/Virtual-Playing-Orchestra3-1-wave-files/Virtual-Playing-Orchestra3/libs/SSO/Samples/1st Violins/1st-violins-piz-rr1-e5-PB.wav,S,pizzicato,1st Violins,0.61,C:/Users/elagio/vs/lukia/orchestral-intro/VPO3_SATB/S/pizzicato/1st Violins/1st-violins-piz-rr1-e5-PB.wav
C:/Users/elagio/vs/lukia/orchestral-intro/Virtual-Playing-Orchestra3-1-wave-files/Virtual-Playing-Orchestra3/libs/SSO/Samples/1st Violins/1st-violins-piz-rr1-e6-PB.wav,S,pizzicato,1st Violins,0.61,C:/Users/elagio/vs/lukia/orchestral-intro/VPO3_SATB/S/pizzicato/1st Violins/1st-violins-piz-rr1-e6-PB.wav
C:/Users/elagio/vs/lukia/orchestral-intro/Virtual-Playing-Orchestra3-1-wave-files/Virtual-Playing-Orchestra3/libs/SSO/Samples/1st Violins/1st-violins-piz-rr1-g3-PB.wav,S,pizzicato,1st Violins,0.61,C:/Users/elagio/vs/lukia/orchestral-intro/VPO3_SATB/S/pizzicato/1st Violins/1st-violins-piz-rr1-g3-PB.wav
C:/Users/elagio/vs/lukia/orchestral-intro/Virtual-Playing-Orchestra3-1-wave-files/Virtual-Playing-Orchestra3/libs/SSO/Samples/1st Violins/1st-violins-piz-rr1-g4-PB.wav,S,pizzicato,1st Violins,0.61,C:/Users/elagio/vs/lukia/orchestral-intro/VPO3_SATB/S/pizzicato/1st Violins/1st-violins-piz-rr1-g4-PB.wav
C:/Users/elagio/vs/lukia/orchestral-intro/Virtual-Playing-Orchestra3-1-wave-files/Virtual-Playing-Orchestra3/libs/SSO/Samples/1st Violins/1st-violins-piz-rr1-g5-PB.wav,S,pizzicato,1st Violins,0.61,C:/Users/elagio/vs/lukia/orchestral-intro/VPO3_SATB/S/pizzicato/1st Violins/1st-violins-piz-rr1-g5-PB.wav
C:/Users/elagio/vs/lukia/orchestral-intro/Virtual-Playing-Orchestra3-1-wave-files/Virtual-Playing-Orchestra3/libs/SSO/Samples/1st Violins/1st-violins-piz-rr1-g6-PB.wav,S,pizzicato,1st Violins,0.61,C:/Users/elagio/vs/lukia/orchestral-intro/VPO3_SATB/S/pizzicato/1st Violins/1st-violins-piz-rr1-g6-PB.wav
C:/Users/elagio/vs/lukia/orchestral-intro/Virtual-Playing-Orchestra3-1-wave-files/Virtual-Playing-Orchestra3/libs/SSO/Samples/1st Violins/1st-violins-stc-rr1-a#3-PB.wav,S,pizzicato,1st Violins,0.67,C:/Users/elagio/vs/lukia/orchestral-intro/VPO3_SATB/S/pizzicato/1st Violins/1st-violins-stc-rr1-a#3-PB.wav
C:/Users/elagio/vs/lukia/orchestral-intro/Virtual-Playing-Orchestra3-1-wave-files/Virtual-Playing-Orchestra3/libs/SSO/Samples/1st Violins/1st-violins-stc-rr1-a#4-PB.wav,S,pizzicato,1st Violins,0.6,C:/Users/elagio/vs/lukia/orchestral-intro/VPO3_SATB/S/pizzicato/1st Violins/1st-violins-stc-rr1-a#4-PB.wav
C:/Users/elagio/vs/lukia/orchestral-intro/Virtual-Playing-Orchestra3-1-wave-files/Virtual-Playing-Orchestra3/libs/SSO/Samples/1st Violins/1st-violins-stc-rr1-a#5-PB.wav,S,pizzicato,1st Violins,0.6,C:/Users/elagio/vs/lukia/orchestral-intro/VPO3_SATB/S/pizzicato/1st Violins/1st-violins-stc-rr1-a#5-PB.wav
C:/Users/elagio/vs/lukia/orchestral-intro/Virtual-Playing-Orchestra3-1-wave-files/Virtual-Playing-Orchestra3/libs/SSO/Samples/1st Violins/1st-violins-stc-rr1-a#6-PB.wav,S,pizzicato,1st Violins,0.59,C:/Users/elagio/vs/lukia/orchestral-intro/VPO3_SATB/S/pizzicato/1st Violins/1st-violins-stc-rr1-a#6-PB.wav
C:/Users/elagio/vs/lukia/orchestral-intro/Virtual-Playing-Orchestra3-1-wave-files/Virtual-Playing-Orchestra3/libs/SSO/Samples/1st Violins/1st-violins-stc-rr1-c#4-PB.wav,S,pizzicato,1st Violins,0.62,C:/Users/elagio/vs/lukia/orchestral-intro/VPO3_SATB/S/pizzicato/1st Violins/1st-violins-stc-rr1-c#4-PB.wav
C:/Users/elagio/vs/lukia/orchestral-intro/Virtual-Playing-Orchestra3-1-wave-files/Virtual-Playing-Orchestra3/libs/SSO/Samples/1st Violins/1st-violins-stc-rr1-c#5-PB.wav,S,pizzicato,1st Violins,0.68,C:/Users/elagio/vs/lukia/orchestral-intro/VPO3_SATB/S/pizzicato/1st Violins/1st-violins-stc-rr1-c#5-PB.wav
C:/Users/elagio/vs/lukia/orchestral-intro/Virtual-Playing-Orchestra3-1-wave-files/Virtual-Playing-Orchestra3/libs/SSO/Samples/1st Violins/1st-violins-stc-rr1-c#6-PB.wav,S,pizzicato,1st Violins,0.64,C:/Users/elagio/vs/lukia/orchestral-intro/VPO3_SATB/S/pizzicato/1st Violins/1st-violins-stc-rr1-c#6-PB.wav
C:/Users/elagio/vs/lukia/orchestral-intro/Virtual-Playing-Orchestra3-1-wave-files/Virtual-Playing-Orchestra3/libs/SSO/Samples/1st Violins/1st-violins-stc-rr1-e4-PB.wav,S,pizzicato,1st Violins,0.65,C:/Users/elagio/vs/lukia/orchestral-intro/VPO3_SATB/S/pizzicato/1st Violins/1st-violins-stc-rr1-e4-PB.wav
C:/Users/elagio/vs/lukia/orchestral-intro/Virtual-Playing-Orchestra3-1-wave-files/Virtual-Playing-Orchestra3/libs/SSO/Samples/1st Violins/1st-violins-stc-rr1-e5-PB.wav,S,pizzicato,1st Violins,0.67,C:/Users/elagio/vs/lukia/orchestral-intro/VPO3_SATB/S/pizzicato/1st Violins/1st-violins-stc-rr1-e5-PB.wav
C:/Users/elagio/vs/lukia/orchestral-intro/Virtual-Playing-Orchestra3-1-wave-files/Virtual-Playing-Orchestra3/libs/SSO/Samples/1st Violins/1st-violins-stc-rr1-e6-PB.wav,S,pizzicato,1st Violins,0.68,C:/Users/elagio/vs/lukia/orchestral-intro/VPO3_SATB/S/pizzicato/1st Violins/1st-violins-stc-rr1-e6-PB.wav
C:/Users/elagio/vs/lukia/orchestral-intro/Virtual-Playing-Orchestra3-1-wave-files/Virtual-Playing-Orchestra3/libs/SSO/Samples/1st Violins/1st-violins-stc-rr1-g3-PB.wav,S,pizzicato,1st Violins,0.68,C:/Users/elagio/vs/lukia/orchestral-intro/VPO3_SATB/S/pizzicato/1st Violins/1st-violins-stc-rr1-g3-PB.wav
C:/Users/elagio/vs/lukia/orchestral-intro/Virtual-Playing-Orchestra3-1-wave-files/Virtual-Playing-Orchestra3/libs/SSO/Samples/1st Violins/1st-violins-stc-rr1-g4-PB.wav,S,pizzicato,1st Violins,0.66,C:/Users/elagio/vs/lukia/orchestral-intro/VPO3_SATB/S/pizzicato/1st Violins/1st-violins-stc-rr1-g4-PB.wav
C:/Users/elagio/vs/lukia/orchestral-intro/Virtual-Playing-Orchestra3-1-wave-files/Virtual-Playing-Orchestra3/libs/SSO/Samples/1st Violins/1st-violins-stc-rr1-g5-PB.wav,S,pizzicato,1st Violins,0.61,C:/Users/elagio/vs/lukia/orchestral-intro/VPO3_SATB/S/pizzicato/1st Violins/1st-violins-stc-rr1-g5-PB.wav
C:/Users/elagio/vs/lukia/orchestral-intro/Virtual-Playing-Orchestra3-1-wave-files/Virtual-Playing-Orchestra3/libs/SSO/Samples/1st Violins/1st-violins-stc-rr1-g6-PB.wav,S,pizzicato,1st Violins,0.58,C:/Users/elagio/vs/lukia/orchestral-intro/VPO3_SATB/S/pizzicato/1st Violins/1st-violins-stc-rr1-g6-PB.wav
C:/Users/elagio/vs/lukia/orchestral-intro/Virtual-Playing-Orchestra3-1-wave-files/Virtual-Playing-Orchestra3/libs/SSO/Samples/1st Violins/1st-violins-stc-rr2-a#3-PB.wav,S,pizzicato,1st Violins,0.67,C:/Users/elagio/vs/lukia/orchestral-intro/VPO3_SATB/S/pizzicato/1st Violins/1st-violins-stc-rr2-a#3-PB.wav
C:/Users/elagio/vs/lukia/orchestral-intro/Virtual-Playing-Orchestra3-1-wave-files/Virtual-Playing-Orchestra3/libs/SSO/Samples/1st Violins/1st-violins-stc-rr2-a#4-PB.wav,S,pizzicato,1st Violins,0.6,C:/Users/elagio/vs/lukia/orchestral-intro/VPO3_SATB/S/pizzicato/1st Violins/1st-violins-stc-rr2-a#4-PB.wav
C:/Users/elagio/vs/lukia/orchestral-intro/Virtual-Playing-Orchestra3-1-wave-files/Virtual-Playing-Orchestra3/libs/SSO/Samples/1st Violins/1st-violins-stc-rr2-a#5-PB.wav,S,pizzicato,1st Violins,0.63,C:/Users/elagio/vs/lukia/orchestral-intro/VPO3_SATB/S/pizzicato/1st Violins/1st-violins-stc-rr2-a#5-PB.wav
C:/Users/elagio/vs/lukia/orchestral-intro/Virtual-Playing-Orchestra3-1-wave-files/Virtual-Playing-Orchestra3/libs/SSO/Samples/1st Violins/1st-violins-stc-rr2-a#6-PB.wav,S,pizzicato,1st Violins,0.59,C:/Users/elagio/vs/lukia/orchestral-intro/VPO3_SATB/S/pizzicato/1st Violins/1st-violins-stc-rr2-a#6-PB.wav
C:/Users/elagio/vs/lukia/orchestral-intro/Virtual-Playing-Orchestra3-1-wave-files/Virtual-Playing-Orchestra3/libs/SSO/Samples/1st Violins/1st-violins-stc-rr2-c#4-PB.wav,S,pizzicato,1st Violins,0.66,C:/Users/elagio/vs/lukia/orchestral-intro/VPO3_SATB/S/pizzicato/1st Violins/1st-violins-stc-rr2-c#4-PB.wav
C:/Users/elagio/vs/lukia/orchestral-intro/Virtual-Playing-Orchestra3-1-wave-files/Virtual-Playing-Orchestra3/libs/SSO/Samples/1st Violins/1st-violins-stc-rr2-c#5-PB.wav,S,pizzicato,1st Violins,0.68,C:/Users/elagio/vs/lukia/orchestral-intro/VPO3_SATB/S/pizzicato/1st Violins/1st-violins-stc-rr2-c#5-PB.wav
C:/Users/elagio/vs/lukia/orchestral-intro/Virtual-Playing-Orchestra3-1-wave-files/Virtual-Playing-Orchestra3/libs/SSO/Samples/1st Violins/1st-violins-stc-rr2-c#6-PB.wav,S,pizzicato,1st Violins,0.63,C:/Users/elagio/vs/lukia/orchestral-intro/VPO3_SATB/S/pizzicato/1st Violins/1st-violins-stc-rr2-c#6-PB.wav
C:/Users/elagio/vs/lukia/orchestral-intro/Virtual-Playing-Orchestra3-1-wave-files/Virtual-Playing-Orchestra3/libs/SSO/Samples/1st Violins/1st-violins-stc-rr2-e4-PB.wav,S,pizzicato,1st Violins,0.65,C:/Users/elagio/vs/lukia/orchestral-intro/VPO3_SATB/S/pizzicato/1st Violins/1st-violins-stc-rr2-e4-PB.wav
C:/Users/elagio/vs/lukia/orchestral-intro/Virtual-Playing-Orchestra3-1-wave-files/Virtual-Playing-Orchestra3/libs/SSO/Samples/1st Violins/1st-violins-stc-rr2-e5-PB.wav,S,pizzicato,1st Violins,0.67,C:/Users/elagio/vs/lukia/orchestral-intro/VPO3_SATB/S/pizzicato/1st Violins/1st-violins-stc-rr2-e5-PB.wav
C:/Users/elagio/vs/lukia/orchestral-intro/Virtual-Playing-Orchestra3-1-wave-files/Virtual-Playing-Orchestra3/libs/SSO/Samples/1st Violins/1st-violins-stc-rr2-e6-PB.wav,S,pizzicato,1st Violins,0.68,C:/Users/elagio/vs/lukia/orchestral-intro/VPO3_SATB/S/pizzicato/1st Violins/1st-violins-stc-rr2-e6-PB.wav
C:/Users/elagio/vs/lukia/orchestral-intro/Virtual-Playing-Orchestra3-1-wave-files/Virtual-Playing-Orchestra3/libs/SSO/Samples/1st Violins/1st-violins-stc-rr2-g3-PB.wav,S,pizzicato,1st Violins,0.68,C:/Users/elagio/vs/lukia/orchestral-intro/VPO3_SATB/S/pizzicato/1st Violins/1st-violins-stc-rr2-g3-PB.wav
C:/Users/elagio/vs/lukia/orchestral-intro/Virtual-Playing-Orchestra3-1-wave-files/Virtual-Playing-Orchestra3/libs/SSO/Samples/1st Violins/1st-violins-stc-rr2-g4-PB.wav,S,pizzicato,1st Violins,0.68,C:/Users/elagio/vs/lukia/orchestral-intro/VPO3_SATB/S/pizzicato/1st Violins/1st-violins-stc-rr2-g4-PB.wav
C:/Users/elagio/vs/lukia/orchestral-intro/Virtual-Playing-Orchestra3-1-wave-files/Virtual-Playing-Orchestra3/libs/SSO/Samples/1st Violins/1st-violins-stc-rr2-g5-PB.wav,S,pizzicato,1st Violins,0.59,C:/Users/elagio/vs/lukia/orchestral-intro/VPO3_SATB/S/pizzicato/1st Violins/1st-violins-stc-rr2-g5-PB.wav
C:/Users/elagio/vs/lukia/orchestral-intro/Virtual-Playing-Orchestra3-1-wave-files/Virtual-Playing-Orchestra3/libs/SSO/Samples/1st Violins/1st-violins-stc-rr2-g6-PB.wav,S,pizzicato,1st Violins,0.6,C:/Users/elagio/vs/lukia/orchestral-intro/VPO3_SATB/S/pizzicato/1st Violins/1st-violins-stc-rr2-g6-PB.wav
C:/Users/elagio/vs/lukia/orchestral-intro/Virtual-Playing-Orchestra3-1-wave-files/Virtual-Playing-Orchestra3/libs/SSO/Samples/1st Violins/1st-violins-sus-a#3.wav,S,sustain_long,1st Violins,4.23,C:/Users/elagio/vs/lukia/orchestral-intro/VPO3_SATB/S/sustain_long/1st Violins/1st-violins-sus-a#3.wav
C:/Users/elagio/vs/lukia/orchestral-intro/Virtual-Playing-Orchestra3-1-wave-files/Virtual-Playing-Orchestra3/libs/SSO/Samples/1st Violins/1st-violins-sus-a#4.wav,S,sustain_long,1st Violins,4.49,C:/Users/elagio/vs/lukia/orchestral-intro/VPO3_SATB/S/sustain_long/1st Violins/1st-violins-sus-a#4.wav
C:/Users/elagio/vs/lukia/orchestral-intro/Virtual-Playing-Orchestra3-1-wave-files/Virtual-Playing-Orchestra3/libs/SSO/Samples/1st Violins/1st-violins-sus-a#5.wav,S,sustain_long,1st Violins,4.12,C:/Users/elagio/vs/lukia/orchestral-intro/VPO3_SATB/S/sustain_long/1st Violins/1st-violins-sus-a#5.wav
C:/Users/elagio/vs/lukia/orchestral-intro/Virtual-Playing-Orchestra3-1-wave-files/Virtual-Playing-Orchestra3/libs/SSO/Samples/1st Violins/1st-violins-sus-a#6.wav,S,sustain_long,1st Violins,5.03,C:/Users/elagio/vs/lukia/orchestral-intro/VPO3_SATB/S/sustain_long/1st Violins/1st-violins-sus-a#6.wav
C:/Users/elagio/vs/lukia/orchestral-intro/Virtual-Playing-Orchestra3-1-wave-files/Virtual-Playing-Orchestra3/libs/SSO/Samples/1st Violins/1st-violins-sus-c#4.wav,S,sustain_long,1st Violins,5.13,C:/Users/elagio/vs/lukia/orchestral-intro/VPO3_SATB/S/sustain_long/1st Violins/1st-violins-sus-c#4.wav
C:/Users/elagio/vs/lukia/orchestral-intro/Virtual-Playing-Orchestra3-1-wave-files/Virtual-Playing-Orchestra3/libs/SSO/Samples/1st Violins/1st-violins-sus-c#5.wav,S,sustain_long,1st Violins,5.01,C:/Users/elagio/vs/lukia/orchestral-intro/VPO3_SATB/S/sustain_long/1st Violins/1st-violins-sus-c#5.wav
C:/Users/elagio/vs/lukia/orchestral-intro/Virtual-Playing-Orchestra3-1-wave-files/Virtual-Playing-Orchestra3/libs/SSO/Samples/1st Violins/1st-violins-sus-c#6.wav,S,sustain_long,1st Violins,4.85,C:/Users/elagio/vs/lukia/orchestral-intro/VPO3_SATB/S/sustain_long/1st Violins/1st-violins-sus-c#6.wav
C:/Users/elagio/vs/lukia/orchestral-intro/Virtual-Playing-Orchestra3-1-wave-files/Virtual-Playing-Orchestra3/libs/SSO/Samples/1st Violins/1st-violins-sus-e4.wav,S,sustain_long,1st Violins,5.08,C:/Users/elagio/vs/lukia/orchestral-intro/VPO3_SATB/S/sustain_long/1st Violins/1st-violins-sus-e4.wav
C:/Users/elagio/vs/lukia/orchestral-intro/Virtual-Playing-Orchestra3-1-wave-files/Virtual-Playing-Orchestra3/libs/SSO/Samples/1st Violins/1st-violins-sus-e5.wav,S,sustain_long,1st Violins,5.11,C:/Users/elagio/vs/lukia/orchestral-intro/VPO3_SATB/S/sustain_long/1st Violins/1st-violins-sus-e5.wav
C:/Users/elagio/vs/lukia/orchestral-intro/Virtual-Playing-Orchestra3-1-wave-files/Virtual-Playing-Orchestra3/libs/SSO/Samples/1st Violins/1st-violins-sus-e6.wav,S,sustain_long,1st Violins,4.68,C:/Users/elagio/vs/lukia/orchestral-intro/VPO3_SATB/S/sustain_long/1st Violins/1st-violins-sus-e6.wav
C:/Users/elagio/vs/lukia/orchestral-intro/Virtual-Playing-Orchestra3-1-wave-files/Virtual-Playing-Orchestra3/libs/SSO/Samples/1st Violins/1st-violins-sus-g3.wav,S,sustain_long,1st Violins,4.14,C:/Users/elagio/vs/lukia/orchestral-intro/VPO3_SATB/S/sustain_long/1st Violins/1st-violins-sus-g3.wav
C:/Users/elagio/vs/lukia/orchestral-intro/Virtual-Playing-Orchestra3-1-wave-files/Virtual-Playing-Orchestra3/libs/SSO/Samples/1st Violins/1st-violins-sus-g4.wav,S,sustain_long,1st Violins,4.27,C:/Users/elagio/vs/lukia/orchestral-intro/VPO3_SATB/S/sustain_long/1st Violins/1st-violins-sus-g4.wav
C:/Users/elagio/vs/lukia/orchestral-intro/Virtual-Playing-Orchestra3-1-wave-files/Virtual-Playing-Orchestra3/libs/SSO/Samples/1st Violins/1st-violins-sus-g5.wav,S,sustain_long,1st Violins,4.87,C:/Users/elagio/vs/lukia/orchestral-intro/VPO3_SATB/S/sustain_long/1st Violins/1st-violins-sus-g5.wav
C:/Users/elagio/vs/lukia/orchestral-intro/Virtual-Playing-Orchestra3-1-wave-files/Virtual-Playing-Orchestra3/libs/SSO/Samples/1st Violins/1st-violins-sus-g6.wav,S,sustain_long,1st Violins,4.54,C:/Users/elagio/vs/lukia/orchestral-intro/VPO3_SATB/S/sustain_long/1st Violins/1st-violins-sus-g6.wav
C:/Users/elagio/vs/lukia/orchestral-intro/Virtual-Playing-Orchestra3-1-wave-files/Virtual-Playing-Orchestra3/libs/SSO/Samples/2nd Violins/2nd-violins-piz-rr1-a#3-PB.wav,S,pizzicato,2nd Violins,0.61,C:/Users/elagio/vs/lukia/orchestral-intro/VPO3_SATB/S/pizzicato/2nd Violins/2nd-violins-piz-rr1-a#3-PB.wav
C:/Users/elagio/vs/lukia/orchestral-intro/Virtual-Playing-Orchestra3-1-wave-files/Virtual-Playing-Orchestra3/libs/SSO/Samples/2nd Violins/2nd-violins-piz-rr1-a#4-PB.wav,S,pizzicato,2nd Violins,0.61,C:/Users/elagio/vs/lukia/orchestral-intro/VPO3_SATB/S/pizzicato/2nd Violins/2nd-violins-piz-rr1-a#4-PB.wav
C:/Users/elagio/vs/lukia/orchestral-intro/Virtual-Playing-Orchestra3-1-wave-files/Virtual-Playing-Orchestra3/libs/SSO/Samples/2nd Violins/2nd-violins-piz-rr1-a#5-PB.wav,S,pizzicato,2nd Violins,0.61,C:/Users/elagio/vs/lukia/orchestral-intro/VPO3_SATB/S/pizzicato/2nd Violins/2nd-violins-piz-rr1-a#5-PB.wav
C:/Users/elagio/vs/lukia/orchestral-intro/Virtual-Playing-Orchestra3-1-wave-files/Virtual-Playing-Orchestra3/libs/SSO/Samples/2nd Violins/2nd-violins-piz-rr1-a#6-PB.wav,S,pizzicato,2nd Violins,0.61,C:/Users/elagio/vs/lukia/orchestral-intro/VPO3_SATB/S/pizzicato/2nd Violins/2nd-violins-piz-rr1-a#6-PB.wav
C:/Users/elagio/vs/lukia/orchestral-intro/Virtual-Playing-Orchestra3-1-wave-files/Virtual-Playing-Orchestra3/libs/SSO/Samples/2nd Violins/2nd-violins-piz-rr1-c#4-PB.wav,S,pizzicato,2nd Violins,0.61,C:/Users/elagio/vs/lukia/orchestral-intro/VPO3_SATB/S/pizzicato/2nd Violins/2nd-violins-piz-rr1-c#4-PB.wav
C:/Users/elagio/vs/lukia/orchestral-intro/Virtual-Playing-Orchestra3-1-wave-files/Virtual-Playing-Orchestra3/libs/SSO/Samples/2nd Violins/2nd-violins-piz-rr1-c#5-PB.wav,S,pizzicato,2nd Violins,0.61,C:/Users/elagio/vs/lukia/orchestral-intro/VPO3_SATB/S/pizzicato/2nd Violins/2nd-violins-piz-rr1-c#5-PB.wav
C:/Users/elagio/vs/lukia/orchestral-intro/Virtual-Playing-Orchestra3-1-wave-files/Virtual-Playing-Orchestra3/libs/SSO/Samples/2nd Violins/2nd-violins-piz-rr1-c#6-PB.wav,S,pizzicato,2nd Violins,0.61,C:/Users/elagio/vs/lukia/orchestral-intro/VPO3_SATB/S/pizzicato/2nd Violins/2nd-violins-piz-rr1-c#6-PB.wav
C:/Users/elagio/vs/lukia/orchestral-intro/Virtual-Playing-Orchestra3-1-wave-files/Virtual-Playing-Orchestra3/libs/SSO/Samples/2nd Violins/2nd-violins-piz-rr1-e4-PB.wav,S,pizzicato,2nd Violins,0.61,C:/Users/elagio/vs/lukia/orchestral-intro/VPO3_SATB/S/pizzicato/2nd Violins/2nd-violins-piz-rr1-e4-PB.wav
C:/Users/elagio/vs/lukia/orchestral-intro/Virtual-Playing-Orchestra3-1-wave-files/Virtual-Playing-Orchestra3/libs/SSO/Samples/2nd Violins/2nd-violins-piz-rr1-e5-PB.wav,S,pizzicato,2nd Violins,0.61,C:/Users/elagio/vs/lukia/orchestral-intro/VPO3_SATB/S/pizzicato/2nd Violins/2nd-violins-piz-rr1-e5-PB.wav
C:/Users/elagio/vs/lukia/orchestral-intro/Virtual-Playing-Orchestra3-1-wave-files/Virtual-Playing-Orchestra3/libs/SSO/Samples/2nd Violins/2nd-violins-piz-rr1-e6-PB.wav,S,pizzicato,2nd Violins,0.61,C:/Users/elagio/vs/lukia/orchestral-intro/VPO3_SATB/S/pizzicato/2nd Violins/2nd-violins-piz-rr1-e6-PB.wav
C:/Users/elagio/vs/lukia/orchestral-intro/Virtual-Playing-Orchestra3-1-wave-files/Virtual-Playing-Orchestra3/libs/SSO/Samples/2nd Violins/2nd-violins-piz-rr1-g3-PB.wav,S,pizzicato,2nd Violins,0.61,C:/Users/elagio/vs/lukia/orchestral-intro/VPO3_SATB/S/pizzicato/2nd Violins/2nd-violins-piz-rr1-g3-PB.wav
C:/Users/elagio/vs/lukia/orchestral-intro/Virtual-Playing-Orchestra3-1-wave-files/Virtual-Playing-Orchestra3/libs/SSO/Samples/2nd Violins/2nd-violins-piz-rr1-g4-PB.wav,S,pizzicato,2nd Violins,0.61,C:/Users/elagio/vs/lukia/orchestral-intro/VPO3_SATB/S/pizzicato/2nd Violins/2nd-violins-piz-rr1-g4-PB.wav
C:/Users/elagio/vs/lukia/orchestral-intro/Virtual-Playing-Orchestra3-1-wave-files/Virtual-Playing-Orchestra3/libs/SSO/Samples/2nd Violins/2nd-violins-piz-rr1-g5-PB.wav,S,pizzicato,2nd Violins,0.61,C:/Users/elagio/vs/lukia/orchestral-intro/VPO3_SATB/S/pizzicato/2nd Violins/2nd-violins-piz-rr1-g5-PB.wav
C:/Users/elagio/vs/lukia/orchestral-intro/Virtual-Playing-Orchestra3-1-wave-files/Virtual-Playing-Orchestra3/libs/SSO/Samples/2nd Violins/2nd-violins-piz-rr1-g6-PB.wav,S,pizzicato,2nd Violins,0.61,C:/Users/elagio/vs/lukia/orchestral-intro/VPO3_SATB/S/pizzicato/2nd Violins/2nd-violins-piz-rr1-g6-PB.wav
C:/Users/elagio/vs/lukia/orchestral-intro/Virtual-Playing-Orchestra3-1-wave-files/Virtual-Playing-Orchestra3/libs/SSO/Samples/2nd Violins/2nd-violins-stc-rr1-a#3-PB.wav,S,pizzicato,2nd Violins,0.61,C:/Users/elagio/vs/lukia/orchestral-intro/VPO3_SATB/S/pizzicato/2nd Violins/2nd-violins-stc-rr1-a#3-PB.wav
C:/Users/elagio/vs/lukia/orchestral-intro/Virtual-Playing-Orchestra3-1-wave-files/Virtual-Playing-Orchestra3/libs/SSO/Samples/2nd Violins/2nd-violins-stc-rr1-a#4-PB.wav,S,pizzicato,2nd Violins,0.61,C:/Users/elagio/vs/lukia/orchestral-intro/VPO3_SATB/S/pizzicato/2nd Violins/2nd-violins-stc-rr1-a#4-PB.wav
C:/Users/elagio/vs/lukia/orchestral-intro/Virtual-Playing-Orchestra3-1-wave-files/Virtual-Playing-Orchestra3/libs/SSO/Samples/2nd Violins/2nd-violins-stc-rr1-a#5-PB.wav,S,pizzicato,2nd Violins,0.61,C:/Users/elagio/vs/lukia/orchestral-intro/VPO3_SATB/S/pizzicato/2nd Violins/2nd-violins-stc-rr1-a#5-PB.wav
C:/Users/elagio/vs/lukia/orchestral-intro/Virtual-Playing-Orchestra3-1-wave-files/Virtual-Playing-Orchestra3/libs/SSO/Samples/2nd Violins/2nd-violins-stc-rr1-a#6-PB.wav,S,pizzicato,2nd Violins,0.61,C:/Users/elagio/vs/lukia/orchestral-intro/VPO3_SATB/S/pizzicato/2nd Violins/2nd-violins-stc-rr1-a#6-PB.wav
C:/Users/elagio/vs/lukia/orchestral-intro/Virtual-Playing-Orchestra3-1-wave-files/Virtual-Playing-Orchestra3/libs/SSO/Samples/2nd Violins/2nd-violins-stc-rr1-c#4-PB.wav,S,pizzicato,2nd Violins,0.61,C:/Users/elagio/vs/lukia/orchestral-intro/VPO3_SATB/S/pizzicato/2nd Violins/2nd-violins-stc-rr1-c#4-PB.wav
C:/Users/elagio/vs/lukia/orchestral-intro/Virtual-Playing-Orchestra3-1-wave-files/Virtual-Playing-Orchestra3/libs/SSO/Samples/2nd Violins/2nd-violins-stc-rr1-c#5-PB.wav,S,pizzicato,2nd Violins,0.61,C:/Users/elagio/vs/lukia/orchestral-intro/VPO3_SATB/S/pizzicato/2nd Violins/2nd-violins-stc-rr1-c#5-PB.wav
C:/Users/elagio/vs/lukia/orchestral-intro/Virtual-Playing-Orchestra3-1-wave-files/Virtual-Playing-Orchestra3/libs/SSO/Samples/2nd Violins/2nd-violins-stc-rr1-c#6-PB.wav,S,pizzicato,2nd Violins,0.61,C:/Users/elagio/vs/lukia/orchestral-intro/VPO3_SATB/S/pizzicato/2nd Violins/2nd-violins-stc-rr1-c#6-PB.wav
C:/Users/elagio/vs/lukia/orchestral-intro/Virtual-Playing-Orchestra3-1-wave-files/Virtual-Playing-Orchestra3/libs/SSO/Samples/2nd Violins/2nd-violins-stc-rr1-e4-PB.wav,S,pizzicato,2nd Violins,0.61,C:/Users/elagio/vs/lukia/orchestral-intro/VPO3_SATB/S/pizzicato/2nd Violins/2nd-violins-stc-rr1-e4-PB.wav
C:/Users/elagio/vs/lukia/orchestral-intro/Virtual-Playing-Orchestra3-1-wave-files/Virtual-Playing-Orchestra3/libs/SSO/Samples/2nd Violins/2nd-violins-stc-rr1-e5-PB.wav,S,pizzicato,2nd Violins,0.61,C:/Users/elagio/vs/lukia/orchestral-intro/VPO3_SATB/S/pizzicato/2nd Violins/2nd-violins-stc-rr1-e5-PB.wav
C:/Users/elagio/vs/lukia/orchestral-intro/Virtual-Playing-Orchestra3-1-wave-files/Virtual-Playing-Orchestra3/libs/SSO/Samples/2nd Violins/2nd-violins-stc-rr1-e6-PB.wav,S,pizzicato,2nd Violins,0.61,C:/Users/elagio/vs/lukia/orchestral-intro/VPO3_SATB/S/pizzicato/2nd Violins/2nd-violins-stc-rr1-e6-PB.wav
C:/Users/elagio/vs/lukia/orchestral-intro/Virtual-Playing-Orchestra3-1-wave-files/Virtual-Playing-Orchestra3/libs/SSO/Samples/2nd Violins/2nd-violins-stc-rr1-g3-PB.wav,S,pizzicato,2nd Violins,0.61,C:/Users/elagio/vs/lukia/orchestral-intro/VPO3_SATB/S/pizzicato/2nd Violins/2nd-violins-stc-rr1-g3-PB.wav
C:/Users/elagio/vs/lukia/orchestral-intro/Virtual-Playing-Orchestra3-1-wave-files/Virtual-Playing-Orchestra3/libs/SSO/Samples/2nd Violins/2nd-violins-stc-rr1-g4-PB.wav,S,pizzicato,2nd Violins,0.61,C:/Users/elagio/vs/lukia/orchestral-intro/VPO3_SATB/S/pizzicato/2nd Violins/2nd-violins-stc-rr1-g4-PB.wav
C:/Users/elagio/vs/lukia/orchestral-intro/Virtual-Playing-Orchestra3-1-wave-files/Virtual-Playing-Orchestra3/libs/SSO/Samples/2nd Violins/2nd-violins-stc-rr1-g5-PB.wav,S,pizzicato,2nd Violins,0.61,C:/Users/elagio/vs/lukia/orchestral-intro/VPO3_SATB/S/pizzicato/2nd Violins/2nd-violins-stc-rr1-g5-PB.wav
C:/Users/elagio/vs/lukia/orchestral-intro/Virtual-Playing-Orchestra3-1-wave-files/Virtual-Playing-Orchestra3/libs/SSO/Samples/2nd Violins/2nd-violins-stc-rr1-g6-PB.wav,S,pizzicato,2nd Violins,0.61,C:/Users/elagio/vs/lukia/orchestral-intro/VPO3_SATB/S/pizzicato/2nd Violins/2nd-violins-stc-rr1-g6-PB.wav
C:/Users/elagio/vs/lukia/orchestral-intro/Virtual-Playing-Orchestra3-1-wave-files/Virtual-Playing-Orchestra3/libs/SSO/Samples/2nd Violins/2nd-violins-stc-rr2-a#3-PB.wav,S,pizzicato,2nd Violins,0.61,C:/Users/elagio/vs/lukia/orchestral-intro/VPO3_SATB/S/pizzicato/2nd Violins/2nd-violins-stc-rr2-a#3-PB.wav
C:/Users/elagio/vs/lukia/orchestral-intro/Virtual-Playing-Orchestra3-1-wave-files/Virtual-Playing-Orchestra3/libs/SSO/Samples/2nd Violins/2nd-violins-stc-rr2-a#4-PB.wav,S,pizzicato,2nd Violins,0.61,C:/Users/elagio/vs/lukia/orchestral-intro/VPO3_SATB/S/pizzicato/2nd Violins/2nd-violins-stc-rr2-a#4-PB.wav
C:/Users/elagio/vs/lukia/orchestral-intro/Virtual-Playing-Orchestra3-1-wave-files/Virtual-Playing-Orchestra3/libs/SSO/Samples/2nd Violins/2nd-violins-stc-rr2-a#5-PB.wav,S,pizzicato,2nd Violins,0.61,C:/Users/elagio/vs/lukia/orchestral-intro/VPO3_SATB/S/pizzicato/2nd Violins/2nd-violins-stc-rr2-a#5-PB.wav
C:/Users/elagio/vs/lukia/orchestral-intro/Virtual-Playing-Orchestra3-1-wave-files/Virtual-Playing-Orchestra3/libs/SSO/Samples/2nd Violins/2nd-violins-stc-rr2-a#6-PB.wav,S,pizzicato,2nd Violins,0.61,C:/Users/elagio/vs/lukia/orchestral-intro/VPO3_SATB/S/pizzicato/2nd Violins/2nd-violins-stc-rr2-a#6-PB.wav
C:/Users/elagio/vs/lukia/orchestral-intro/Virtual-Playing-Orchestra3-1-wave-files/Virtual-Playing-Orchestra3/libs/SSO/Samples/2nd Violins/2nd-violins-stc-rr2-c#4-PB.wav,S,pizzicato,2nd Violins,0.61,C:/Users/elagio/vs/lukia/orchestral-intro/VPO3_SATB/S/pizzicato/2nd Violins/2nd-violins-stc-rr2-c#4-PB.wav
C:/Users/elagio/vs/lukia/orchestral-intro/Virtual-Playing-Orchestra3-1-wave-files/Virtual-Playing-Orchestra3/libs/SSO/Samples/2nd Violins/2nd-violins-stc-rr2-c#5-PB.wav,S,pizzicato,2nd Violins,0.61,C:/Users/elagio/vs/lukia/orchestral-intro/VPO3_SATB/S/pizzicato/2nd Violins/2nd-violins-stc-rr2-c#5-PB.wav
C:/Users/elagio/vs/lukia/orchestral-intro/Virtual-Playing-Orchestra3-1-wave-files/Virtual-Playing-Orchestra3/libs/SSO/Samples/2nd Violins/2nd-violins-stc-rr2-c#6-PB.wav,S,pizzicato,2nd Violins,0.61,C:/Users/elagio/vs/lukia/orchestral-intro/VPO3_SATB/S/pizzicato/2nd Violins/2nd-violins-stc-rr2-c#6-PB.wav
C:/Users/elagio/vs/lukia/orchestral-intro/Virtual-Playing-Orchestra3-1-wave-files/Virtual-Playing-Orchestra3/libs/SSO/Samples/2nd Violins/2nd-violins-stc-rr2-e4-PB.wav,S,pizzicato,2nd Violins,0.61,C:/Users/elagio/vs/lukia/orchestral-intro/VPO3_SATB/S/pizzicato/2nd Violins/2nd-violins-stc-rr2-e4-PB.wav
C:/Users/elagio/vs/lukia/orchestral-intro/Virtual-Playing-Orchestra3-1-wave-files/Virtual-Playing-Orchestra3/libs/SSO/Samples/2nd Violins/2nd-violins-stc-rr2-e5-PB.wav,S,pizzicato,2nd Violins,0.61,C:/Users/elagio/vs/lukia/orchestral-intro/VPO3_SATB/S/pizzicato/2nd Violins/2nd-violins-stc-rr2-e5-PB.wav
C:/Users/elagio/vs/lukia/orchestral-intro/Virtual-Playing-Orchestra3-1-wave-files/Virtual-Playing-Orchestra3/libs/SSO/Samples/2nd Violins/2nd-violins-stc-rr2-e6-PB.wav,S,pizzicato,2nd Violins,0.61,C:/Users/elagio/vs/lukia/orchestral-intro/VPO3_SATB/S/pizzicato/2nd Violins/2nd-violins-stc-rr2-e6-PB.wav
C:/Users/elagio/vs/lukia/orchestral-intro/Virtual-Playing-Orchestra3-1-wave-files/Virtual-Playing-Orchestra3/libs/SSO/Samples/2nd Violins/2nd-violins-stc-rr2-g3-PB.wav,S,pizzicato,2nd Violins,0.61,C:/Users/elagio/vs/lukia/orchestral-intro/VPO3_SATB/S/pizzicato/2nd Violins/2nd-violins-stc-rr2-g3-PB.wav
C:/Users/elagio/vs/lukia/orchestral-intro/Virtual-Playing-Orchestra3-1-wave-files/Virtual-Playing-Orchestra3/libs/SSO/Samples/2nd Violins/2nd-violins-stc-rr2-g4-PB.wav,S,pizzicato,2nd Violins,0.61,C:/Users/elagio/vs/lukia/orchestral-intro/VPO3_SATB/S/pizzicato/2nd Violins/2nd-violins-stc-rr2-g4-PB.wav
C:/Users/elagio/vs/lukia/orchestral-intro/Virtual-Playing-Orchestra3-1-wave-files/Virtual-Playing-Orchestra3/libs/SSO/Samples/2nd Violins/2nd-violins-stc-rr2-g5-PB.wav,S,pizzicato,2nd Violins,0.61,C:/Users/elagio/vs/lukia/orchestral-intro/VPO3_SATB/S/pizzicato/2nd Violins/2nd-violins-stc-rr2-g5-PB.wav
C:/Users/elagio/vs/lukia/orchestral-intro/Virtual-Playing-Orchestra3-1-wave-files/Virtual-Playing-Orchestra3/libs/SSO/Samples/2nd Violins/2nd-violins-stc-rr2-g6-PB.wav,S,pizzicato,2nd Violins,0.61,C:/Users/elagio/vs/lukia/orchestral-intro/VPO3_SATB/S/pizzicato/2nd Violins/2nd-violins-stc-rr2-g6-PB.wav
C:/Users/elagio/vs/lukia/orchestral-intro/Virtual-Playing-Orchestra3-1-wave-files/Virtual-Playing-Orchestra3/libs/SSO/Samples/2nd Violins/2nd-violins-sus-a#3.wav,S,sustain_long,2nd Violins,4.99,C:/Users/elagio/vs/lukia/orchestral-intro/VPO3_SATB/S/sustain_long/2nd Violins/2nd-violins-sus-a#3.wav
C:/Users/elagio/vs/lukia/orchestral-intro/Virtual-Playing-Orchestra3-1-wave-files/Virtual-Playing-Orchestra3/libs/SSO/Samples/2nd Violins/2nd-violins-sus-a#4.wav,S,sustain_long,2nd Violins,4.91,C:/Users/elagio/vs/lukia/orchestral-intro/VPO3_SATB/S/sustain_long/2nd Violins/2nd-violins-sus-a#4.wav
C:/Users/elagio/vs/lukia/orchestral-intro/Virtual-Playing-Orchestra3-1-wave-files/Virtual-Playing-Orchestra3/libs/SSO/Samples/2nd Violins/2nd-violins-sus-a#5.wav,S,sustain_long,2nd Violins,4.32,C:/Users/elagio/vs/lukia/orchestral-intro/VPO3_SATB/S/sustain_long/2nd Violins/2nd-violins-sus-a#5.wav
C:/Users/elagio/vs/lukia/orchestral-intro/Virtual-Playing-Orchestra3-1-wave-files/Virtual-Playing-Orchestra3/libs/SSO/Samples/2nd Violins/2nd-violins-sus-a#6.wav,S,sustain_long,2nd Violins,4.42,C:/Users/elagio/vs/lukia/orchestral-intro/VPO3_SATB/S/sustain_long/2nd Violins/2nd-violins-sus-a#6.wav
C:/Users/elagio/vs/lukia/orchestral-intro/Virtual-Playing-Orchestra3-1-wave-files/Virtual-Playing-Orchestra3/libs/SSO/Samples/2nd Violins/2nd-violins-sus-c#4.wav,S,sustain_long,2nd Violins,5.06,C:/Users/elagio/vs/lukia/orchestral-intro/VPO3_SATB/S/sustain_long/2nd Violins/2nd-violins-sus-c#4.wav
C:/Users/elagio/vs/lukia/orchestral-intro/Virtual-Playing-Orchestra3-1-wave-files/Virtual-Playing-Orchestra3/libs/SSO/Samples/2nd Violins/2nd-violins-sus-c#5.wav,S,sustain_long,2nd Violins,4.13,C:/Users/elagio/vs/lukia/orchestral-intro/VPO3_SATB/S/sustain_long/2nd Violins/2nd-violins-sus-c#5.wav
C:/Users/elagio/vs/lukia/orchestral-intro/Virtual-Playing-Orchestra3-1-wave-files/Virtual-Playing-Orchestra3/libs/SSO/Samples/2nd Violins/2nd-violins-sus-c#6.wav,S,sustain_long,2nd Violins,5.17,C:/Users/elagio/vs/lukia/orchestral-intro/VPO3_SATB/S/sustain_long/2nd Violins/2nd-violins-sus-c#6.wav
C:/Users/elagio/vs/lukia/orchestral-intro/Virtual-Playing-Orchestra3-1-wave-files/Virtual-Playing-Orchestra3/libs/SSO/Samples/2nd Violins/2nd-violins-sus-e4.wav,S,sustain_long,2nd Violins,4.58,C:/Users/elagio/vs/lukia/orchestral-intro/VPO3_SATB/S/sustain_long/2nd Violins/2nd-violins-sus-e4.wav
C:/Users/elagio/vs/lukia/orchestral-intro/Virtual-Playing-Orchestra3-1-wave-files/Virtual-Playing-Orchestra3/libs/SSO/Samples/2nd Violins/2nd-violins-sus-e5.wav,S,sustain_long,2nd Violins,4.17,C:/Users/elagio/vs/lukia/orchestral-intro/VPO3_SATB/S/sustain_long/2nd Violins/2nd-violins-sus-e5.wav
C:/Users/elagio/vs/lukia/orchestral-intro/Virtual-Playing-Orchestra3-1-wave-files/Virtual-Playing-Orchestra3/libs/SSO/Samples/2nd Violins/2nd-violins-sus-e6.wav,S,sustain_long,2nd Violins,5.07,C:/Users/elagio/vs/lukia/orchestral-intro/VPO3_SATB/S/sustain_long/2nd Violins/2nd-violins-sus-e6.wav
C:/Users/elagio/vs/lukia/orchestral-intro/Virtual-Playing-Orchestra3-1-wave-files/Virtual-Playing-Orchestra3/libs/SSO/Samples/2nd Violins/2nd-violins-sus-g3.wav,S,sustain_long,2nd Violins,5.04,C:/Users/elagio/vs/lukia/orchestral-intro/VPO3_SATB/S/sustain_long/2nd Violins/2nd-violins-sus-g3.wav
C:/Users/elagio/vs/lukia/orchestral-intro/Virtual-Playing-Orchestra3-1-wave-files/Virtual-Playing-Orchestra3/libs/SSO/Samples/2nd Violins/2nd-violins-sus-g4.wav,S,sustain_long,2nd Violins,4.33,C:/Users/elagio/vs/lukia/orchestral-intro/VPO3_SATB/S/sustain_long/2nd Violins/2nd-violins-sus-g4.wav
C:/Users/elagio/vs/lukia/orchestral-intro/Virtual-Playing-Orchestra3-1-wave-files/Virtual-Playing-Orchestra3/libs/SSO/Samples/2nd Violins/2nd-violins-sus-g5.wav,S,sustain_long,2nd Violins,4.41,C:/Users/elagio/vs/lukia/orchestral-intro/VPO3_SATB/S/sustain_long/2nd Violins/2nd-violins-sus-g5.wav
C:/Users/elagio/vs/lukia/orchestral-intro/Virtual-Playing-Orchestra3-1-wave-files/Virtual-Playing-Orchestra3/libs/SSO/Samples/2nd Violins/2nd-violins-sus-g6.wav,S,sustain_long,2nd Violins,4.71,C:/Users/elagio/vs/lukia/orchestral-intro/VPO3_SATB/S/sustain_long/2nd Violins/2nd-violins-sus-g6.wav
C:/Users/elagio/vs/lukia/orchestral-intro/Virtual-Playing-Orchestra3-1-wave-files/Virtual-Playing-Orchestra3/libs/SSO/Samples/Bass Clarinet/bass_clarinet-b3-PB-loop.wav,B,sustain,Basses,2.87,C:/Users/elagio/vs/lukia/orchestral-intro/VPO3_SATB/B/sustain/Basses/bass_clarinet-b3-PB-loop.wav
C:/Users/elagio/vs/lukia/orchestral-intro/Virtual-Playing-Orchestra3-1-wave-files/Virtual-Playing-Orchestra3/libs/SSO/Samples/Bass Clarinet/bass_clarinet-b4-PB-loop.wav,B,sustain,Basses,2.78,C:/Users/elagio/vs/lukia/orchestral-intro/VPO3_SATB/B/sustain/Basses/bass_clarinet-b4-PB-loop.wav
C:/Users/elagio/vs/lukia/orchestral-intro/Virtual-Playing-Orchestra3-1-wave-files/Virtual-Playing-Orchestra3/libs/SSO/Samples/Bass Clarinet/bass_clarinet-d2-PB-loop.wav,B,sustain,Basses,2.76,C:/Users/elagio/vs/lukia/orchestral-intro/VPO3_SATB/B/sustain/Basses/bass_clarinet-d2-PB-loop.wav
C:/Users/elagio/vs/lukia/orchestral-intro/Virtual-Playing-Orchestra3-1-wave-files/Virtual-Playing-Orchestra3/libs/SSO/Samples/Bass Clarinet/bass_clarinet-d3-PB-loop.wav,B,sustain,Basses,3.03,C:/Users/elagio/vs/lukia/orchestral-intro/VPO3_SATB/B/sustain/Basses/bass_clarinet-d3-PB-loop.wav
C:/Users/elagio/vs/lukia/orchestral-intro/Virtual-Playing-Orchestra3-1-wave-files/Virtual-Playing-Orchestra3/libs/SSO/Samples/Bass Clarinet/bass_clarinet-d4-PB-loop.wav,B,sustain,Basses,2.98,C:/Users/elagio/vs/lukia/orchestral-intro/VPO3_SATB/B/sustain/Basses/bass_clarinet-d4-PB-loop.wav
C:/Users/elagio/vs/lukia/orchestral-intro/Virtual-Playing-Orchestra3-1-wave-files/Virtual-Playing-Orchestra3/libs/SSO/Samples/Bass Clarinet/bass_clarinet-d5-PB-loop.wav,B,sustain,Basses,2.85,C:/Users/elagio/vs/lukia/orchestral-intro/VPO3_SATB/B/sustain/Basses/bass_clarinet-d5-PB-loop.wav
C:/Users/elagio/vs/lukia/orchestral-intro/Virtual-Playing-Orchestra3-1-wave-files/Virtual-Playing-Orchestra3/libs/SSO/Samples/Bass Clarinet/bass_clarinet-f2-PB-loop.wav,B,sustain,Basses,2.82,C:/Users/elagio/vs/lukia/orchestral-intro/VPO3_SATB/B/sustain/Basses/bass_clarinet-f2-PB-loop.wav
C:/Users/elagio/vs/lukia/orchestral-intro/Virtual-Playing-Orchestra3-1-wave-files/Virtual-Playing-Orchestra3/libs/SSO/Samples/Bass Clarinet/bass_clarinet-f3-PB-loop.wav,B,sustain,Basses,2.84,C:/Users/elagio/vs/lukia/orchestral-intro/VPO3_SATB/B/sustain/Basses/bass_clarinet-f3-PB-loop.wav
C:/Users/elagio/vs/lukia/orchestral-intro/Virtual-Playing-Orchestra3-1-wave-files/Virtual-Playing-Orchestra3/libs/SSO/Samples/Bass Clarinet/bass_clarinet-f4-PB-loop.wav,B,sustain,Basses,2.73,C:/Users/elagio/vs/lukia/orchestral-intro/VPO3_SATB/B/sustain/Basses/bass_clarinet-f4-PB-loop.wav
C:/Users/elagio/vs/lukia/orchestral-intro/Virtual-Playing-Orchestra3-1-wave-files/Virtual-Playing-Orchestra3/libs/SSO/Samples/Bass Clarinet/bass_clarinet-g#2-PB-loop.wav,B,sustain,Basses,2.77,C:/Users/elagio/vs/lukia/orchestral-intro/VPO3_SATB/B/sustain/Basses/bass_clarinet-g#2-PB-loop.wav
C:/Users/elagio/vs/lukia/orchestral-intro/Virtual-Playing-Orchestra3-1-wave-files/Virtual-Playing-Orchestra3/libs/SSO/Samples/Bass Clarinet/bass_clarinet-g#3-PB-loop.wav,B,sustain,Basses,2.74,C:/Users/elagio/vs/lukia/orchestral-intro/VPO3_SATB/B/sustain/Basses/bass_clarinet-g#3-PB-loop.wav
C:/Users/elagio/vs/lukia/orchestral-intro/Virtual-Playing-Orchestra3-1-wave-files/Virtual-Playing-Orchestra3/libs/SSO/Samples/Bass Trombone/bass_trombone-a#1-PB-loop.wav,B,sustain,Basses,2.84,C:/Users/elagio/vs/lukia/orchestral-intro/VPO3_SATB/B/sustain/Basses/bass_trombone-a#1-PB-loop.wav
C:/Users/elagio/vs/lukia/orchestral-intro/Virtual-Playing-Orchestra3-1-wave-files/Virtual-Playing-Orchestra3/libs/SSO/Samples/Bass Trombone/bass_trombone-a#2-PB-loop.wav,B,sustain,Basses,2.46,C:/Users/elagio/vs/lukia/orchestral-intro/VPO3_SATB/B/sustain/Basses/bass_trombone-a#2-PB-loop.wav
C:/Users/elagio/vs/lukia/orchestral-intro/Virtual-Playing-Orchestra3-1-wave-files/Virtual-Playing-Orchestra3/libs/SSO/Samples/Bass Trombone/bass_trombone-a#3-PB-loop.wav,B,sustain,Basses,3.01,C:/Users/elagio/vs/lukia/orchestral-intro/VPO3_SATB/B/sustain/Basses/bass_trombone-a#3-PB-loop.wav
C:/Users/elagio/vs/lukia/orchestral-intro/Virtual-Playing-Orchestra3-1-wave-files/Virtual-Playing-Orchestra3/libs/SSO/Samples/Bass Trombone/bass_trombone-c#2-PB-loop.wav,B,sustain,Basses,2.81,C:/Users/elagio/vs/lukia/orchestral-intro/VPO3_SATB/B/sustain/Basses/bass_trombone-c#2-PB-loop.wav
C:/Users/elagio/vs/lukia/orchestral-intro/Virtual-Playing-Orchestra3-1-wave-files/Virtual-Playing-Orchestra3/libs/SSO/Samples/Bass Trombone/bass_trombone-c#3-PB-loop.wav,B,sustain,Basses,3.01,C:/Users/elagio/vs/lukia/orchestral-intro/VPO3_SATB/B/sustain/Basses/bass_trombone-c#3-PB-loop.wav
C:/Users/elagio/vs/lukia/orchestral-intro/Virtual-Playing-Orchestra3-1-wave-files/Virtual-Playing-Orchestra3/libs/SSO/Samples/Bass Trombone/bass_trombone-c#4-PB-loop.wav,B,sustain,Basses,2.74,C:/Users/elagio/vs/lukia/orchestral-intro/VPO3_SATB/B/sustain/Basses/bass_trombone-c#4-PB-loop.wav
C:/Users/elagio/vs/lukia/orchestral-intro/Virtual-Playing-Orchestra3-1-wave-files/Virtual-Playing-Orchestra3/libs/SSO/Samples/Bass Trombone/bass_trombone-e1-PB-loop.wav,B,sustain,Basses,3.11,C:/Users/elagio/vs/lukia/orchestral-intro/VPO3_SATB/B/sustain/Basses/bass_trombone-e1-PB-loop.wav
C:/Users/elagio/vs/lukia/orchestral-intro/Virtual-Playing-Orchestra3-1-wave-files/Virtual-Playing-Orchestra3/libs/SSO/Samples/Bass Trombone/bass_trombone-e2-PB-loop.wav,B,sustain,Basses,2.74,C:/Users/elagio/vs/lukia/orchestral-intro/VPO3_SATB/B/sustain/Basses/bass_trombone-e2-PB-loop.wav
C:/Users/elagio/vs/lukia/orchestral-intro/Virtual-Playing-Orchestra3-1-wave-files/Virtual-Playing-Orchestra3/libs/SSO/Samples/Bass Trombone/bass_trombone-e3-PB-loop.wav,B,sustain,Basses,3.29,C:/Users/elagio/vs/lukia/orchestral-intro/VPO3_SATB/B/sustain/Basses/bass_trombone-e3-PB-loop.wav
C:/Users/elagio/vs/lukia/orchestral-intro/Virtual-Playing-Orchestra3-1-wave-files/Virtual-Playing-Orchestra3/libs/SSO/Samples/Bass Trombone/bass_trombone-e4-PB-loop.wav,B,sustain,Basses,3.37,C:/Users/elagio/vs/lukia/orchestral-intro/VPO3_SATB/B/sustain/Basses/bass_trombone-e4-PB-loop.wav
C:/Users/elagio/vs/lukia/orchestral-intro/Virtual-Playing-Orchestra3-1-wave-files/Virtual-Playing-Orchestra3/libs/SSO/Samples/Bass Trombone/bass_trombone-g1-PB-loop.wav,B,sustain,Basses,1.88,C:/Users/elagio/vs/lukia/orchestral-intro/VPO3_SATB/B/sustain/Basses/bass_trombone-g1-PB-loop.wav
C:/Users/elagio/vs/lukia/orchestral-intro/Virtual-Playing-Orchestra3-1-wave-files/Virtual-Playing-Orchestra3/libs/SSO/Samples/Bass Trombone/bass_trombone-g2-PB-loop.wav,B,sustain,Basses,2.94,C:/Users/elagio/vs/lukia/orchestral-intro/VPO3_SATB/B/sustain/Basses/bass_trombone-g2-PB-loop.wav
C:/Users/elagio/vs/lukia/orchestral-intro/Virtual-Playing-Orchestra3-1-wave-files/Virtual-Playing-Orchestra3/libs/SSO/Samples/Bass Trombone/bass_trombone-g3-PB-loop.wav,B,sustain,Basses,3.15,C:/Users/elagio/vs/lukia/orchestral-intro/VPO3_SATB/B/sustain/Basses/bass_trombone-g3-PB-loop.wav
C:/Users/elagio/vs/lukia/orchestral-intro/Virtual-Playing-Orchestra3-1-wave-files/Virtual-Playing-Orchestra3/libs/SSO/Samples/Basses/basses-piz-rr1-a1-PB.wav,B,pizzicato,Basses,0.72,C:/Users/elagio/vs/lukia/orchestral-intro/VPO3_SATB/B/pizzicato/Basses/basses-piz-rr1-a1-PB.wav
C:/Users/elagio/vs/lukia/orchestral-intro/Virtual-Playing-Orchestra3-1-wave-files/Virtual-Playing-Orchestra3/libs/SSO/Samples/Basses/basses-piz-rr1-a2-PB.wav,B,pizzicato,Basses,0.65,C:/Users/elagio/vs/lukia/orchestral-intro/VPO3_SATB/B/pizzicato/Basses/basses-piz-rr1-a2-PB.wav
C:/Users/elagio/vs/lukia/orchestral-intro/Virtual-Playing-Orchestra3-1-wave-files/Virtual-Playing-Orchestra3/libs/SSO/Samples/Basses/basses-piz-rr1-c1-PB.wav,B,pizzicato,Basses,0.73,C:/Users/elagio/vs/lukia/orchestral-intro/VPO3_SATB/B/pizzicato/Basses/basses-piz-rr1-c1-PB.wav
C:/Users/elagio/vs/lukia/orchestral-intro/Virtual-Playing-Orchestra3-1-wave-files/Virtual-Playing-Orchestra3/libs/SSO/Samples/Basses/basses-piz-rr1-c3-PB.wav,B,pizzicato,Basses,0.72,C:/Users/elagio/vs/lukia/orchestral-intro/VPO3_SATB/B/pizzicato/Basses/basses-piz-rr1-c3-PB.wav
C:/Users/elagio/vs/lukia/orchestral-intro/Virtual-Playing-Orchestra3-1-wave-files/Virtual-Playing-Orchestra3/libs/SSO/Samples/Basses/basses-piz-rr1-c4-PB.wav,B,pizzicato,Basses,0.45,C:/Users/elagio/vs/lukia/orchestral-intro/VPO3_SATB/B/pizzicato/Basses/basses-piz-rr1-c4-PB.wav
C:/Users/elagio/vs/lukia/orchestral-intro/Virtual-Playing-Orchestra3-1-wave-files/Virtual-Playing-Orchestra3/libs/SSO/Samples/Basses/basses-piz-rr1-d#2-PB.wav,B,pizzicato,Basses,0.66,C:/Users/elagio/vs/lukia/orchestral-intro/VPO3_SATB/B/pizzicato/Basses/basses-piz-rr1-d#2-PB.wav
C:/Users/elagio/vs/lukia/orchestral-intro/Virtual-Playing-Orchestra3-1-wave-files/Virtual-Playing-Orchestra3/libs/SSO/Samples/Basses/basses-piz-rr1-d#3-PB.wav,B,pizzicato,Basses,0.52,C:/Users/elagio/vs/lukia/orchestral-intro/VPO3_SATB/B/pizzicato/Basses/basses-piz-rr1-d#3-PB.wav
C:/Users/elagio/vs/lukia/orchestral-intro/Virtual-Playing-Orchestra3-1-wave-files/Virtual-Playing-Orchestra3/libs/SSO/Samples/Basses/basses-piz-rr1-f#3-PB.wav,B,pizzicato,Basses,0.47,C:/Users/elagio/vs/lukia/orchestral-intro/VPO3_SATB/B/pizzicato/Basses/basses-piz-rr1-f#3-PB.wav
C:/Users/elagio/vs/lukia/orchestral-intro/Virtual-Playing-Orchestra3-1-wave-files/Virtual-Playing-Orchestra3/libs/SSO/Samples/Basses/basses-piz-rr2-a3-PB.wav,B,pizzicato,Basses,0.44,C:/Users/elagio/vs/lukia/orchestral-intro/VPO3_SATB/B/pizzicato/Basses/basses-piz-rr2-a3-PB.wav
C:/Users/elagio/vs/lukia/orchestral-intro/Virtual-Playing-Orchestra3-1-wave-files/Virtual-Playing-Orchestra3/libs/SSO/Samples/Basses/basses-piz-rr2-c2-PB.wav,B,pizzicato,Basses,0.56,C:/Users/elagio/vs/lukia/orchestral-intro/VPO3_SATB/B/pizzicato/Basses/basses-piz-rr2-c2-PB.wav
C:/Users/elagio/vs/lukia/orchestral-intro/Virtual-Playing-Orchestra3-1-wave-files/Virtual-Playing-Orchestra3/libs/SSO/Samples/Basses/basses-piz-rr2-f#1-PB.wav,B,pizzicato,Basses,0.62,C:/Users/elagio/vs/lukia/orchestral-intro/VPO3_SATB/B/pizzicato/Basses/basses-piz-rr2-f#1-PB.wav
C:/Users/elagio/vs/lukia/orchestral-intro/Virtual-Playing-Orchestra3-1-wave-files/Virtual-Playing-Orchestra3/libs/SSO/Samples/Basses/basses-piz-rr2-f#2-PB.wav,B,pizzicato,Basses,0.62,C:/Users/elagio/vs/lukia/orchestral-intro/VPO3_SATB/B/pizzicato/Basses/basses-piz-rr2-f#2-PB.wav
C:/Users/elagio/vs/lukia/orchestral-intro/Virtual-Playing-Orchestra3-1-wave-files/Virtual-Playing-Orchestra3/libs/SSO/Samples/Basses/basses-stc-rr1-a1.wav,B,pizzicato,Basses,1.13,C:/Users/elagio/vs/lukia/orchestral-intro/VPO3_SATB/B/pizzicato/Basses/basses-stc-rr1-a1.wav
C:/Users/elagio/vs/lukia/orchestral-intro/Virtual-Playing-Orchestra3-1-wave-files/Virtual-Playing-Orchestra3/libs/SSO/Samples/Basses/basses-stc-rr1-a2.wav,B,pizzicato,Basses,1.04,C:/Users/elagio/vs/lukia/orchestral-intro/VPO3_SATB/B/pizzicato/Basses/basses-stc-rr1-a2.wav
C:/Users/elagio/vs/lukia/orchestral-intro/Virtual-Playing-Orchestra3-1-wave-files/Virtual-Playing-Orchestra3/libs/SSO/Samples/Basses/basses-stc-rr1-a3.wav,B,pizzicato,Basses,0.98,C:/Users/elagio/vs/lukia/orchestral-intro/VPO3_SATB/B/pizzicato/Basses/basses-stc-rr1-a3.wav
C:/Users/elagio/vs/lukia/orchestral-intro/Virtual-Playing-Orchestra3-1-wave-files/Virtual-Playing-Orchestra3/libs/SSO/Samples/Basses/basses-stc-rr1-c1.wav,B,pizzicato,Basses,1.17,C:/Users/elagio/vs/lukia/orchestral-intro/VPO3_SATB/B/pizzicato/Basses/basses-stc-rr1-c1.wav
C:/Users/elagio/vs/lukia/orchestral-intro/Virtual-Playing-Orchestra3-1-wave-files/Virtual-Playing-Orchestra3/libs/SSO/Samples/Basses/basses-stc-rr1-c2.wav,B,pizzicato,Basses,1.12,C:/Users/elagio/vs/lukia/orchestral-intro/VPO3_SATB/B/pizzicato/Basses/basses-stc-rr1-c2.wav
C:/Users/elagio/vs/lukia/orchestral-intro/Virtual-Playing-Orchestra3-1-wave-files/Virtual-Playing-Orchestra3/libs/SSO/Samples/Basses/basses-stc-rr1-c3.wav,B,pizzicato,Basses,1.16,C:/Users/elagio/vs/lukia/orchestral-intro/VPO3_SATB/B/pizzicato/Basses/basses-stc-rr1-c3.wav
C:/Users/elagio/vs/lukia/orchestral-intro/Virtual-Playing-Orchestra3-1-wave-files/Virtual-Playing-Orchestra3/libs/SSO/Samples/Basses/basses-stc-rr1-c4.wav,B,pizzicato,Basses,1.08,C:/Users/elagio/vs/lukia/orchestral-intro/VPO3_SATB/B/pizzicato/Basses/basses-stc-rr1-c4.wav
C:/Users/elagio/vs/lukia/orchestral-intro/Virtual-Playing-Orchestra3-1-wave-files/Virtual-Playing-Orchestra3/libs/SSO/Samples/Basses/basses-stc-rr1-d#1.wav,B,pizzicato,Basses,1.2,C:/Users/elagio/vs/lukia/orchestral-intro/VPO3_SATB/B/pizzicato/Basses/basses-stc-rr1-d#1.wav
C:/Users/elagio/vs/lukia/orchestral-intro/Virtual-Playing-Orchestra3-1-wave-files/Virtual-Playing-Orchestra3/libs/SSO/Samples/Basses/basses-stc-rr1-d#2.wav,B,pizzicato,Basses,1.4,C:/Users/elagio/vs/lukia/orchestral-intro/VPO3_SATB/B/pizzicato/Basses/basses-stc-rr1-d#2.wav
C:/Users/elagio/vs/lukia/orchestral-intro/Virtual-Playing-Orchestra3-1-wave-files/Virtual-Playing-Orchestra3/libs/SSO/Samples/Basses/basses-stc-rr1-d#3.wav,B,pizzicato,Basses,1.2,C:/Users/elagio/vs/lukia/orchestral-intro/VPO3_SATB/B/pizzicato/Basses/basses-stc-rr1-d#3.wav
C:/Users/elagio/vs/lukia/orchestral-intro/Virtual-Playing-Orchestra3-1-wave-files/Virtual-Playing-Orchestra3/libs/SSO/Samples/Basses/basses-stc-rr1-f#1.wav,B,pizzicato,Basses,1.21,C:/Users/elagio/vs/lukia/orchestral-intro/VPO3_SATB/B/pizzicato/Basses/basses-stc-rr1-f#1.wav
C:/Users/elagio/vs/lukia/orchestral-intro/Virtual-Playing-Orchestra3-1-wave-files/Virtual-Playing-Orchestra3/libs/SSO/Samples/Basses/basses-stc-rr1-f#2.wav,B,pizzicato,Basses,1.24,C:/Users/elagio/vs/lukia/orchestral-intro/VPO3_SATB/B/pizzicato/Basses/basses-stc-rr1-f#2.wav
C:/Users/elagio/vs/lukia/orchestral-intro/Virtual-Playing-Orchestra3-1-wave-files/Virtual-Playing-Orchestra3/libs/SSO/Samples/Basses/basses-stc-rr1-f#3.wav,B,pizzicato,Basses,1.15,C:/Users/elagio/vs/lukia/orchestral-intro/VPO3_SATB/B/pizzicato/Basses/basses-stc-rr1-f#3.wav
C:/Users/elagio/vs/lukia/orchestral-intro/Virtual-Playing-Orchestra3-1-wave-files/Virtual-Playing-Orchestra3/libs/SSO/Samples/Basses/basses-stc-rr2-a1.wav,B,pizzicato,Basses,1.16,C:/Users/elagio/vs/lukia/orchestral-intro/VPO3_SATB/B/pizzicato/Basses/basses-stc-rr2-a1.wav
C:/Users/elagio/vs/lukia/orchestral-intro/Virtual-Playing-Orchestra3-1-wave-files/Virtual-Playing-Orchestra3/libs/SSO/Samples/Basses/basses-stc-rr2-a2.wav,B,pizzicato,Basses,1.06,C:/Users/elagio/vs/lukia/orchestral-intro/VPO3_SATB/B/pizzicato/Basses/basses-stc-rr2-a2.wav
C:/Users/elagio/vs/lukia/orchestral-intro/Virtual-Playing-Orchestra3-1-wave-files/Virtual-Playing-Orchestra3/libs/SSO/Samples/Basses/basses-stc-rr2-a3.wav,B,pizzicato,Basses,0.95,C:/Users/elagio/vs/lukia/orchestral-intro/VPO3_SATB/B/pizzicato/Basses/basses-stc-rr2-a3.wav
C:/Users/elagio/vs/lukia/orchestral-intro/Virtual-Playing-Orchestra3-1-wave-files/Virtual-Playing-Orchestra3/libs/SSO/Samples/Basses/basses-stc-rr2-c1.wav,B,pizzicato,Basses,1.17,C:/Users/elagio/vs/lukia/orchestral-intro/VPO3_SATB/B/pizzicato/Basses/basses-stc-rr2-c1.wav
C:/Users/elagio/vs/lukia/orchestral-intro/Virtual-Playing-Orchestra3-1-wave-files/Virtual-Playing-Orchestra3/libs/SSO/Samples/Basses/basses-stc-rr2-c2.wav,B,pizzicato,Basses,1.1,C:/Users/elagio/vs/lukia/orchestral-intro/VPO3_SATB/B/pizzicato/Basses/basses-stc-rr2-c2.wav
C:/Users/elagio/vs/lukia/orchestral-intro/Virtual-Playing-Orchestra3-1-wave-files/Virtual-Playing-Orchestra3/libs/SSO/Samples/Basses/basses-stc-rr2-c3.wav,B,pizzicato,Basses,1.04,C:/Users/elagio/vs/lukia/orchestral-intro/VPO3_SATB/B/pizzicato/Basses/basses-stc-rr2-c3.wav
C:/Users/elagio/vs/lukia/orchestral-intro/Virtual-Playing-Orchestra3-1-wave-files/Virtual-Playing-Orchestra3/libs/SSO/Samples/Basses/basses-stc-rr2-c4.wav,B,pizzicato,Basses,0.97,C:/Users/elagio/vs/lukia/orchestral-intro/VPO3_SATB/B/pizzicato/Basses/basses-stc-rr2-c4.wav
C:/Users/elagio/vs/lukia/orchestral-intro/Virtual-Playing-Orchestra3-1-wave-files/Virtual-Playing-Orchestra3/libs/SSO/Samples/Basses/basses-stc-rr2-d#1.wav,B,pizzicato,Basses,1.16,C:/Users/elagio/vs/lukia/orchestral-intro/VPO3_SATB/B/pizzicato/Basses/basses-stc-rr2-d#1.wav
C:/Users/elagio/vs/lukia/orchestral-intro/Virtual-Playing-Orchestra3-1-wave-files/Virtual-Playing-Orchestra3/libs/SSO/Samples/Basses/basses-stc-rr2-d#2.wav,B,pizzicato,Basses,1.38,C:/Users/elagio/vs/lukia/orchestral-intro/VPO3_SATB/B/pizzicato/Basses/basses-stc-rr2-d#2.wav
C:/Users/elagio/vs/lukia/orchestral-intro/Virtual-Playing-Orchestra3-1-wave-files/Virtual-Playing-Orchestra3/libs/SSO/Samples/Basses/basses-stc-rr2-d#3.wav,B,pizzicato,Basses,1.12,C:/Users/elagio/vs/lukia/orchestral-intro/VPO3_SATB/B/pizzicato/Basses/basses-stc-rr2-d#3.wav
C:/Users/elagio/vs/lukia/orchestral-intro/Virtual-Playing-Orchestra3-1-wave-files/Virtual-Playing-Orchestra3/libs/SSO/Samples/Basses/basses-stc-rr2-f#1.wav,B,pizzicato,Basses,1.11,C:/Users/elagio/vs/lukia/orchestral-intro/VPO3_SATB/B/pizzicato/Basses/basses-stc-rr2-f#1.wav
C:/Users/elagio/vs/lukia/orchestral-intro/Virtual-Playing-Orchestra3-1-wave-files/Virtual-Playing-Orchestra3/libs/SSO/Samples/Basses/basses-stc-rr2-f#2.wav,B,pizzicato,Basses,1.13,C:/Users/elagio/vs/lukia/orchestral-intro/VPO3_SATB/B/pizzicato/Basses/basses-stc-rr2-f#2.wav
C:/Users/elagio/vs/lukia/orchestral-intro/Virtual-Playing-Orchestra3-1-wave-files/Virtual-Playing-Orchestra3/libs/SSO/Samples/Basses/basses-stc-rr2-f#3.wav,B,pizzicato,Basses,1.04,C:/Users/elagio/vs/lukia/orchestral-intro/VPO3_SATB/B/pizzicato/Basses/basses-stc-rr2-f#3.wav
C:/Users/elagio/vs/lukia/orchestral-intro/Virtual-Playing-Orchestra3-1-wave-files/Virtual-Playing-Orchestra3/libs/SSO/Samples/Basses/basses-sus-a1-PB-loop.wav,B,sustain,Basses,4.66,C:/Users/elagio/vs/lukia/orchestral-intro/VPO3_SATB/B/sustain/Basses/basses-sus-a1-PB-loop.wav
C:/Users/elagio/vs/lukia/orchestral-intro/Virtual-Playing-Orchestra3-1-wave-files/Virtual-Playing-Orchestra3/libs/SSO/Samples/Basses/basses-sus-a2-PB-loop.wav,B,sustain,Basses,4.43,C:/Users/elagio/vs/lukia/orchestral-intro/VPO3_SATB/B/sustain/Basses/basses-sus-a2-PB-loop.wav
C:/Users/elagio/vs/lukia/orchestral-intro/Virtual-Playing-Orchestra3-1-wave-files/Virtual-Playing-Orchestra3/libs/SSO/Samples/Basses/basses-sus-a3-PB-loop.wav,B,sustain,Basses,4.71,C:/Users/elagio/vs/lukia/orchestral-intro/VPO3_SATB/B/sustain/Basses/basses-sus-a3-PB-loop.wav
C:/Users/elagio/vs/lukia/orchestral-intro/Virtual-Playing-Orchestra3-1-wave-files/Virtual-Playing-Orchestra3/libs/SSO/Samples/Basses/basses-sus-c1-PB-loop.wav,B,sustain,Basses,5.13,C:/Users/elagio/vs/lukia/orchestral-intro/VPO3_SATB/B/sustain/Basses/basses-sus-c1-PB-loop.wav
C:/Users/elagio/vs/lukia/orchestral-intro/Virtual-Playing-Orchestra3-1-wave-files/Virtual-Playing-Orchestra3/libs/SSO/Samples/Basses/basses-sus-c2-PB-loop.wav,B,sustain,Basses,4.42,C:/Users/elagio/vs/lukia/orchestral-intro/VPO3_SATB/B/sustain/Basses/basses-sus-c2-PB-loop.wav
C:/Users/elagio/vs/lukia/orchestral-intro/Virtual-Playing-Orchestra3-1-wave-files/Virtual-Playing-Orchestra3/libs/SSO/Samples/Basses/basses-sus-c3-PB-loop.wav,B,sustain,Basses,7.02,C:/Users/elagio/vs/lukia/orchestral-intro/VPO3_SATB/B/sustain/Basses/basses-sus-c3-PB-loop.wav
C:/Users/elagio/vs/lukia/orchestral-intro/Virtual-Playing-Orchestra3-1-wave-files/Virtual-Playing-Orchestra3/libs/SSO/Samples/Basses/basses-sus-c4-PB-loop.wav,B,sustain,Basses,4.55,C:/Users/elagio/vs/lukia/orchestral-intro/VPO3_SATB/B/sustain/Basses/basses-sus-c4-PB-loop.wav
C:/Users/elagio/vs/lukia/orchestral-intro/Virtual-Playing-Orchestra3-1-wave-files/Virtual-Playing-Orchestra3/libs/SSO/Samples/Basses/basses-sus-d#2-PB-loop.wav,B,sustain,Basses,4.83,C:/Users/elagio/vs/lukia/orchestral-intro/VPO3_SATB/B/sustain/Basses/basses-sus-d#2-PB-loop.wav
C:/Users/elagio/vs/lukia/orchestral-intro/Virtual-Playing-Orchestra3-1-wave-files/Virtual-Playing-Orchestra3/libs/SSO/Samples/Basses/basses-sus-d#3-PB-loop.wav,B,sustain,Basses,4.33,C:/Users/elagio/vs/lukia/orchestral-intro/VPO3_SATB/B/sustain/Basses/basses-sus-d#3-PB-loop.wav
C:/Users/elagio/vs/lukia/orchestral-intro/Virtual-Playing-Orchestra3-1-wave-files/Virtual-Playing-Orchestra3/libs/SSO/Samples/Basses/basses-sus-f#1-PB-loop.wav,B,sustain,Basses,4.33,C:/Users/elagio/vs/lukia/orchestral-intro/VPO3_SATB/B/sustain/Basses/basses-sus-f#1-PB-loop.wav
C:/Users/elagio/vs/lukia/orchestral-intro/Virtual-Playing-Orchestra3-1-wave-files/Virtual-Playing-Orchestra3/libs/SSO/Samples/Basses/basses-sus-f#2-PB-loop.wav,B,sustain,Basses,4.48,C:/Users/elagio/vs/lukia/orchestral-intro/VPO3_SATB/B/sustain/Basses/basses-sus-f#2-PB-loop.wav
C:/Users/elagio/vs/lukia/orchestral-intro/Virtual-Playing-Orchestra3-1-wave-files/Virtual-Playing-Orchestra3/libs/SSO/Samples/Basses/basses-sus-f#3-PB-loop.wav,B,sustain,Basses,5.1,C:/Users/elagio/vs/lukia/orchestral-intro/VPO3_SATB/B/sustain/Basses/basses-sus-f#3-PB-loop.wav
C:/Users/elagio/vs/lukia/orchestral-intro/Virtual-Playing-Orchestra3-1-wave-files/Virtual-Playing-Orchestra3/libs/SSO/Samples/Bassoon/bassoon-a#1-PB-loop.wav,T,sustain,Bassoon,3.38,C:/Users/elagio/vs/lukia/orchestral-intro/VPO3_SATB/T/sustain/Bassoon/bassoon-a#1-PB-loop.wav
C:/Users/elagio/vs/lukia/orchestral-intro/Virtual-Playing-Orchestra3-1-wave-files/Virtual-Playing-Orchestra3/libs/SSO/Samples/Bassoon/bassoon-a#2-PB-loop.wav,T,sustain,Bassoon,4.3,C:/Users/elagio/vs/lukia/orchestral-intro/VPO3_SATB/T/sustain/Bassoon/bassoon-a#2-PB-loop.wav
C:/Users/elagio/vs/lukia/orchestral-intro/Virtual-Playing-Orchestra3-1-wave-files/Virtual-Playing-Orchestra3/libs/SSO/Samples/Bassoon/bassoon-a#3-PB-loop.wav,T,sustain,Bassoon,4.09,C:/Users/elagio/vs/lukia/orchestral-intro/VPO3_SATB/T/sustain/Bassoon/bassoon-a#3-PB-loop.wav
C:/Users/elagio/vs/lukia/orchestral-intro/Virtual-Playing-Orchestra3-1-wave-files/Virtual-Playing-Orchestra3/libs/SSO/Samples/Bassoon/bassoon-a#4-PB-loop.wav,T,sustain,Bassoon,3.44,C:/Users/elagio/vs/lukia/orchestral-intro/VPO3_SATB/T/sustain/Bassoon/bassoon-a#4-PB-loop.wav
C:/Users/elagio/vs/lukia/orchestral-intro/Virtual-Playing-Orchestra3-1-wave-files/Virtual-Playing-Orchestra3/libs/SSO/Samples/Bassoon/bassoon-c#2-PB-loop.wav,T,sustain,Bassoon,2.89,C:/Users/elagio/vs/lukia/orchestral-intro/VPO3_SATB/T/sustain/Bassoon/bassoon-c#2-PB-loop.wav
C:/Users/elagio/vs/lukia/orchestral-intro/Virtual-Playing-Orchestra3-1-wave-files/Virtual-Playing-Orchestra3/libs/SSO/Samples/Bassoon/bassoon-c#3-PB-loop.wav,T,sustain,Bassoon,2.77,C:/Users/elagio/vs/lukia/orchestral-intro/VPO3_SATB/T/sustain/Bassoon/bassoon-c#3-PB-loop.wav
C:/Users/elagio/vs/lukia/orchestral-intro/Virtual-Playing-Orchestra3-1-wave-files/Virtual-Playing-Orchestra3/libs/SSO/Samples/Bassoon/bassoon-c#4-PB-loop.wav,T,sustain,Bassoon,3.0,C:/Users/elagio/vs/lukia/orchestral-intro/VPO3_SATB/T/sustain/Bassoon/bassoon-c#4-PB-loop.wav
C:/Users/elagio/vs/lukia/orchestral-intro/Virtual-Playing-Orchestra3-1-wave-files/Virtual-Playing-Orchestra3/libs/SSO/Samples/Bassoon/bassoon-e2-PB-loop.wav,T,sustain,Bassoon,2.99,C:/Users/elagio/vs/lukia/orchestral-intro/VPO3_SATB/T/sustain/Bassoon/bassoon-e2-PB-loop.wav
C:/Users/elagio/vs/lukia/orchestral-intro/Virtual-Playing-Orchestra3-1-wave-files/Virtual-Playing-Orchestra3/libs/SSO/Samples/Bassoon/bassoon-e3-PB-loop.wav,T,sustain,Bassoon,3.02,C:/Users/elagio/vs/lukia/orchestral-intro/VPO3_SATB/T/sustain/Bassoon/bassoon-e3-PB-loop.wav
C:/Users/elagio/vs/lukia/orchestral-intro/Virtual-Playing-Orchestra3-1-wave-files/Virtual-Playing-Orchestra3/libs/SSO/Samples/Bassoon/bassoon-e4-PB-loop.wav,T,sustain,Bassoon,3.07,C:/Users/elagio/vs/lukia/orchestral-intro/VPO3_SATB/T/sustain/Bassoon/bassoon-e4-PB-loop.wav
C:/Users/elagio/vs/lukia/orchestral-intro/Virtual-Playing-Orchestra3-1-wave-files/Virtual-Playing-Orchestra3/libs/SSO/Samples/Bassoon/bassoon-g2-PB-loop.wav,T,sustain,Bassoon,2.93,C:/Users/elagio/vs/lukia/orchestral-intro/VPO3_SATB/T/sustain/Bassoon/bassoon-g2-PB-loop.wav
C:/Users/elagio/vs/lukia/orchestral-intro/Virtual-Playing-Orchestra3-1-wave-files/Virtual-Playing-Orchestra3/libs/SSO/Samples/Bassoon/bassoon-g3-PB-loop.wav,T,sustain,Bassoon,2.5,C:/Users/elagio/vs/lukia/orchestral-intro/VPO3_SATB/T/sustain/Bassoon/bassoon-g3-PB-loop.wav
C:/Users/elagio/vs/lukia/orchestral-intro/Virtual-Playing-Orchestra3-1-wave-files/Virtual-Playing-Orchestra3/libs/SSO/Samples/Bassoon/bassoon-g4-PB-loop.wav,T,sustain,Bassoon,2.96,C:/Users/elagio/vs/lukia/orchestral-intro/VPO3_SATB/T/sustain/Bassoon/bassoon-g4-PB-loop.wav
C:/Users/elagio/vs/lukia/orchestral-intro/Virtual-Playing-Orchestra3-1-wave-files/Virtual-Playing-Orchestra3/libs/SSO/Samples/Chorus/chorus-female-a#4-PB-loop.wav,S,sustain_long,Chorus Female,8.84,C:/Users/elagio/vs/lukia/orchestral-intro/VPO3_SATB/S/sustain_long/Chorus Female/chorus-female-a#4-PB-loop.wav
C:/Users/elagio/vs/lukia/orchestral-intro/Virtual-Playing-Orchestra3-1-wave-files/Virtual-Playing-Orchestra3/libs/SSO/Samples/Chorus/chorus-female-a#5-PB-loop.wav,S,sustain_long,Chorus Female,8.82,C:/Users/elagio/vs/lukia/orchestral-intro/VPO3_SATB/S/sustain_long/Chorus Female/chorus-female-a#5-PB-loop.wav
C:/Users/elagio/vs/lukia/orchestral-intro/Virtual-Playing-Orchestra3-1-wave-files/Virtual-Playing-Orchestra3/libs/SSO/Samples/Chorus/chorus-female-a4-PB-loop.wav,S,sustain_long,Chorus Female,8.82,C:/Users/elagio/vs/lukia/orchestral-intro/VPO3_SATB/S/sustain_long/Chorus Female/chorus-female-a4-PB-loop.wav
C:/Users/elagio/vs/lukia/orchestral-intro/Virtual-Playing-Orchestra3-1-wave-files/Virtual-Playing-Orchestra3/libs/SSO/Samples/Chorus/chorus-female-a5-PB-loop.wav,S,sustain_long,Chorus Female,8.82,C:/Users/elagio/vs/lukia/orchestral-intro/VPO3_SATB/S/sustain_long/Chorus Female/chorus-female-a5-PB-loop.wav
C:/Users/elagio/vs/lukia/orchestral-intro/Virtual-Playing-Orchestra3-1-wave-files/Virtual-Playing-Orchestra3/libs/SSO/Samples/Chorus/chorus-female-b4-PB-loop.wav,S,sustain_long,Chorus Female,8.82,C:/Users/elagio/vs/lukia/orchestral-intro/VPO3_SATB/S/sustain_long/Chorus Female/chorus-female-b4-PB-loop.wav
C:/Users/elagio/vs/lukia/orchestral-intro/Virtual-Playing-Orchestra3-1-wave-files/Virtual-Playing-Orchestra3/libs/SSO/Samples/Chorus/chorus-female-b5-PB-loop.wav,S,sustain_long,Chorus Female,8.76,C:/Users/elagio/vs/lukia/orchestral-intro/VPO3_SATB/S/sustain_long/Chorus Female/chorus-female-b5-PB-loop.wav
C:/Users/elagio/vs/lukia/orchestral-intro/Virtual-Playing-Orchestra3-1-wave-files/Virtual-Playing-Orchestra3/libs/SSO/Samples/Chorus/chorus-female-c#5-PB-loop.wav,S,sustain_long,Chorus Female,8.78,C:/Users/elagio/vs/lukia/orchestral-intro/VPO3_SATB/S/sustain_long/Chorus Female/chorus-female-c#5-PB-loop.wav
C:/Users/elagio/vs/lukia/orchestral-intro/Virtual-Playing-Orchestra3-1-wave-files/Virtual-Playing-Orchestra3/libs/SSO/Samples/Chorus/chorus-female-c5-PB-loop.wav,S,sustain_long,Chorus Female,8.8,C:/Users/elagio/vs/lukia/orchestral-intro/VPO3_SATB/S/sustain_long/Chorus Female/chorus-female-c5-PB-loop.wav
C:/Users/elagio/vs/lukia/orchestral-intro/Virtual-Playing-Orchestra3-1-wave-files/Virtual-Playing-Orchestra3/libs/SSO/Samples/Chorus/chorus-female-c6-PB-loop.wav,S,sustain_long,Chorus Female,8.8,C:/Users/elagio/vs/lukia/orchestral-intro/VPO3_SATB/S/sustain_long/Chorus Female/chorus-female-c6-PB-loop.wav
C:/Users/elagio/vs/lukia/orchestral-intro/Virtual-Playing-Orchestra3-1-wave-files/Virtual-Playing-Orchestra3/libs/SSO/Samples/Chorus/chorus-female-d#5-PB-loop.wav,S,sustain_long,Chorus Female,8.79,C:/Users/elagio/vs/lukia/orchestral-intro/VPO3_SATB/S/sustain_long/Chorus Female/chorus-female-d#5-PB-loop.wav
C:/Users/elagio/vs/lukia/orchestral-intro/Virtual-Playing-Orchestra3-1-wave-files/Virtual-Playing-Orchestra3/libs/SSO/Samples/Chorus/chorus-female-d5-PB-loop.wav,S,sustain_long,Chorus Female,8.82,C:/Users/elagio/vs/lukia/orchestral-intro/VPO3_SATB/S/sustain_long/Chorus Female/chorus-female-d5-PB-loop.wav
C:/Users/elagio/vs/lukia/orchestral-intro/Virtual-Playing-Orchestra3-1-wave-files/Virtual-Playing-Orchestra3/libs/SSO/Samples/Chorus/chorus-female-e5-PB-loop.wav,S,sustain_long,Chorus Female,8.79,C:/Users/elagio/vs/lukia/orchestral-intro/VPO3_SATB/S/sustain_long/Chorus Female/chorus-female-e5-PB-loop.wav
C:/Users/elagio/vs/lukia/orchestral-intro/Virtual-Playing-Orchestra3-1-wave-files/Virtual-Playing-Orchestra3/libs/SSO/Samples/Chorus/chorus-female-f#5-PB-loop.wav,S,sustain_long,Chorus Female,8.82,C:/Users/elagio/vs/lukia/orchestral-intro/VPO3_SATB/S/sustain_long/Chorus Female/chorus-female-f#5-PB-loop.wav
C:/Users/elagio/vs/lukia/orchestral-intro/Virtual-Playing-Orchestra3-1-wave-files/Virtual-Playing-Orchestra3/libs/SSO/Samples/Chorus/chorus-female-f5-PB-loop.wav,S,sustain_long,Chorus Female,8.85,C:/Users/elagio/vs/lukia/orchestral-intro/VPO3_SATB/S/sustain_long/Chorus Female/chorus-female-f5-PB-loop.wav
C:/Users/elagio/vs/lukia/orchestral-intro/Virtual-Playing-Orchestra3-1-wave-files/Virtual-Playing-Orchestra3/libs/SSO/Samples/Chorus/chorus-female-g#4-PB-loop.wav,S,sustain_long,Chorus Female,8.78,C:/Users/elagio/vs/lukia/orchestral-intro/VPO3_SATB/S/sustain_long/Chorus Female/chorus-female-g#4-PB-loop.wav
C:/Users/elagio/vs/lukia/orchestral-intro/Virtual-Playing-Orchestra3-1-wave-files/Virtual-Playing-Orchestra3/libs/SSO/Samples/Chorus/chorus-female-g#5-PB-loop.wav,S,sustain_long,Chorus Female,8.8,C:/Users/elagio/vs/lukia/orchestral-intro/VPO3_SATB/S/sustain_long/Chorus Female/chorus-female-g#5-PB-loop.wav
C:/Users/elagio/vs/lukia/orchestral-intro/Virtual-Playing-Orchestra3-1-wave-files/Virtual-Playing-Orchestra3/libs/SSO/Samples/Chorus/chorus-female-g4-PB-loop.wav,S,sustain_long,Chorus Female,8.82,C:/Users/elagio/vs/lukia/orchestral-intro/VPO3_SATB/S/sustain_long/Chorus Female/chorus-female-g4-PB-loop.wav
C:/Users/elagio/vs/lukia/orchestral-intro/Virtual-Playing-Orchestra3-1-wave-files/Virtual-Playing-Orchestra3/libs/SSO/Samples/Chorus/chorus-female-g5-PB-loop.wav,S,sustain_long,Chorus Female,8.84,C:/Users/elagio/vs/lukia/orchestral-intro/VPO3_SATB/S/sustain_long/Chorus Female/chorus-female-g5-PB-loop.wav
C:/Users/elagio/vs/lukia/orchestral-intro/Virtual-Playing-Orchestra3-1-wave-files/Virtual-Playing-Orchestra3/libs/SSO/Samples/Chorus/chorus-male-a#2-PB-loop.wav,B,sustain,Chorus Male,8.88,C:/Users/elagio/vs/lukia/orchestral-intro/VPO3_SATB/B/sustain/Chorus Male/chorus-male-a#2-PB-loop.wav
C:/Users/elagio/vs/lukia/orchestral-intro/Virtual-Playing-Orchestra3-1-wave-files/Virtual-Playing-Orchestra3/libs/SSO/Samples/Chorus/chorus-male-a#3-PB-loop.wav,B,sustain,Chorus Male,8.91,C:/Users/elagio/vs/lukia/orchestral-intro/VPO3_SATB/B/sustain/Chorus Male/chorus-male-a#3-PB-loop.wav
C:/Users/elagio/vs/lukia/orchestral-intro/Virtual-Playing-Orchestra3-1-wave-files/Virtual-Playing-Orchestra3/libs/SSO/Samples/Chorus/chorus-male-a2-PB-loop.wav,B,sustain,Chorus Male,8.8,C:/Users/elagio/vs/lukia/orchestral-intro/VPO3_SATB/B/sustain/Chorus Male/chorus-male-a2-PB-loop.wav
C:/Users/elagio/vs/lukia/orchestral-intro/Virtual-Playing-Orchestra3-1-wave-files/Virtual-Playing-Orchestra3/libs/SSO/Samples/Chorus/chorus-male-a3-PB-loop.wav,B,sustain,Chorus Male,8.87,C:/Users/elagio/vs/lukia/orchestral-intro/VPO3_SATB/B/sustain/Chorus Male/chorus-male-a3-PB-loop.wav
C:/Users/elagio/vs/lukia/orchestral-intro/Virtual-Playing-Orchestra3-1-wave-files/Virtual-Playing-Orchestra3/libs/SSO/Samples/Chorus/chorus-male-b2-PB-loop.wav,B,sustain,Chorus Male,8.9,C:/Users/elagio/vs/lukia/orchestral-intro/VPO3_SATB/B/sustain/Chorus Male/chorus-male-b2-PB-loop.wav
C:/Users/elagio/vs/lukia/orchestral-intro/Virtual-Playing-Orchestra3-1-wave-files/Virtual-Playing-Orchestra3/libs/SSO/Samples/Chorus/chorus-male-b3-PB-loop.wav,B,sustain,Chorus Male,8.89,C:/Users/elagio/vs/lukia/orchestral-intro/VPO3_SATB/B/sustain/Chorus Male/chorus-male-b3-PB-loop.wav
C:/Users/elagio/vs/lukia/orchestral-intro/Virtual-Playing-Orchestra3-1-wave-files/Virtual-Playing-Orchestra3/libs/SSO/Samples/Chorus/chorus-male-c#3-PB-loop.wav,B,sustain,Chorus Male,8.79,C:/Users/elagio/vs/lukia/orchestral-intro/VPO3_SATB/B/sustain/Chorus Male/chorus-male-c#3-PB-loop.wav
C:/Users/elagio/vs/lukia/orchestral-intro/Virtual-Playing-Orchestra3-1-wave-files/Virtual-Playing-Orchestra3/libs/SSO/Samples/Chorus/chorus-male-c#4-PB-loop.wav,B,sustain,Chorus Male,8.86,C:/Users/elagio/vs/lukia/orchestral-intro/VPO3_SATB/B/sustain/Chorus Male/chorus-male-c#4-PB-loop.wav
C:/Users/elagio/vs/lukia/orchestral-intro/Virtual-Playing-Orchestra3-1-wave-files/Virtual-Playing-Orchestra3/libs/SSO/Samples/Chorus/chorus-male-c3-PB-loop.wav,B,sustain,Chorus Male,8.77,C:/Users/elagio/vs/lukia/orchestral-intro/VPO3_SATB/B/sustain/Chorus Male/chorus-male-c3-PB-loop.wav
C:/Users/elagio/vs/lukia/orchestral-intro/Virtual-Playing-Orchestra3-1-wave-files/Virtual-Playing-Orchestra3/libs/SSO/Samples/Chorus/chorus-male-c4-PB-loop.wav,B,sustain,Chorus Male,8.84,C:/Users/elagio/vs/lukia/orchestral-intro/VPO3_SATB/B/sustain/Chorus Male/chorus-male-c4-PB-loop.wav
C:/Users/elagio/vs/lukia/orchestral-intro/Virtual-Playing-Orchestra3-1-wave-files/Virtual-Playing-Orchestra3/libs/SSO/Samples/Chorus/chorus-male-d#3-PB-loop.wav,B,sustain,Chorus Male,8.83,C:/Users/elagio/vs/lukia/orchestral-intro/VPO3_SATB/B/sustain/Chorus Male/chorus-male-d#3-PB-loop.wav
C:/Users/elagio/vs/lukia/orchestral-intro/Virtual-Playing-Orchestra3-1-wave-files/Virtual-Playing-Orchestra3/libs/SSO/Samples/Chorus/chorus-male-d#4-PB-loop.wav,B,sustain,Chorus Male,8.87,C:/Users/elagio/vs/lukia/orchestral-intro/VPO3_SATB/B/sustain/Chorus Male/chorus-male-d#4-PB-loop.wav
C:/Users/elagio/vs/lukia/orchestral-intro/Virtual-Playing-Orchestra3-1-wave-files/Virtual-Playing-Orchestra3/libs/SSO/Samples/Chorus/chorus-male-d3-PB-loop.wav,B,sustain,Chorus Male,8.9,C:/Users/elagio/vs/lukia/orchestral-intro/VPO3_SATB/B/sustain/Chorus Male/chorus-male-d3-PB-loop.wav
C:/Users/elagio/vs/lukia/orchestral-intro/Virtual-Playing-Orchestra3-1-wave-files/Virtual-Playing-Orchestra3/libs/SSO/Samples/Chorus/chorus-male-d4-PB-loop.wav,B,sustain,Chorus Male,8.9,C:/Users/elagio/vs/lukia/orchestral-intro/VPO3_SATB/B/sustain/Chorus Male/chorus-male-d4-PB-loop.wav
C:/Users/elagio/vs/lukia/orchestral-intro/Virtual-Playing-Orchestra3-1-wave-files/Virtual-Playing-Orchestra3/libs/SSO/Samples/Chorus/chorus-male-e3-PB-loop.wav,B,sustain,Chorus Male,8.87,C:/Users/elagio/vs/lukia/orchestral-intro/VPO3_SATB/B/sustain/Chorus Male/chorus-male-e3-PB-loop.wav
C:/Users/elagio/vs/lukia/orchestral-intro/Virtual-Playing-Orchestra3-1-wave-files/Virtual-Playing-Orchestra3/libs/SSO/Samples/Chorus/chorus-male-e4-PB-loop.wav,B,sustain,Chorus Male,8.88,C:/Users/elagio/vs/lukia/orchestral-intro/VPO3_SATB/B/sustain/Chorus Male/chorus-male-e4-PB-loop.wav
C:/Users/elagio/vs/lukia/orchestral-intro/Virtual-Playing-Orchestra3-1-wave-files/Virtual-Playing-Orchestra3/libs/SSO/Samples/Chorus/chorus-male-f#3-PB-loop.wav,B,sustain,Chorus Male,8.91,C:/Users/elagio/vs/lukia/orchestral-intro/VPO3_SATB/B/sustain/Chorus Male/chorus-male-f#3-PB-loop.wav
C:/Users/elagio/vs/lukia/orchestral-intro/Virtual-Playing-Orchestra3-1-wave-files/Virtual-Playing-Orchestra3/libs/SSO/Samples/Chorus/chorus-male-f#4-PB-loop.wav,B,sustain,Chorus Male,8.91,C:/Users/elagio/vs/lukia/orchestral-intro/VPO3_SATB/B/sustain/Chorus Male/chorus-male-f#4-PB-loop.wav
C:/Users/elagio/vs/lukia/orchestral-intro/Virtual-Playing-Orchestra3-1-wave-files/Virtual-Playing-Orchestra3/libs/SSO/Samples/Chorus/chorus-male-f3-PB-loop.wav,B,sustain,Chorus Male,8.87,C:/Users/elagio/vs/lukia/orchestral-intro/VPO3_SATB/B/sustain/Chorus Male/chorus-male-f3-PB-loop.wav
C:/Users/elagio/vs/lukia/orchestral-intro/Virtual-Playing-Orchestra3-1-wave-files/Virtual-Playing-Orchestra3/libs/SSO/Samples/Chorus/chorus-male-f4-PB-loop.wav,B,sustain,Chorus Male,8.85,C:/Users/elagio/vs/lukia/orchestral-intro/VPO3_SATB/B/sustain/Chorus Male/chorus-male-f4-PB-loop.wav
C:/Users/elagio/vs/lukia/orchestral-intro/Virtual-Playing-Orchestra3-1-wave-files/Virtual-Playing-Orchestra3/libs/SSO/Samples/Chorus/chorus-male-g#2-PB-loop.wav,B,sustain,Chorus Male,8.78,C:/Users/elagio/vs/lukia/orchestral-intro/VPO3_SATB/B/sustain/Chorus Male/chorus-male-g#2-PB-loop.wav
C:/Users/elagio/vs/lukia/orchestral-intro/Virtual-Playing-Orchestra3-1-wave-files/Virtual-Playing-Orchestra3/libs/SSO/Samples/Chorus/chorus-male-g#3-PB-loop.wav,B,sustain,Chorus Male,8.82,C:/Users/elagio/vs/lukia/orchestral-intro/VPO3_SATB/B/sustain/Chorus Male/chorus-male-g#3-PB-loop.wav
C:/Users/elagio/vs/lukia/orchestral-intro/Virtual-Playing-Orchestra3-1-wave-files/Virtual-Playing-Orchestra3/libs/SSO/Samples/Chorus/chorus-male-g2-PB-loop.wav,B,sustain,Chorus Male,8.65,C:/Users/elagio/vs/lukia/orchestral-intro/VPO3_SATB/B/sustain/Chorus Male/chorus-male-g2-PB-loop.wav
C:/Users/elagio/vs/lukia/orchestral-intro/Virtual-Playing-Orchestra3-1-wave-files/Virtual-Playing-Orchestra3/libs/SSO/Samples/Chorus/chorus-male-g3-PB-loop.wav,B,sustain,Chorus Male,8.89,C:/Users/elagio/vs/lukia/orchestral-intro/VPO3_SATB/B/sustain/Chorus Male/chorus-male-g3-PB-loop.wav
C:/Users/elagio/vs/lukia/orchestral-intro/Virtual-Playing-Orchestra3-1-wave-files/Virtual-Playing-Orchestra3/libs/SSO/Samples/Contrabassoon/contrabassoon-a#0-PB-loop.wav,B,sustain,Contrabassoon,2.02,C:/Users/elagio/vs/lukia/orchestral-intro/VPO3_SATB/B/sustain/Contrabassoon/contrabassoon-a#0-PB-loop.wav
C:/Users/elagio/vs/lukia/orchestral-intro/Virtual-Playing-Orchestra3-1-wave-files/Virtual-Playing-Orchestra3/libs/SSO/Samples/Contrabassoon/contrabassoon-a#1-PB-loop.wav,B,sustain,Contrabassoon,1.99,C:/Users/elagio/vs/lukia/orchestral-intro/VPO3_SATB/B/sustain/Contrabassoon/contrabassoon-a#1-PB-loop.wav
C:/Users/elagio/vs/lukia/orchestral-intro/Virtual-Playing-Orchestra3-1-wave-files/Virtual-Playing-Orchestra3/libs/SSO/Samples/Contrabassoon/contrabassoon-a#2-PB-loop.wav,B,sustain,Contrabassoon,2.26,C:/Users/elagio/vs/lukia/orchestral-intro/VPO3_SATB/B/sustain/Contrabassoon/contrabassoon-a#2-PB-loop.wav
C:/Users/elagio/vs/lukia/orchestral-intro/Virtual-Playing-Orchestra3-1-wave-files/Virtual-Playing-Orchestra3/libs/SSO/Samples/Contrabassoon/contrabassoon-a#3-PB-loop.wav,B,sustain,Contrabassoon,2.51,C:/Users/elagio/vs/lukia/orchestral-intro/VPO3_SATB/B/sustain/Contrabassoon/contrabassoon-a#3-PB-loop.wav
C:/Users/elagio/vs/lukia/orchestral-intro/Virtual-Playing-Orchestra3-1-wave-files/Virtual-Playing-Orchestra3/libs/SSO/Samples/Contrabassoon/contrabassoon-c#1-PB-loop.wav,B,sustain,Contrabassoon,2.16,C:/Users/elagio/vs/lukia/orchestral-intro/VPO3_SATB/B/sustain/Contrabassoon/contrabassoon-c#1-PB-loop.wav
C:/Users/elagio/vs/lukia/orchestral-intro/Virtual-Playing-Orchestra3-1-wave-files/Virtual-Playing-Orchestra3/libs/SSO/Samples/Contrabassoon/contrabassoon-c#2-PB-loop.wav,B,sustain,Contrabassoon,1.99,C:/Users/elagio/vs/lukia/orchestral-intro/VPO3_SATB/B/sustain/Contrabassoon/contrabassoon-c#2-PB-loop.wav
C:/Users/elagio/vs/lukia/orchestral-intro/Virtual-Playing-Orchestra3-1-wave-files/Virtual-Playing-Orchestra3/libs/SSO/Samples/Contrabassoon/contrabassoon-c#3-PB-loop.wav,B,sustain,Contrabassoon,2.04,C:/Users/elagio/vs/lukia/orchestral-intro/VPO3_SATB/B/sustain/Contrabassoon/contrabassoon-c#3-PB-loop.wav
C:/Users/elagio/vs/lukia/orchestral-intro/Virtual-Playing-Orchestra3-1-wave-files/Virtual-Playing-Orchestra3/libs/SSO/Samples/Contrabassoon/contrabassoon-e1-PB-loop.wav,B,sustain,Contrabassoon,2.14,C:/Users/elagio/vs/lukia/orchestral-intro/VPO3_SATB/B/sustain/Contrabassoon/contrabassoon-e1-PB-loop.wav
C:/Users/elagio/vs/lukia/orchestral-intro/Virtual-Playing-Orchestra3-1-wave-files/Virtual-Playing-Orchestra3/libs/SSO/Samples/Contrabassoon/contrabassoon-e2-PB-loop.wav,B,sustain,Contrabassoon,2.46,C:/Users/elagio/vs/lukia/orchestral-intro/VPO3_SATB/B/sustain/Contrabassoon/contrabassoon-e2-PB-loop.wav
C:/Users/elagio/vs/lukia/orchestral-intro/Virtual-Playing-Orchestra3-1-wave-files/Virtual-Playing-Orchestra3/libs/SSO/Samples/Contrabassoon/contrabassoon-e3-PB-loop.wav,B,sustain,Contrabassoon,2.3,C:/Users/elagio/vs/lukia/orchestral-intro/VPO3_SATB/B/sustain/Contrabassoon/contrabassoon-e3-PB-loop.wav
C:/Users/elagio/vs/lukia/orchestral-intro/Virtual-Playing-Orchestra3-1-wave-files/Virtual-Playing-Orchestra3/libs/SSO/Samples/Contrabassoon/contrabassoon-g1-PB-loop.wav,B,sustain,Contrabassoon,2.0,C:/Users/elagio/vs/lukia/orchestral-intro/VPO3_SATB/B/sustain/Contrabassoon/contrabassoon-g1-PB-loop.wav
C:/Users/elagio/vs/lukia/orchestral-intro/Virtual-Playing-Orchestra3-1-wave-files/Virtual-Playing-Orchestra3/libs/SSO/Samples/Contrabassoon/contrabassoon-g2-PB-loop.wav,B,sustain,Contrabassoon,2.23,C:/Users/elagio/vs/lukia/orchestral-intro/VPO3_SATB/B/sustain/Contrabassoon/contrabassoon-g2-PB-loop.wav
C:/Users/elagio/vs/lukia/orchestral-intro/Virtual-Playing-Orchestra3-1-wave-files/Virtual-Playing-Orchestra3/libs/SSO/Samples/Cor Anglais/cor_anglais-b3-PB-loop.wav,A,sustain,English Horn,3.6,C:/Users/elagio/vs/lukia/orchestral-intro/VPO3_SATB/A/sustain/English Horn/cor_anglais-b3-PB-loop.wav
C:/Users/elagio/vs/lukia/orchestral-intro/Virtual-Playing-Orchestra3-1-wave-files/Virtual-Playing-Orchestra3/libs/SSO/Samples/Cor Anglais/cor_anglais-b4-PB-loop.wav,A,sustain,English Horn,4.8,C:/Users/elagio/vs/lukia/orchestral-intro/VPO3_SATB/A/sustain/English Horn/cor_anglais-b4-PB-loop.wav
C:/Users/elagio/vs/lukia/orchestral-intro/Virtual-Playing-Orchestra3-1-wave-files/Virtual-Playing-Orchestra3/libs/SSO/Samples/Cor Anglais/cor_anglais-d4-PB-loop.wav,A,sustain,English Horn,5.24,C:/Users/elagio/vs/lukia/orchestral-intro/VPO3_SATB/A/sustain/English Horn/cor_anglais-d4-PB-loop.wav
C:/Users/elagio/vs/lukia/orchestral-intro/Virtual-Playing-Orchestra3-1-wave-files/Virtual-Playing-Orchestra3/libs/SSO/Samples/Cor Anglais/cor_anglais-d5-PB-loop.wav,A,sustain,English Horn,4.55,C:/Users/elagio/vs/lukia/orchestral-intro/VPO3_SATB/A/sustain/English Horn/cor_anglais-d5-PB-loop.wav
C:/Users/elagio/vs/lukia/orchestral-intro/Virtual-Playing-Orchestra3-1-wave-files/Virtual-Playing-Orchestra3/libs/SSO/Samples/Cor Anglais/cor_anglais-f3-PB-loop.wav,A,sustain,English Horn,4.5,C:/Users/elagio/vs/lukia/orchestral-intro/VPO3_SATB/A/sustain/English Horn/cor_anglais-f3-PB-loop.wav
C:/Users/elagio/vs/lukia/orchestral-intro/Virtual-Playing-Orchestra3-1-wave-files/Virtual-Playing-Orchestra3/libs/SSO/Samples/Cor Anglais/cor_anglais-f4-PB-loop.wav,A,sustain,English Horn,5.16,C:/Users/elagio/vs/lukia/orchestral-intro/VPO3_SATB/A/sustain/English Horn/cor_anglais-f4-PB-loop.wav
C:/Users/elagio/vs/lukia/orchestral-intro/Virtual-Playing-Orchestra3-1-wave-files/Virtual-Playing-Orchestra3/libs/SSO/Samples/Cor Anglais/cor_anglais-f5-PB-loop.wav,A,sustain,English Horn,3.91,C:/Users/elagio/vs/lukia/orchestral-intro/VPO3_SATB/A/sustain/English Horn/cor_anglais-f5-PB-loop.wav
C:/Users/elagio/vs/lukia/orchestral-intro/Virtual-Playing-Orchestra3-1-wave-files/Virtual-Playing-Orchestra3/libs/SSO/Samples/Cor Anglais/cor_anglais-g#3-PB-loop.wav,A,sustain,English Horn,5.07,C:/Users/elagio/vs/lukia/orchestral-intro/VPO3_SATB/A/sustain/English Horn/cor_anglais-g#3-PB-loop.wav
C:/Users/elagio/vs/lukia/orchestral-intro/Virtual-Playing-Orchestra3-1-wave-files/Virtual-Playing-Orchestra3/libs/SSO/Samples/Cor Anglais/cor_anglais-g#4-PB-loop.wav,A,sustain,English Horn,5.54,C:/Users/elagio/vs/lukia/orchestral-intro/VPO3_SATB/A/sustain/English Horn/cor_anglais-g#4-PB-loop.wav
C:/Users/elagio/vs/lukia/orchestral-intro/Virtual-Playing-Orchestra3-1-wave-files/Virtual-Playing-Orchestra3/libs/SSO/Samples/Horn/horn-a#3-PB-loop.wav,A,sustain,Horn,3.95,C:/Users/elagio/vs/lukia/orchestral-intro/VPO3_SATB/A/sustain/Horn/horn-a#3-PB-loop.wav
C:/Users/elagio/vs/lukia/orchestral-intro/Virtual-Playing-Orchestra3-1-wave-files/Virtual-Playing-Orchestra3/libs/SSO/Samples/Horn/horn-e3-PB-loop.wav,A,sustain,Horn,3.96,C:/Users/elagio/vs/lukia/orchestral-intro/VPO3_SATB/A/sustain/Horn/horn-e3-PB-loop.wav
C:/Users/elagio/vs/lukia/orchestral-intro/Virtual-Playing-Orchestra3-1-wave-files/Virtual-Playing-Orchestra3/libs/SSO/Samples/Oboe/oboe-a#3-PB-loop.wav,S,sustain_long,Oboe,3.3,C:/Users/elagio/vs/lukia/orchestral-intro/VPO3_SATB/S/sustain_long/Oboe/oboe-a#3-PB-loop.wav
C:/Users/elagio/vs/lukia/orchestral-intro/Virtual-Playing-Orchestra3-1-wave-files/Virtual-Playing-Orchestra3/libs/SSO/Samples/Oboe/oboe-a#4-PB-loop.wav,S,sustain_long,Oboe,3.08,C:/Users/elagio/vs/lukia/orchestral-intro/VPO3_SATB/S/sustain_long/Oboe/oboe-a#4-PB-loop.wav
C:/Users/elagio/vs/lukia/orchestral-intro/Virtual-Playing-Orchestra3-1-wave-files/Virtual-Playing-Orchestra3/libs/SSO/Samples/Oboe/oboe-a#5-PB-loop.wav,S,sustain_long,Oboe,2.29,C:/Users/elagio/vs/lukia/orchestral-intro/VPO3_SATB/S/sustain_long/Oboe/oboe-a#5-PB-loop.wav
C:/Users/elagio/vs/lukia/orchestral-intro/Virtual-Playing-Orchestra3-1-wave-files/Virtual-Playing-Orchestra3/libs/SSO/Samples/Oboe/oboe-c#4-PB-loop.wav,S,sustain_long,Oboe,3.69,C:/Users/elagio/vs/lukia/orchestral-intro/VPO3_SATB/S/sustain_long/Oboe/oboe-c#4-PB-loop.wav
C:/Users/elagio/vs/lukia/orchestral-intro/Virtual-Playing-Orchestra3-1-wave-files/Virtual-Playing-Orchestra3/libs/SSO/Samples/Oboe/oboe-c#5-PB-loop.wav,S,sustain_long,Oboe,2.11,C:/Users/elagio/vs/lukia/orchestral-intro/VPO3_SATB/S/sustain_long/Oboe/oboe-c#5-PB-loop.wav
C:/Users/elagio/vs/lukia/orchestral-intro/Virtual-Playing-Orchestra3-1-wave-files/Virtual-Playing-Orchestra3/libs/SSO/Samples/Oboe/oboe-c6-PB-loop.wav,S,sustain_long,Oboe,2.93,C:/Users/elagio/vs/lukia/orchestral-intro/VPO3_SATB/S/sustain_long/Oboe/oboe-c6-PB-loop.wav
C:/Users/elagio/vs/lukia/orchestral-intro/Virtual-Playing-Orchestra3-1-wave-files/Virtual-Playing-Orchestra3/libs/SSO/Samples/Oboe/oboe-e4-PB-loop.wav,S,sustain_short,Oboe,1.83,C:/Users/elagio/vs/lukia/orchestral-intro/VPO3_SATB/S/sustain_short/Oboe/oboe-e4-PB-loop.wav
C:/Users/elagio/vs/lukia/orchestral-intro/Virtual-Playing-Orchestra3-1-wave-files/Virtual-Playing-Orchestra3/libs/SSO/Samples/Oboe/oboe-g4-PB-loop.wav,S,sustain_long,Oboe,2.05,C:/Users/elagio/vs/lukia/orchestral-intro/VPO3_SATB/S/sustain_long/Oboe/oboe-g4-PB-loop.wav
C:/Users/elagio/vs/lukia/orchestral-intro/Virtual-Playing-Orchestra3-1-wave-files/Virtual-Playing-Orchestra3/libs/SSO/Samples/Oboe/oboe-g5-PB-loop.wav,S,sustain_short,Oboe,1.88,C:/Users/elagio/vs/lukia/orchestral-intro/VPO3_SATB/S/sustain_short/Oboe/oboe-g5-PB-loop.wav
C:/Users/elagio/vs/lukia/orchestral-intro/Virtual-Playing-Orchestra3-1-wave-files/Virtual-Playing-Orchestra3/libs/SSO/Samples/Oboes/oboes-sus-a#3-PB-loop.wav,S,sustain_long,Oboe,4.72,C:/Users/elagio/vs/lukia/orchestral-intro/VPO3_SATB/S/sustain_long/Oboe/oboes-sus-a#3-PB-loop.wav
C:/Users/elagio/vs/lukia/orchestral-intro/Virtual-Playing-Orchestra3-1-wave-files/Virtual-Playing-Orchestra3/libs/SSO/Samples/Oboes/oboes-sus-a#4-PB-loop.wav,S,sustain_long,Oboe,4.74,C:/Users/elagio/vs/lukia/orchestral-intro/VPO3_SATB/S/sustain_long/Oboe/oboes-sus-a#4-PB-loop.wav
C:/Users/elagio/vs/lukia/orchestral-intro/Virtual-Playing-Orchestra3-1-wave-files/Virtual-Playing-Orchestra3/libs/SSO/Samples/Oboes/oboes-sus-a#5-PB-loop.wav,S,sustain_long,Oboe,4.8,C:/Users/elagio/vs/lukia/orchestral-intro/VPO3_SATB/S/sustain_long/Oboe/oboes-sus-a#5-PB-loop.wav
C:/Users/elagio/vs/lukia/orchestral-intro/Virtual-Playing-Orchestra3-1-wave-files/Virtual-Playing-Orchestra3/libs/SSO/Samples/Oboes/oboes-sus-c#4-PB-loop.wav,S,sustain_long,Oboe,3.76,C:/Users/elagio/vs/lukia/orchestral-intro/VPO3_SATB/S/sustain_long/Oboe/oboes-sus-c#4-PB-loop.wav
C:/Users/elagio/vs/lukia/orchestral-intro/Virtual-Playing-Orchestra3-1-wave-files/Virtual-Playing-Orchestra3/libs/SSO/Samples/Oboes/oboes-sus-c#5-PB-loop.wav,S,sustain_long,Oboe,4.76,C:/Users/elagio/vs/lukia/orchestral-intro/VPO3_SATB/S/sustain_long/Oboe/oboes-sus-c#5-PB-loop.wav
C:/Users/elagio/vs/lukia/orchestral-intro/Virtual-Playing-Orchestra3-1-wave-files/Virtual-Playing-Orchestra3/libs/SSO/Samples/Oboes/oboes-sus-e4-PB-loop.wav,S,sustain_long,Oboe,4.75,C:/Users/elagio/vs/lukia/orchestral-intro/VPO3_SATB/S/sustain_long/Oboe/oboes-sus-e4-PB-loop.wav
C:/Users/elagio/vs/lukia/orchestral-intro/Virtual-Playing-Orchestra3-1-wave-files/Virtual-Playing-Orchestra3/libs/SSO/Samples/Oboes/oboes-sus-e5-PB-loop.wav,S,sustain_long,Oboe,4.78,C:/Users/elagio/vs/lukia/orchestral-intro/VPO3_SATB/S/sustain_long/Oboe/oboes-sus-e5-PB-loop.wav
C:/Users/elagio/vs/lukia/orchestral-intro/Virtual-Playing-Orchestra3-1-wave-files/Virtual-Playing-Orchestra3/libs/SSO/Samples/Oboes/oboes-sus-e6-PB-loop.wav,S,sustain_long,Oboe,4.62,C:/Users/elagio/vs/lukia/orchestral-intro/VPO3_SATB/S/sustain_long/Oboe/oboes-sus-e6-PB-loop.wav
C:/Users/elagio/vs/lukia/orchestral-intro/Virtual-Playing-Orchestra3-1-wave-files/Virtual-Playing-Orchestra3/libs/SSO/Samples/Oboes/oboes-sus-g4-PB-loop.wav,S,sustain_long,Oboe,5.67,C:/Users/elagio/vs/lukia/orchestral-intro/VPO3_SATB/S/sustain_long/Oboe/oboes-sus-g4-PB-loop.wav
C:/Users/elagio/vs/lukia/orchestral-intro/Virtual-Playing-Orchestra3-1-wave-files/Virtual-Playing-Orchestra3/libs/SSO/Samples/Oboes/oboes-sus-g5-PB-loop.wav,S,sustain_long,Oboe,4.79,C:/Users/elagio/vs/lukia/orchestral-intro/VPO3_SATB/S/sustain_long/Oboe/oboes-sus-g5-PB-loop.wav
C:/Users/elagio/vs/lukia/orchestral-intro/Virtual-Playing-Orchestra3-1-wave-files/Virtual-Playing-Orchestra3/libs/SSO/Samples/Piccolo/piccolo-a4-PB-loop.wav,S,sustain_long,Piccolo,4.54,C:/Users/elagio/vs/lukia/orchestral-intro/VPO3_SATB/S/sustain_long/Piccolo/piccolo-a4-PB-loop.wav
C:/Users/elagio/vs/lukia/orchestral-intro/Virtual-Playing-Orchestra3-1-wave-files/Virtual-Playing-Orchestra3/libs/SSO/Samples/Piccolo/piccolo-a5-PB-loop.wav,S,sustain_long,Piccolo,4.56,C:/Users/elagio/vs/lukia/orchestral-intro/VPO3_SATB/S/sustain_long/Piccolo/piccolo-a5-PB-loop.wav
C:/Users/elagio/vs/lukia/orchestral-intro/Virtual-Playing-Orchestra3-1-wave-files/Virtual-Playing-Orchestra3/libs/SSO/Samples/Piccolo/piccolo-c4-PB-loop.wav,S,sustain_long,Piccolo,4.5,C:/Users/elagio/vs/lukia/orchestral-intro/VPO3_SATB/S/sustain_long/Piccolo/piccolo-c4-PB-loop.wav
C:/Users/elagio/vs/lukia/orchestral-intro/Virtual-Playing-Orchestra3-1-wave-files/Virtual-Playing-Orchestra3/libs/SSO/Samples/Piccolo/piccolo-c5-PB-loop.wav,S,sustain_long,Piccolo,4.52,C:/Users/elagio/vs/lukia/orchestral-intro/VPO3_SATB/S/sustain_long/Piccolo/piccolo-c5-PB-loop.wav
C:/Users/elagio/vs/lukia/orchestral-intro/Virtual-Playing-Orchestra3-1-wave-files/Virtual-Playing-Orchestra3/libs/SSO/Samples/Piccolo/piccolo-c6-PB-loop.wav,S,sustain_long,Piccolo,4.57,C:/Users/elagio/vs/lukia/orchestral-intro/VPO3_SATB/S/sustain_long/Piccolo/piccolo-c6-PB-loop.wav
C:/Users/elagio/vs/lukia/orchestral-intro/Virtual-Playing-Orchestra3-1-wave-files/Virtual-Playing-Orchestra3/libs/SSO/Samples/Piccolo/piccolo-d#5-PB-loop.wav,S,sustain_long,Piccolo,4.53,C:/Users/elagio/vs/lukia/orchestral-intro/VPO3_SATB/S/sustain_long/Piccolo/piccolo-d#5-PB-loop.wav
C:/Users/elagio/vs/lukia/orchestral-intro/Virtual-Playing-Orchestra3-1-wave-files/Virtual-Playing-Orchestra3/libs/SSO/Samples/Piccolo/piccolo-d#6-PB-loop.wav,S,sustain_long,Piccolo,4.57,C:/Users/elagio/vs/lukia/orchestral-intro/VPO3_SATB/S/sustain_long/Piccolo/piccolo-d#6-PB-loop.wav
C:/Users/elagio/vs/lukia/orchestral-intro/Virtual-Playing-Orchestra3-1-wave-files/Virtual-Playing-Orchestra3/libs/SSO/Samples/Piccolo/piccolo-f#4-PB-loop.wav,S,sustain_long,Piccolo,4.03,C:/Users/elagio/vs/lukia/orchestral-intro/VPO3_SATB/S/sustain_long/Piccolo/piccolo-f#4-PB-loop.wav
C:/Users/elagio/vs/lukia/orchestral-intro/Virtual-Playing-Orchestra3-1-wave-files/Virtual-Playing-Orchestra3/libs/SSO/Samples/Piccolo/piccolo-f#5-PB-loop.wav,S,sustain_long,Piccolo,4.58,C:/Users/elagio/vs/lukia/orchestral-intro/VPO3_SATB/S/sustain_long/Piccolo/piccolo-f#5-PB-loop.wav
C:/Users/elagio/vs/lukia/orchestral-intro/Virtual-Playing-Orchestra3-1-wave-files/Virtual-Playing-Orchestra3/libs/SSO/Samples/Piccolo/piccolo-f#6-PB-loop.wav,S,sustain_long,Piccolo,4.47,C:/Users/elagio/vs/lukia/orchestral-intro/VPO3_SATB/S/sustain_long/Piccolo/piccolo-f#6-PB-loop.wav
C:/Users/elagio/vs/lukia/orchestral-intro/Virtual-Playing-Orchestra3-1-wave-files/Virtual-Playing-Orchestra3/libs/SSO/Samples/Tuba/tuba-stc-rr1-a#1-PB.wav,B,pizzicato,Tuba,0.56,C:/Users/elagio/vs/lukia/orchestral-intro/VPO3_SATB/B/pizzicato/Tuba/tuba-stc-rr1-a#1-PB.wav
C:/Users/elagio/vs/lukia/orchestral-intro/Virtual-Playing-Orchestra3-1-wave-files/Virtual-Playing-Orchestra3/libs/SSO/Samples/Tuba/tuba-stc-rr1-c#2-PB.wav,B,pizzicato,Tuba,0.52,C:/Users/elagio/vs/lukia/orchestral-intro/VPO3_SATB/B/pizzicato/Tuba/tuba-stc-rr1-c#2-PB.wav
C:/Users/elagio/vs/lukia/orchestral-intro/Virtual-Playing-Orchestra3-1-wave-files/Virtual-Playing-Orchestra3/libs/SSO/Samples/Tuba/tuba-stc-rr1-c#3-PB.wav,B,pizzicato,Tuba,0.56,C:/Users/elagio/vs/lukia/orchestral-intro/VPO3_SATB/B/pizzicato/Tuba/tuba-stc-rr1-c#3-PB.wav
C:/Users/elagio/vs/lukia/orchestral-intro/Virtual-Playing-Orchestra3-1-wave-files/Virtual-Playing-Orchestra3/libs/SSO/Samples/Tuba/tuba-stc-rr1-e1-PB.wav,B,pizzicato,Tuba,0.56,C:/Users/elagio/vs/lukia/orchestral-intro/VPO3_SATB/B/pizzicato/Tuba/tuba-stc-rr1-e1-PB.wav
C:/Users/elagio/vs/lukia/orchestral-intro/Virtual-Playing-Orchestra3-1-wave-files/Virtual-Playing-Orchestra3/libs/SSO/Samples/Tuba/tuba-stc-rr1-e3-PB.wav,B,pizzicato,Tuba,0.56,C:/Users/elagio/vs/lukia/orchestral-intro/VPO3_SATB/B/pizzicato/Tuba/tuba-stc-rr1-e3-PB.wav
C:/Users/elagio/vs/lukia/orchestral-intro/Virtual-Playing-Orchestra3-1-wave-files/Virtual-Playing-Orchestra3/libs/SSO/Samples/Tuba/tuba-stc-rr1-g1-PB.wav,B,pizzicato,Tuba,0.56,C:/Users/elagio/vs/lukia/orchestral-intro/VPO3_SATB/B/pizzicato/Tuba/tuba-stc-rr1-g1-PB.wav
C:/Users/elagio/vs/lukia/orchestral-intro/Virtual-Playing-Orchestra3-1-wave-files/Virtual-Playing-Orchestra3/libs/SSO/Samples/Tuba/tuba-stc-rr1-g2-PB.wav,B,pizzicato,Tuba,0.56,C:/Users/elagio/vs/lukia/orchestral-intro/VPO3_SATB/B/pizzicato/Tuba/tuba-stc-rr1-g2-PB.wav
C:/Users/elagio/vs/lukia/orchestral-intro/Virtual-Playing-Orchestra3-1-wave-files/Virtual-Playing-Orchestra3/libs/SSO/Samples/Tuba/tuba-stc-rr2-a#2-PB.wav,B,pizzicato,Tuba,0.56,C:/Users/elagio/vs/lukia/orchestral-intro/VPO3_SATB/B/pizzicato/Tuba/tuba-stc-rr2-a#2-PB.wav
C:/Users/elagio/vs/lukia/orchestral-intro/Virtual-Playing-Orchestra3-1-wave-files/Virtual-Playing-Orchestra3/libs/SSO/Samples/Tuba/tuba-stc-rr2-a#3-PB.wav,B,pizzicato,Tuba,0.56,C:/Users/elagio/vs/lukia/orchestral-intro/VPO3_SATB/B/pizzicato/Tuba/tuba-stc-rr2-a#3-PB.wav
C:/Users/elagio/vs/lukia/orchestral-intro/Virtual-Playing-Orchestra3-1-wave-files/Virtual-Playing-Orchestra3/libs/SSO/Samples/Tuba/tuba-stc-rr2-c#4-PB.wav,B,pizzicato,Tuba,0.56,C:/Users/elagio/vs/lukia/orchestral-intro/VPO3_SATB/B/pizzicato/Tuba/tuba-stc-rr2-c#4-PB.wav
C:/Users/elagio/vs/lukia/orchestral-intro/Virtual-Playing-Orchestra3-1-wave-files/Virtual-Playing-Orchestra3/libs/SSO/Samples/Tuba/tuba-stc-rr2-e2-PB.wav,B,pizzicato,Tuba,0.56,C:/Users/elagio/vs/lukia/orchestral-intro/VPO3_SATB/B/pizzicato/Tuba/tuba-stc-rr2-e2-PB.wav
C:/Users/elagio/vs/lukia/orchestral-intro/Virtual-Playing-Orchestra3-1-wave-files/Virtual-Playing-Orchestra3/libs/SSO/Samples/Tuba/tuba-stc-rr2-g3-PB.wav,B,pizzicato,Tuba,0.56,C:/Users/elagio/vs/lukia/orchestral-intro/VPO3_SATB/B/pizzicato/Tuba/tuba-stc-rr2-g3-PB.wav
C:/Users/elagio/vs/lukia/orchestral-intro/Virtual-Playing-Orchestra3-1-wave-files/Virtual-Playing-Orchestra3/libs/SSO/Samples/Tuba/tuba-sus-a#1-PB-loop.wav,B,sustain,Tuba,4.66,C:/Users/elagio/vs/lukia/orchestral-intro/VPO3_SATB/B/sustain/Tuba/tuba-sus-a#1-PB-loop.wav
C:/Users/elagio/vs/lukia/orchestral-intro/Virtual-Playing-Orchestra3-1-wave-files/Virtual-Playing-Orchestra3/libs/SSO/Samples/Tuba/tuba-sus-a#2-PB-loop.wav,B,sustain,Tuba,6.19,C:/Users/elagio/vs/lukia/orchestral-intro/VPO3_SATB/B/sustain/Tuba/tuba-sus-a#2-PB-loop.wav
C:/Users/elagio/vs/lukia/orchestral-intro/Virtual-Playing-Orchestra3-1-wave-files/Virtual-Playing-Orchestra3/libs/SSO/Samples/Tuba/tuba-sus-c#2-PB-loop.wav,B,sustain,Tuba,6.27,C:/Users/elagio/vs/lukia/orchestral-intro/VPO3_SATB/B/sustain/Tuba/tuba-sus-c#2-PB-loop.wav
C:/Users/elagio/vs/lukia/orchestral-intro/Virtual-Playing-Orchestra3-1-wave-files/Virtual-Playing-Orchestra3/libs/SSO/Samples/Tuba/tuba-sus-c#3-PB-loop.wav,B,sustain,Tuba,4.42,C:/Users/elagio/vs/lukia/orchestral-intro/VPO3_SATB/B/sustain/Tuba/tuba-sus-c#3-PB-loop.wav
C:/Users/elagio/vs/lukia/orchestral-intro/Virtual-Playing-Orchestra3-1-wave-files/Virtual-Playing-Orchestra3/libs/SSO/Samples/Tuba/tuba-sus-e1-PB-loop.wav,B,sustain,Tuba,6.29,C:/Users/elagio/vs/lukia/orchestral-intro/VPO3_SATB/B/sustain/Tuba/tuba-sus-e1-PB-loop.wav
C:/Users/elagio/vs/lukia/orchestral-intro/Virtual-Playing-Orchestra3-1-wave-files/Virtual-Playing-Orchestra3/libs/SSO/Samples/Tuba/tuba-sus-e2-PB-loop.wav,B,sustain,Tuba,3.65,C:/Users/elagio/vs/lukia/orchestral-intro/VPO3_SATB/B/sustain/Tuba/tuba-sus-e2-PB-loop.wav
C:/Users/elagio/vs/lukia/orchestral-intro/Virtual-Playing-Orchestra3-1-wave-files/Virtual-Playing-Orchestra3/libs/SSO/Samples/Tuba/tuba-sus-e3-PB-loop.wav,B,sustain,Tuba,5.77,C:/Users/elagio/vs/lukia/orchestral-intro/VPO3_SATB/B/sustain/Tuba/tuba-sus-e3-PB-loop.wav
C:/Users/elagio/vs/lukia/orchestral-intro/Virtual-Playing-Orchestra3-1-wave-files/Virtual-Playing-Orchestra3/libs/SSO/Samples/Tuba/tuba-sus-g1-PB-loop.wav,B,sustain,Tuba,4.85,C:/Users/elagio/vs/lukia/orchestral-intro/VPO3_SATB/B/sustain/Tuba/tuba-sus-g1-PB-loop.wav
C:/Users/elagio/vs/lukia/orchestral-intro/Virtual-Playing-Orchestra3-1-wave-files/Virtual-Playing-Orchestra3/libs/SSO/Samples/Tuba/tuba-sus-g2-PB-loop.wav,B,sustain,Tuba,6.96,C:/Users/elagio/vs/lukia/orchestral-intro/VPO3_SATB/B/sustain/Tuba/tuba-sus-g2-PB-loop.wav
C:/Users/elagio/vs/lukia/orchestral-intro/Virtual-Playing-Orchestra3-1-wave-files/Virtual-Playing-Orchestra3/libs/SSO/Samples/Violas/violas-piz-rr1-a3-PB.wav,A,pizzicato,Violas,0.42,C:/Users/elagio/vs/lukia/orchestral-intro/VPO3_SATB/A/pizzicato/Violas/violas-piz-rr1-a3-PB.wav
C:/Users/elagio/vs/lukia/orchestral-intro/Virtual-Playing-Orchestra3-1-wave-files/Virtual-Playing-Orchestra3/libs/SSO/Samples/Violas/violas-piz-rr1-a4-PB.wav,A,pizzicato,Violas,0.42,C:/Users/elagio/vs/lukia/orchestral-intro/VPO3_SATB/A/pizzicato/Violas/violas-piz-rr1-a4-PB.wav
C:/Users/elagio/vs/lukia/orchestral-intro/Virtual-Playing-Orchestra3-1-wave-files/Virtual-Playing-Orchestra3/libs/SSO/Samples/Violas/violas-piz-rr1-a5-PB.wav,A,pizzicato,Violas,0.42,C:/Users/elagio/vs/lukia/orchestral-intro/VPO3_SATB/A/pizzicato/Violas/violas-piz-rr1-a5-PB.wav
C:/Users/elagio/vs/lukia/orchestral-intro/Virtual-Playing-Orchestra3-1-wave-files/Virtual-Playing-Orchestra3/libs/SSO/Samples/Violas/violas-piz-rr1-c3-PB.wav,A,pizzicato,Violas,0.42,C:/Users/elagio/vs/lukia/orchestral-intro/VPO3_SATB/A/pizzicato/Violas/violas-piz-rr1-c3-PB.wav
C:/Users/elagio/vs/lukia/orchestral-intro/Virtual-Playing-Orchestra3-1-wave-files/Virtual-Playing-Orchestra3/libs/SSO/Samples/Violas/violas-piz-rr1-c4-PB.wav,A,pizzicato,Violas,0.42,C:/Users/elagio/vs/lukia/orchestral-intro/VPO3_SATB/A/pizzicato/Violas/violas-piz-rr1-c4-PB.wav
C:/Users/elagio/vs/lukia/orchestral-intro/Virtual-Playing-Orchestra3-1-wave-files/Virtual-Playing-Orchestra3/libs/SSO/Samples/Violas/violas-piz-rr1-c5-PB.wav,A,pizzicato,Violas,0.42,C:/Users/elagio/vs/lukia/orchestral-intro/VPO3_SATB/A/pizzicato/Violas/violas-piz-rr1-c5-PB.wav
C:/Users/elagio/vs/lukia/orchestral-intro/Virtual-Playing-Orchestra3-1-wave-files/Virtual-Playing-Orchestra3/libs/SSO/Samples/Violas/violas-piz-rr1-c6-PB.wav,A,pizzicato,Violas,0.42,C:/Users/elagio/vs/lukia/orchestral-intro/VPO3_SATB/A/pizzicato/Violas/violas-piz-rr1-c6-PB.wav
C:/Users/elagio/vs/lukia/orchestral-intro/Virtual-Playing-Orchestra3-1-wave-files/Virtual-Playing-Orchestra3/libs/SSO/Samples/Violas/violas-piz-rr1-d#3-PB.wav,A,pizzicato,Violas,0.42,C:/Users/elagio/vs/lukia/orchestral-intro/VPO3_SATB/A/pizzicato/Violas/violas-piz-rr1-d#3-PB.wav
C:/Users/elagio/vs/lukia/orchestral-intro/Virtual-Playing-Orchestra3-1-wave-files/Virtual-Playing-Orchestra3/libs/SSO/Samples/Violas/violas-piz-rr1-d#4-PB.wav,A,pizzicato,Violas,0.42,C:/Users/elagio/vs/lukia/orchestral-intro/VPO3_SATB/A/pizzicato/Violas/violas-piz-rr1-d#4-PB.wav
C:/Users/elagio/vs/lukia/orchestral-intro/Virtual-Playing-Orchestra3-1-wave-files/Virtual-Playing-Orchestra3/libs/SSO/Samples/Violas/violas-piz-rr1-d#5-PB.wav,A,pizzicato,Violas,0.42,C:/Users/elagio/vs/lukia/orchestral-intro/VPO3_SATB/A/pizzicato/Violas/violas-piz-rr1-d#5-PB.wav
C:/Users/elagio/vs/lukia/orchestral-intro/Virtual-Playing-Orchestra3-1-wave-files/Virtual-Playing-Orchestra3/libs/SSO/Samples/Violas/violas-piz-rr1-f#3-PB.wav,A,pizzicato,Violas,0.42,C:/Users/elagio/vs/lukia/orchestral-intro/VPO3_SATB/A/pizzicato/Violas/violas-piz-rr1-f#3-PB.wav
C:/Users/elagio/vs/lukia/orchestral-intro/Virtual-Playing-Orchestra3-1-wave-files/Virtual-Playing-Orchestra3/libs/SSO/Samples/Violas/violas-piz-rr1-f#4-PB.wav,A,pizzicato,Violas,0.42,C:/Users/elagio/vs/lukia/orchestral-intro/VPO3_SATB/A/pizzicato/Violas/violas-piz-rr1-f#4-PB.wav
C:/Users/elagio/vs/lukia/orchestral-intro/Virtual-Playing-Orchestra3-1-wave-files/Virtual-Playing-Orchestra3/libs/SSO/Samples/Violas/violas-piz-rr1-f#5-PB.wav,A,pizzicato,Violas,0.42,C:/Users/elagio/vs/lukia/orchestral-intro/VPO3_SATB/A/pizzicato/Violas/violas-piz-rr1-f#5-PB.wav
C:/Users/elagio/vs/lukia/orchestral-intro/Virtual-Playing-Orchestra3-1-wave-files/Virtual-Playing-Orchestra3/libs/SSO/Samples/Violas/violas-piz-rr2-a3-PB.wav,A,pizzicato,Violas,0.42,C:/Users/elagio/vs/lukia/orchestral-intro/VPO3_SATB/A/pizzicato/Violas/violas-piz-rr2-a3-PB.wav
C:/Users/elagio/vs/lukia/orchestral-intro/Virtual-Playing-Orchestra3-1-wave-files/Virtual-Playing-Orchestra3/libs/SSO/Samples/Violas/violas-piz-rr2-a4-PB.wav,A,pizzicato,Violas,0.42,C:/Users/elagio/vs/lukia/orchestral-intro/VPO3_SATB/A/pizzicato/Violas/violas-piz-rr2-a4-PB.wav
C:/Users/elagio/vs/lukia/orchestral-intro/Virtual-Playing-Orchestra3-1-wave-files/Virtual-Playing-Orchestra3/libs/SSO/Samples/Violas/violas-piz-rr2-a5-PB.wav,A,pizzicato,Violas,0.42,C:/Users/elagio/vs/lukia/orchestral-intro/VPO3_SATB/A/pizzicato/Violas/violas-piz-rr2-a5-PB.wav
C:/Users/elagio/vs/lukia/orchestral-intro/Virtual-Playing-Orchestra3-1-wave-files/Virtual-Playing-Orchestra3/libs/SSO/Samples/Violas/violas-piz-rr2-c3-PB.wav,A,pizzicato,Violas,0.42,C:/Users/elagio/vs/lukia/orchestral-intro/VPO3_SATB/A/pizzicato/Violas/violas-piz-rr2-c3-PB.wav
C:/Users/elagio/vs/lukia/orchestral-intro/Virtual-Playing-Orchestra3-1-wave-files/Virtual-Playing-Orchestra3/libs/SSO/Samples/Violas/violas-piz-rr2-c4-PB.wav,A,pizzicato,Violas,0.42,C:/Users/elagio/vs/lukia/orchestral-intro/VPO3_SATB/A/pizzicato/Violas/violas-piz-rr2-c4-PB.wav
C:/Users/elagio/vs/lukia/orchestral-intro/Virtual-Playing-Orchestra3-1-wave-files/Virtual-Playing-Orchestra3/libs/SSO/Samples/Violas/violas-piz-rr2-c5-PB.wav,A,pizzicato,Violas,0.42,C:/Users/elagio/vs/lukia/orchestral-intro/VPO3_SATB/A/pizzicato/Violas/violas-piz-rr2-c5-PB.wav
C:/Users/elagio/vs/lukia/orchestral-intro/Virtual-Playing-Orchestra3-1-wave-files/Virtual-Playing-Orchestra3/libs/SSO/Samples/Violas/violas-piz-rr2-d#3-PB.wav,A,pizzicato,Violas,0.42,C:/Users/elagio/vs/lukia/orchestral-intro/VPO3_SATB/A/pizzicato/Violas/violas-piz-rr2-d#3-PB.wav
C:/Users/elagio/vs/lukia/orchestral-intro/Virtual-Playing-Orchestra3-1-wave-files/Virtual-Playing-Orchestra3/libs/SSO/Samples/Violas/violas-piz-rr2-d#4-PB.wav,A,pizzicato,Violas,0.42,C:/Users/elagio/vs/lukia/orchestral-intro/VPO3_SATB/A/pizzicato/Violas/violas-piz-rr2-d#4-PB.wav
C:/Users/elagio/vs/lukia/orchestral-intro/Virtual-Playing-Orchestra3-1-wave-files/Virtual-Playing-Orchestra3/libs/SSO/Samples/Violas/violas-piz-rr2-d#5-PB.wav,A,pizzicato,Violas,0.42,C:/Users/elagio/vs/lukia/orchestral-intro/VPO3_SATB/A/pizzicato/Violas/violas-piz-rr2-d#5-PB.wav
C:/Users/elagio/vs/lukia/orchestral-intro/Virtual-Playing-Orchestra3-1-wave-files/Virtual-Playing-Orchestra3/libs/SSO/Samples/Violas/violas-piz-rr2-f#3-PB.wav,A,pizzicato,Violas,0.42,C:/Users/elagio/vs/lukia/orchestral-intro/VPO3_SATB/A/pizzicato/Violas/violas-piz-rr2-f#3-PB.wav
C:/Users/elagio/vs/lukia/orchestral-intro/Virtual-Playing-Orchestra3-1-wave-files/Virtual-Playing-Orchestra3/libs/SSO/Samples/Violas/violas-piz-rr2-f#4-PB.wav,A,pizzicato,Violas,0.42,C:/Users/elagio/vs/lukia/orchestral-intro/VPO3_SATB/A/pizzicato/Violas/violas-piz-rr2-f#4-PB.wav
C:/Users/elagio/vs/lukia/orchestral-intro/Virtual-Playing-Orchestra3-1-wave-files/Virtual-Playing-Orchestra3/libs/SSO/Samples/Violas/violas-piz-rr2-f#5-PB.wav,A,pizzicato,Violas,0.42,C:/Users/elagio/vs/lukia/orchestral-intro/VPO3_SATB/A/pizzicato/Violas/violas-piz-rr2-f#5-PB.wav
C:/Users/elagio/vs/lukia/orchestral-intro/Virtual-Playing-Orchestra3-1-wave-files/Virtual-Playing-Orchestra3/libs/VSCO2-CE/Strings/Cello Section/pizzT/pizzT_A2_v1_RR2.wav,T,pizzicato,Cellos,2.7,C:/Users/elagio/vs/lukia/orchestral-intro/VPO3_SATB/T/pizzicato/Cellos/pizzT_A2_v1_RR2.wav
C:/Users/elagio/vs/lukia/orchestral-intro/Virtual-Playing-Orchestra3-1-wave-files/Virtual-Playing-Orchestra3/libs/VSCO2-CE/Strings/Cello Section/pizzT/pizzT_A2_v2_RR1.wav,T,pizzicato,Cellos,2.83,C:/Users/elagio/vs/lukia/orchestral-intro/VPO3_SATB/T/pizzicato/Cellos/pizzT_A2_v2_RR1.wav
C:/Users/elagio/vs/lukia/orchestral-intro/Virtual-Playing-Orchestra3-1-wave-files/Virtual-Playing-Orchestra3/libs/VSCO2-CE/Strings/Cello Section/pizzT/pizzT_B1_v1_RR1.wav,T,pizzicato,Cellos,3.36,C:/Users/elagio/vs/lukia/orchestral-intro/VPO3_SATB/T/pizzicato/Cellos/pizzT_B1_v1_RR1.wav
C:/Users/elagio/vs/lukia/orchestral-intro/Virtual-Playing-Orchestra3-1-wave-files/Virtual-Playing-Orchestra3/libs/VSCO2-CE/Strings/Cello Section/pizzT/pizzT_B1_v2_RR1.wav,T,pizzicato,Cellos,4.0,C:/Users/elagio/vs/lukia/orchestral-intro/VPO3_SATB/T/pizzicato/Cellos/pizzT_B1_v2_RR1.wav
C:/Users/elagio/vs/lukia/orchestral-intro/Virtual-Playing-Orchestra3-1-wave-files/Virtual-Playing-Orchestra3/libs/VSCO2-CE/Strings/Cello Section/pizzT/pizzT_B3_v1_RR2.wav,T,pizzicato,Cellos,1.75,C:/Users/elagio/vs/lukia/orchestral-intro/VPO3_SATB/T/pizzicato/Cellos/pizzT_B3_v1_RR2.wav
C:/Users/elagio/vs/lukia/orchestral-intro/Virtual-Playing-Orchestra3-1-wave-files/Virtual-Playing-Orchestra3/libs/VSCO2-CE/Strings/Cello Section/pizzT/pizzT_B3_v2_RR2.wav,T,pizzicato,Cellos,1.88,C:/Users/elagio/vs/lukia/orchestral-intro/VPO3_SATB/T/pizzicato/Cellos/pizzT_B3_v2_RR2.wav
C:/Users/elagio/vs/lukia/orchestral-intro/Virtual-Playing-Orchestra3-1-wave-files/Virtual-Playing-Orchestra3/libs/VSCO2-CE/Strings/Cello Section/pizzT/pizzT_C1_v1_RR1.wav,T,pizzicato,Cellos,3.14,C:/Users/elagio/vs/lukia/orchestral-intro/VPO3_SATB/T/pizzicato/Cellos/pizzT_C1_v1_RR1.wav
C:/Users/elagio/vs/lukia/orchestral-intro/Virtual-Playing-Orchestra3-1-wave-files/Virtual-Playing-Orchestra3/libs/VSCO2-CE/Strings/Cello Section/pizzT/pizzT_C1_v2_RR1.wav,T,pizzicato,Cellos,3.71,C:/Users/elagio/vs/lukia/orchestral-intro/VPO3_SATB/T/pizzicato/Cellos/pizzT_C1_v2_RR1.wav
C:/Users/elagio/vs/lukia/orchestral-intro/Virtual-Playing-Orchestra3-1-wave-files/Virtual-Playing-Orchestra3/libs/VSCO2-CE/Strings/Cello Section/pizzT/pizzT_C3_v1_RR1.wav,T,pizzicato,Cellos,2.66,C:/Users/elagio/vs/lukia/orchestral-intro/VPO3_SATB/T/pizzicato/Cellos/pizzT_C3_v1_RR1.wav
C:/Users/elagio/vs/lukia/orchestral-intro/Virtual-Playing-Orchestra3-1-wave-files/Virtual-Playing-Orchestra3/libs/VSCO2-CE/Strings/Cello Section/pizzT/pizzT_C3_v2_RR2.wav,T,pizzicato,Cellos,2.71,C:/Users/elagio/vs/lukia/orchestral-intro/VPO3_SATB/T/pizzicato/Cellos/pizzT_C3_v2_RR2.wav
C:/Users/elagio/vs/lukia/orchestral-intro/Virtual-Playing-Orchestra3-1-wave-files/Virtual-Playing-Orchestra3/libs/VSCO2-CE/Strings/Cello Section/pizzT/pizzT_D2_v1_RR2.wav,T,pizzicato,Cellos,2.91,C:/Users/elagio/vs/lukia/orchestral-intro/VPO3_SATB/T/pizzicato/Cellos/pizzT_D2_v1_RR2.wav
C:/Users/elagio/vs/lukia/orchestral-intro/Virtual-Playing-Orchestra3-1-wave-files/Virtual-Playing-Orchestra3/libs/VSCO2-CE/Strings/Cello Section/pizzT/pizzT_D2_v2_RR1.wav,T,pizzicato,Cellos,2.91,C:/Users/elagio/vs/lukia/orchestral-intro/VPO3_SATB/T/pizzicato/Cellos/pizzT_D2_v2_RR1.wav
C:/Users/elagio/vs/lukia/orchestral-intro/Virtual-Playing-Orchestra3-1-wave-files/Virtual-Playing-Orchestra3/libs/VSCO2-CE/Strings/Cello Section/pizzT/pizzT_D4_v1_RR1.wav,T,pizzicato,Cellos,0.93,C:/Users/elagio/vs/lukia/orchestral-intro/VPO3_SATB/T/pizzicato/Cellos/pizzT_D4_v1_RR1.wav
C:/Users/elagio/vs/lukia/orchestral-intro/Virtual-Playing-Orchestra3-1-wave-files/Virtual-Playing-Orchestra3/libs/VSCO2-CE/Strings/Cello Section/pizzT/pizzT_D4_v2_RR1.wav,T,pizzicato,Cellos,1.31,C:/Users/elagio/vs/lukia/orchestral-intro/VPO3_SATB/T/pizzicato/Cellos/pizzT_D4_v2_RR1.wav
C:/Users/elagio/vs/lukia/orchestral-intro/Virtual-Playing-Orchestra3-1-wave-files/Virtual-Playing-Orchestra3/libs/VSCO2-CE/Strings/Cello Section/pizzT/pizzT_E1_v1_RR2.wav,T,pizzicato,Cellos,2.6,C:/Users/elagio/vs/lukia/orchestral-intro/VPO3_SATB/T/pizzicato/Cellos/pizzT_E1_v1_RR2.wav
C:/Users/elagio/vs/lukia/orchestral-intro/Virtual-Playing-Orchestra3-1-wave-files/Virtual-Playing-Orchestra3/libs/VSCO2-CE/Strings/Cello Section/pizzT/pizzT_E1_v2_RR2.wav,T,pizzicato,Cellos,3.8,C:/Users/elagio/vs/lukia/orchestral-intro/VPO3_SATB/T/pizzicato/Cellos/pizzT_E1_v2_RR2.wav
C:/Users/elagio/vs/lukia/orchestral-intro/Virtual-Playing-Orchestra3-1-wave-files/Virtual-Playing-Orchestra3/libs/VSCO2-CE/Strings/Cello Section/pizzT/pizzT_E3_v1_RR1.wav,T,pizzicato,Cellos,1.94,C:/Users/elagio/vs/lukia/orchestral-intro/VPO3_SATB/T/pizzicato/Cellos/pizzT_E3_v1_RR1.wav
C:/Users/elagio/vs/lukia/orchestral-intro/Virtual-Playing-Orchestra3-1-wave-files/Virtual-Playing-Orchestra3/libs/VSCO2-CE/Strings/Cello Section/pizzT/pizzT_E3_v2_RR1.wav,T,pizzicato,Cellos,2.32,C:/Users/elagio/vs/lukia/orchestral-intro/VPO3_SATB/T/pizzicato/Cellos/pizzT_E3_v2_RR1.wav
C:/Users/elagio/vs/lukia/orchestral-intro/Virtual-Playing-Orchestra3-1-wave-files/Virtual-Playing-Orchestra3/libs/VSCO2-CE/Strings/Cello Section/pizzT/pizzT_F2_v1_RR1.wav,T,pizzicato,Cellos,2.5,C:/Users/elagio/vs/lukia/orchestral-intro/VPO3_SATB/T/pizzicato/Cellos/pizzT_F2_v1_RR1.wav
C:/Users/elagio/vs/lukia/orchestral-intro/Virtual-Playing-Orchestra3-1-wave-files/Virtual-Playing-Orchestra3/libs/VSCO2-CE/Strings/Cello Section/pizzT/pizzT_F2_v2_RR1.wav,T,pizzicato,Cellos,1.81,C:/Users/elagio/vs/lukia/orchestral-intro/VPO3_SATB/T/pizzicato/Cellos/pizzT_F2_v2_RR1.wav
C:/Users/elagio/vs/lukia/orchestral-intro/Virtual-Playing-Orchestra3-1-wave-files/Virtual-Playing-Orchestra3/libs/VSCO2-CE/Strings/Cello Section/pizzT/pizzT_F4_v1_RR1.wav,T,pizzicato,Cellos,0.87,C:/Users/elagio/vs/lukia/orchestral-intro/VPO3_SATB/T/pizzicato/Cellos/pizzT_F4_v1_RR1.wav
C:/Users/elagio/vs/lukia/orchestral-intro/Virtual-Playing-Orchestra3-1-wave-files/Virtual-Playing-Orchestra3/libs/VSCO2-CE/Strings/Cello Section/pizzT/pizzT_F4_v2_RR2.wav,T,pizzicato,Cellos,1.31,C:/Users/elagio/vs/lukia/orchestral-intro/VPO3_SATB/T/pizzicato/Cellos/pizzT_F4_v2_RR2.wav
C:/Users/elagio/vs/lukia/orchestral-intro/Virtual-Playing-Orchestra3-1-wave-files/Virtual-Playing-Orchestra3/libs/VSCO2-CE/Strings/Cello Section/pizzT/pizzT_G1_v1_RR1.wav,T,pizzicato,Cellos,3.22,C:/Users/elagio/vs/lukia/orchestral-intro/VPO3_SATB/T/pizzicato/Cellos/pizzT_G1_v1_RR1.wav
C:/Users/elagio/vs/lukia/orchestral-intro/Virtual-Playing-Orchestra3-1-wave-files/Virtual-Playing-Orchestra3/libs/VSCO2-CE/Strings/Cello Section/pizzT/pizzT_G1_v2_RR2.wav,T,pizzicato,Cellos,3.7,C:/Users/elagio/vs/lukia/orchestral-intro/VPO3_SATB/T/pizzicato/Cellos/pizzT_G1_v2_RR2.wav
C:/Users/elagio/vs/lukia/orchestral-intro/Virtual-Playing-Orchestra3-1-wave-files/Virtual-Playing-Orchestra3/libs/VSCO2-CE/Strings/Cello Section/pizzT/pizzT_G3_v1_RR1.wav,T,pizzicato,Cellos,2.82,C:/Users/elagio/vs/lukia/orchestral-intro/VPO3_SATB/T/pizzicato/Cellos/pizzT_G3_v1_RR1.wav
C:/Users/elagio/vs/lukia/orchestral-intro/Virtual-Playing-Orchestra3-1-wave-files/Virtual-Playing-Orchestra3/libs/VSCO2-CE/Strings/Cello Section/pizzT/pizzT_G3_v2_RR2.wav,T,pizzicato,Cellos,2.88,C:/Users/elagio/vs/lukia/orchestral-intro/VPO3_SATB/T/pizzicato/Cellos/pizzT_G3_v2_RR2.wav
C:/Users/elagio/vs/lukia/orchestral-intro/Virtual-Playing-Orchestra3-1-wave-files/Virtual-Playing-Orchestra3/libs/VSCO2-CE/Strings/Cello Section/spic/spic_A2_v1_RR1.wav,T,pizzicato,Cellos,1.59,C:/Users/elagio/vs/lukia/orchestral-intro/VPO3_SATB/T/pizzicato/Cellos/spic_A2_v1_RR1.wav
C:/Users/elagio/vs/lukia/orchestral-intro/Virtual-Playing-Orchestra3-1-wave-files/Virtual-Playing-Orchestra3/libs/VSCO2-CE/Strings/Cello Section/spic/spic_A2_v1_RR2.wav,T,pizzicato,Cellos,1.35,C:/Users/elagio/vs/lukia/orchestral-intro/VPO3_SATB/T/pizzicato/Cellos/spic_A2_v1_RR2.wav
C:/Users/elagio/vs/lukia/orchestral-intro/Virtual-Playing-Orchestra3-1-wave-files/Virtual-Playing-Orchestra3/libs/VSCO2-CE/Strings/Cello Section/spic/spic_A2_v2_RR1-PB.wav,T,pizzicato,Cellos,2.86,C:/Users/elagio/vs/lukia/orchestral-intro/VPO3_SATB/T/pizzicato/Cellos/spic_A2_v2_RR1-PB.wav
C:/Users/elagio/vs/lukia/orchestral-intro/Virtual-Playing-Orchestra3-1-wave-files/Virtual-Playing-Orchestra3/libs/VSCO2-CE/Strings/Cello Section/spic/spic_A2_v2_RR1.wav,T,pizzicato,Cellos,3.38,C:/Users/elagio/vs/lukia/orchestral-intro/VPO3_SATB/T/pizzicato/Cellos/spic_A2_v2_RR1.wav
C:/Users/elagio/vs/lukia/orchestral-intro/Virtual-Playing-Orchestra3-1-wave-files/Virtual-Playing-Orchestra3/libs/VSCO2-CE/Strings/Cello Section/spic/spic_A2_v2_RR2.wav,T,pizzicato,Cellos,3.29,C:/Users/elagio/vs/lukia/orchestral-intro/VPO3_SATB/T/pizzicato/Cellos/spic_A2_v2_RR2.wav
C:/Users/elagio/vs/lukia/orchestral-intro/Virtual-Playing-Orchestra3-1-wave-files/Virtual-Playing-Orchestra3/libs/VSCO2-CE/Strings/Cello Section/spic/spic_B1_v1_RR1.wav,T,pizzicato,Cellos,1.74,C:/Users/elagio/vs/lukia/orchestral-intro/VPO3_SATB/T/pizzicato/Cellos/spic_B1_v1_RR1.wav
C:/Users/elagio/vs/lukia/orchestral-intro/Virtual-Playing-Orchestra3-1-wave-files/Virtual-Playing-Orchestra3/libs/VSCO2-CE/Strings/Cello Section/spic/spic_B1_v1_RR2.wav,T,pizzicato,Cellos,1.9,C:/Users/elagio/vs/lukia/orchestral-intro/VPO3_SATB/T/pizzicato/Cellos/spic_B1_v1_RR2.wav
C:/Users/elagio/vs/lukia/orchestral-intro/Virtual-Playing-Orchestra3-1-wave-files/Virtual-Playing-Orchestra3/libs/VSCO2-CE/Strings/Cello Section/spic/spic_B1_v2_RR1.wav,T,pizzicato,Cellos,1.8,C:/Users/elagio/vs/lukia/orchestral-intro/VPO3_SATB/T/pizzicato/Cellos/spic_B1_v2_RR1.wav
C:/Users/elagio/vs/lukia/orchestral-intro/Virtual-Playing-Orchestra3-1-wave-files/Virtual-Playing-Orchestra3/libs/VSCO2-CE/Strings/Cello Section/spic/spic_B1_v2_RR2.wav,T,pizzicato,Cellos,1.99,C:/Users/elagio/vs/lukia/orchestral-intro/VPO3_SATB/T/pizzicato/Cellos/spic_B1_v2_RR2.wav
C:/Users/elagio/vs/lukia/orchestral-intro/Virtual-Playing-Orchestra3-1-wave-files/Virtual-Playing-Orchestra3/libs/VSCO2-CE/Strings/Cello Section/spic/spic_B3_v1_RR1.wav,T,pizzicato,Cellos,1.53,C:/Users/elagio/vs/lukia/orchestral-intro/VPO3_SATB/T/pizzicato/Cellos/spic_B3_v1_RR1.wav
C:/Users/elagio/vs/lukia/orchestral-intro/Virtual-Playing-Orchestra3-1-wave-files/Virtual-Playing-Orchestra3/libs/VSCO2-CE/Strings/Cello Section/spic/spic_B3_v1_RR2.wav,T,pizzicato,Cellos,1.39,C:/Users/elagio/vs/lukia/orchestral-intro/VPO3_SATB/T/pizzicato/Cellos/spic_B3_v1_RR2.wav
C:/Users/elagio/vs/lukia/orchestral-intro/Virtual-Playing-Orchestra3-1-wave-files/Virtual-Playing-Orchestra3/libs/VSCO2-CE/Strings/Cello Section/spic/spic_B3_v2_RR1-PB.wav,T,pizzicato,Cellos,2.18,C:/Users/elagio/vs/lukia/orchestral-intro/VPO3_SATB/T/pizzicato/Cellos/spic_B3_v2_RR1-PB.wav
C:/Users/elagio/vs/lukia/orchestral-intro/Virtual-Playing-Orchestra3-1-wave-files/Virtual-Playing-Orchestra3/libs/VSCO2-CE/Strings/Cello Section/spic/spic_B3_v2_RR1.wav,T,pizzicato,Cellos,2.29,C:/Users/elagio/vs/lukia/orchestral-intro/VPO3_SATB/T/pizzicato/Cellos/spic_B3_v2_RR1.wav
C:/Users/elagio/vs/lukia/orchestral-intro/Virtual-Playing-Orchestra3-1-wave-files/Virtual-Playing-Orchestra3/libs/VSCO2-CE/Strings/Cello Section/spic/spic_B3_v2_RR2.wav,T,pizzicato,Cellos,2.25,C:/Users/elagio/vs/lukia/orchestral-intro/VPO3_SATB/T/pizzicato/Cellos/spic_B3_v2_RR2.wav
C:/Users/elagio/vs/lukia/orchestral-intro/Virtual-Playing-Orchestra3-1-wave-files/Virtual-Playing-Orchestra3/libs/VSCO2-CE/Strings/Cello Section/spic/spic_C1_v1_RR1.wav,T,pizzicato,Cellos,3.12,C:/Users/elagio/vs/lukia/orchestral-intro/VPO3_SATB/T/pizzicato/Cellos/spic_C1_v1_RR1.wav
C:/Users/elagio/vs/lukia/orchestral-intro/Virtual-Playing-Orchestra3-1-wave-files/Virtual-Playing-Orchestra3/libs/VSCO2-CE/Strings/Cello Section/spic/spic_C1_v1_RR2.wav,T,pizzicato,Cellos,3.22,C:/Users/elagio/vs/lukia/orchestral-intro/VPO3_SATB/T/pizzicato/Cellos/spic_C1_v1_RR2.wav
C:/Users/elagio/vs/lukia/orchestral-intro/Virtual-Playing-Orchestra3-1-wave-files/Virtual-Playing-Orchestra3/libs/VSCO2-CE/Strings/Cello Section/spic/spic_C1_v2_RR1.wav,T,pizzicato,Cellos,3.23,C:/Users/elagio/vs/lukia/orchestral-intro/VPO3_SATB/T/pizzicato/Cellos/spic_C1_v2_RR1.wav
C:/Users/elagio/vs/lukia/orchestral-intro/Virtual-Playing-Orchestra3-1-wave-files/Virtual-Playing-Orchestra3/libs/VSCO2-CE/Strings/Cello Section/spic/spic_C1_v2_RR2.wav,T,pizzicato,Cellos,3.5,C:/Users/elagio/vs/lukia/orchestral-intro/VPO3_SATB/T/pizzicato/Cellos/spic_C1_v2_RR2.wav
C:/Users/elagio/vs/lukia/orchestral-intro/Virtual-Playing-Orchestra3-1-wave-files/Virtual-Playing-Orchestra3/libs/VSCO2-CE/Strings/Cello Section/spic/spic_C3_v1_RR1.wav,T,pizzicato,Cellos,1.51,C:/Users/elagio/vs/lukia/orchestral-intro/VPO3_SATB/T/pizzicato/Cellos/spic_C3_v1_RR1.wav
C:/Users/elagio/vs/lukia/orchestral-intro/Virtual-Playing-Orchestra3-1-wave-files/Virtual-Playing-Orchestra3/libs/VSCO2-CE/Strings/Cello Section/spic/spic_C3_v1_RR2.wav,T,pizzicato,Cellos,1.68,C:/Users/elagio/vs/lukia/orchestral-intro/VPO3_SATB/T/pizzicato/Cellos/spic_C3_v1_RR2.wav
C:/Users/elagio/vs/lukia/orchestral-intro/Virtual-Playing-Orchestra3-1-wave-files/Virtual-Playing-Orchestra3/libs/VSCO2-CE/Strings/Cello Section/spic/spic_C3_v2_RR1.wav,T,pizzicato,Cellos,2.03,C:/Users/elagio/vs/lukia/orchestral-intro/VPO3_SATB/T/pizzicato/Cellos/spic_C3_v2_RR1.wav
C:/Users/elagio/vs/lukia/orchestral-intro/Virtual-Playing-Orchestra3-1-wave-files/Virtual-Playing-Orchestra3/libs/VSCO2-CE/Strings/Cello Section/spic/spic_C3_v2_RR2.wav,T,pizzicato,Cellos,2.89,C:/Users/elagio/vs/lukia/orchestral-intro/VPO3_SATB/T/pizzicato/Cellos/spic_C3_v2_RR2.wav
C:/Users/elagio/vs/lukia/orchestral-intro/Virtual-Playing-Orchestra3-1-wave-files/Virtual-Playing-Orchestra3/libs/VSCO2-CE/Strings/Cello Section/spic/spic_D2_v1_RR1.wav,T,pizzicato,Cellos,1.49,C:/Users/elagio/vs/lukia/orchestral-intro/VPO3_SATB/T/pizzicato/Cellos/spic_D2_v1_RR1.wav
C:/Users/elagio/vs/lukia/orchestral-intro/Virtual-Playing-Orchestra3-1-wave-files/Virtual-Playing-Orchestra3/libs/VSCO2-CE/Strings/Cello Section/spic/spic_D2_v1_RR2.wav,T,pizzicato,Cellos,1.41,C:/Users/elagio/vs/lukia/orchestral-intro/VPO3_SATB/T/pizzicato/Cellos/spic_D2_v1_RR2.wav
C:/Users/elagio/vs/lukia/orchestral-intro/Virtual-Playing-Orchestra3-1-wave-files/Virtual-Playing-Orchestra3/libs/VSCO2-CE/Strings/Cello Section/spic/spic_D2_v2_RR1.wav,T,pizzicato,Cellos,3.39,C:/Users/elagio/vs/lukia/orchestral-intro/VPO3_SATB/T/pizzicato/Cellos/spic_D2_v2_RR1.wav
C:/Users/elagio/vs/lukia/orchestral-intro/Virtual-Playing-Orchestra3-1-wave-files/Virtual-Playing-Orchestra3/libs/VSCO2-CE/Strings/Cello Section/spic/spic_D2_v2_RR2.wav,T,pizzicato,Cellos,2.96,C:/Users/elagio/vs/lukia/orchestral-intro/VPO3_SATB/T/pizzicato/Cellos/spic_D2_v2_RR2.wav
C:/Users/elagio/vs/lukia/orchestral-intro/Virtual-Playing-Orchestra3-1-wave-files/Virtual-Playing-Orchestra3/libs/VSCO2-CE/Strings/Cello Section/spic/spic_D4_v1_RR1.wav,T,pizzicato,Cellos,1.3,C:/Users/elagio/vs/lukia/orchestral-intro/VPO3_SATB/T/pizzicato/Cellos/spic_D4_v1_RR1.wav
C:/Users/elagio/vs/lukia/orchestral-intro/Virtual-Playing-Orchestra3-1-wave-files/Virtual-Playing-Orchestra3/libs/VSCO2-CE/Strings/Cello Section/spic/spic_D4_v1_RR2.wav,T,pizzicato,Cellos,1.55,C:/Users/elagio/vs/lukia/orchestral-intro/VPO3_SATB/T/pizzicato/Cellos/spic_D4_v1_RR2.wav
C:/Users/elagio/vs/lukia/orchestral-intro/Virtual-Playing-Orchestra3-1-wave-files/Virtual-Playing-Orchestra3/libs/VSCO2-CE/Strings/Cello Section/spic/spic_D4_v2_RR1.wav,T,pizzicato,Cellos,1.65,C:/Users/elagio/vs/lukia/orchestral-intro/VPO3_SATB/T/pizzicato/Cellos/spic_D4_v2_RR1.wav
C:/Users/elagio/vs/lukia/orchestral-intro/Virtual-Playing-Orchestra3-1-wave-files/Virtual-Playing-Orchestra3/libs/VSCO2-CE/Strings/Cello Section/spic/spic_D4_v2_RR2.wav,T,pizzicato,Cellos,1.52,C:/Users/elagio/vs/lukia/orchestral-intro/VPO3_SATB/T/pizzicato/Cellos/spic_D4_v2_RR2.wav
C:/Users/elagio/vs/lukia/orchestral-intro/Virtual-Playing-Orchestra3-1-wave-files/Virtual-Playing-Orchestra3/libs/VSCO2-CE/Strings/Cello Section/spic/spic_E1_v1_RR1.wav,T,pizzicato,Cellos,1.14,C:/Users/elagio/vs/lukia/orchestral-intro/VPO3_SATB/T/pizzicato/Cellos/spic_E1_v1_RR1.wav
C:/Users/elagio/vs/lukia/orchestral-intro/Virtual-Playing-Orchestra3-1-wave-files/Virtual-Playing-Orchestra3/libs/VSCO2-CE/Strings/Cello Section/spic/spic_E1_v1_RR2.wav,T,pizzicato,Cellos,1.36,C:/Users/elagio/vs/lukia/orchestral-intro/VPO3_SATB/T/pizzicato/Cellos/spic_E1_v1_RR2.wav
C:/Users/elagio/vs/lukia/orchestral-intro/Virtual-Playing-Orchestra3-1-wave-files/Virtual-Playing-Orchestra3/libs/VSCO2-CE/Strings/Cello Section/spic/spic_E1_v2_RR1.wav,T,pizzicato,Cellos,1.74,C:/Users/elagio/vs/lukia/orchestral-intro/VPO3_SATB/T/pizzicato/Cellos/spic_E1_v2_RR1.wav
C:/Users/elagio/vs/lukia/orchestral-intro/Virtual-Playing-Orchestra3-1-wave-files/Virtual-Playing-Orchestra3/libs/VSCO2-CE/Strings/Cello Section/spic/spic_E1_v2_RR2.wav,T,pizzicato,Cellos,1.87,C:/Users/elagio/vs/lukia/orchestral-intro/VPO3_SATB/T/pizzicato/Cellos/spic_E1_v2_RR2.wav
C:/Users/elagio/vs/lukia/orchestral-intro/Virtual-Playing-Orchestra3-1-wave-files/Virtual-Playing-Orchestra3/libs/VSCO2-CE/Strings/Cello Section/spic/spic_E3_v1_RR1.wav,T,pizzicato,Cellos,1.36,C:/Users/elagio/vs/lukia/orchestral-intro/VPO3_SATB/T/pizzicato/Cellos/spic_E3_v1_RR1.wav
C:/Users/elagio/vs/lukia/orchestral-intro/Virtual-Playing-Orchestra3-1-wave-files/Virtual-Playing-Orchestra3/libs/VSCO2-CE/Strings/Cello Section/spic/spic_E3_v1_RR2.wav,T,pizzicato,Cellos,1.17,C:/Users/elagio/vs/lukia/orchestral-intro/VPO3_SATB/T/pizzicato/Cellos/spic_E3_v1_RR2.wav
C:/Users/elagio/vs/lukia/orchestral-intro/Virtual-Playing-Orchestra3-1-wave-files/Virtual-Playing-Orchestra3/libs/VSCO2-CE/Strings/Cello Section/spic/spic_E3_v2_RR1.wav,T,pizzicato,Cellos,1.81,C:/Users/elagio/vs/lukia/orchestral-intro/VPO3_SATB/T/pizzicato/Cellos/spic_E3_v2_RR1.wav
C:/Users/elagio/vs/lukia/orchestral-intro/Virtual-Playing-Orchestra3-1-wave-files/Virtual-Playing-Orchestra3/libs/VSCO2-CE/Strings/Cello Section/spic/spic_E3_v2_RR2.wav,T,pizzicato,Cellos,2.27,C:/Users/elagio/vs/lukia/orchestral-intro/VPO3_SATB/T/pizzicato/Cellos/spic_E3_v2_RR2.wav
C:/Users/elagio/vs/lukia/orchestral-intro/Virtual-Playing-Orchestra3-1-wave-files/Virtual-Playing-Orchestra3/libs/VSCO2-CE/Strings/Cello Section/spic/spic_F2_v1_RR1.wav,T,pizzicato,Cellos,1.08,C:/Users/elagio/vs/lukia/orchestral-intro/VPO3_SATB/T/pizzicato/Cellos/spic_F2_v1_RR1.wav
C:/Users/elagio/vs/lukia/orchestral-intro/Virtual-Playing-Orchestra3-1-wave-files/Virtual-Playing-Orchestra3/libs/VSCO2-CE/Strings/Cello Section/spic/spic_F2_v1_RR2.wav,T,pizzicato,Cellos,1.12,C:/Users/elagio/vs/lukia/orchestral-intro/VPO3_SATB/T/pizzicato/Cellos/spic_F2_v1_RR2.wav
C:/Users/elagio/vs/lukia/orchestral-intro/Virtual-Playing-Orchestra3-1-wave-files/Virtual-Playing-Orchestra3/libs/VSCO2-CE/Strings/Cello Section/spic/spic_F2_v2_RR1.wav,T,pizzicato,Cellos,1.28,C:/Users/elagio/vs/lukia/orchestral-intro/VPO3_SATB/T/pizzicato/Cellos/spic_F2_v2_RR1.wav
C:/Users/elagio/vs/lukia/orchestral-intro/Virtual-Playing-Orchestra3-1-wave-files/Virtual-Playing-Orchestra3/libs/VSCO2-CE/Strings/Cello Section/spic/spic_F2_v2_RR2.wav,T,pizzicato,Cellos,1.51,C:/Users/elagio/vs/lukia/orchestral-intro/VPO3_SATB/T/pizzicato/Cellos/spic_F2_v2_RR2.wav
C:/Users/elagio/vs/lukia/orchestral-intro/Virtual-Playing-Orchestra3-1-wave-files/Virtual-Playing-Orchestra3/libs/VSCO2-CE/Strings/Cello Section/spic/spic_F4_v1_RR1.wav,T,pizzicato,Cellos,0.78,C:/Users/elagio/vs/lukia/orchestral-intro/VPO3_SATB/T/pizzicato/Cellos/spic_F4_v1_RR1.wav
C:/Users/elagio/vs/lukia/orchestral-intro/Virtual-Playing-Orchestra3-1-wave-files/Virtual-Playing-Orchestra3/libs/VSCO2-CE/Strings/Cello Section/spic/spic_F4_v1_RR2.wav,T,pizzicato,Cellos,0.88,C:/Users/elagio/vs/lukia/orchestral-intro/VPO3_SATB/T/pizzicato/Cellos/spic_F4_v1_RR2.wav
C:/Users/elagio/vs/lukia/orchestral-intro/Virtual-Playing-Orchestra3-1-wave-files/Virtual-Playing-Orchestra3/libs/VSCO2-CE/Strings/Cello Section/spic/spic_F4_v2_RR1.wav,T,pizzicato,Cellos,0.77,C:/Users/elagio/vs/lukia/orchestral-intro/VPO3_SATB/T/pizzicato/Cellos/spic_F4_v2_RR1.wav
C:/Users/elagio/vs/lukia/orchestral-intro/Virtual-Playing-Orchestra3-1-wave-files/Virtual-Playing-Orchestra3/libs/VSCO2-CE/Strings/Cello Section/spic/spic_F4_v2_RR2.wav,T,pizzicato,Cellos,1.35,C:/Users/elagio/vs/lukia/orchestral-intro/VPO3_SATB/T/pizzicato/Cellos/spic_F4_v2_RR2.wav
C:/Users/elagio/vs/lukia/orchestral-intro/Virtual-Playing-Orchestra3-1-wave-files/Virtual-Playing-Orchestra3/libs/VSCO2-CE/Strings/Cello Section/spic/spic_G1_v1_RR1.wav,T,pizzicato,Cellos,2.14,C:/Users/elagio/vs/lukia/orchestral-intro/VPO3_SATB/T/pizzicato/Cellos/spic_G1_v1_RR1.wav
C:/Users/elagio/vs/lukia/orchestral-intro/Virtual-Playing-Orchestra3-1-wave-files/Virtual-Playing-Orchestra3/libs/VSCO2-CE/Strings/Cello Section/spic/spic_G1_v1_RR2.wav,T,pizzicato,Cellos,1.87,C:/Users/elagio/vs/lukia/orchestral-intro/VPO3_SATB/T/pizzicato/Cellos/spic_G1_v1_RR2.wav
C:/Users/elagio/vs/lukia/orchestral-intro/Virtual-Playing-Orchestra3-1-wave-files/Virtual-Playing-Orchestra3/libs/VSCO2-CE/Strings/Cello Section/spic/spic_G1_v2_RR1.wav,T,pizzicato,Cellos,3.24,C:/Users/elagio/vs/lukia/orchestral-intro/VPO3_SATB/T/pizzicato/Cellos/spic_G1_v2_RR1.wav
C:/Users/elagio/vs/lukia/orchestral-intro/Virtual-Playing-Orchestra3-1-wave-files/Virtual-Playing-Orchestra3/libs/VSCO2-CE/Strings/Cello Section/spic/spic_G1_v2_RR2.wav,T,pizzicato,Cellos,2.86,C:/Users/elagio/vs/lukia/orchestral-intro/VPO3_SATB/T/pizzicato/Cellos/spic_G1_v2_RR2.wav
C:/Users/elagio/vs/lukia/orchestral-intro/Virtual-Playing-Orchestra3-1-wave-files/Virtual-Playing-Orchestra3/libs/VSCO2-CE/Strings/Cello Section/spic/spic_G3_v1_RR1.wav,T,pizzicato,Cellos,1.36,C:/Users/elagio/vs/lukia/orchestral-intro/VPO3_SATB/T/pizzicato/Cellos/spic_G3_v1_RR1.wav
C:/Users/elagio/vs/lukia/orchestral-intro/Virtual-Playing-Orchestra3-1-wave-files/Virtual-Playing-Orchestra3/libs/VSCO2-CE/Strings/Cello Section/spic/spic_G3_v1_RR2.wav,T,pizzicato,Cellos,1.48,C:/Users/elagio/vs/lukia/orchestral-intro/VPO3_SATB/T/pizzicato/Cellos/spic_G3_v1_RR2.wav
C:/Users/elagio/vs/lukia/orchestral-intro/Virtual-Playing-Orchestra3-1-wave-files/Virtual-Playing-Orchestra3/libs/VSCO2-CE/Strings/Cello Section/spic/spic_G3_v2_RR1.wav,T,pizzicato,Cellos,1.51,C:/Users/elagio/vs/lukia/orchestral-intro/VPO3_SATB/T/pizzicato/Cellos/spic_G3_v2_RR1.wav
C:/Users/elagio/vs/lukia/orchestral-intro/Virtual-Playing-Orchestra3-1-wave-files/Virtual-Playing-Orchestra3/libs/VSCO2-CE/Strings/Cello Section/spic/spic_G3_v2_RR2.wav,T,pizzicato,Cellos,1.95,C:/Users/elagio/vs/lukia/orchestral-intro/VPO3_SATB/T/pizzicato/Cellos/spic_G3_v2_RR2.wav
C:/Users/elagio/vs/lukia/orchestral-intro/Virtual-Playing-Orchestra3-1-wave-files/Virtual-Playing-Orchestra3/libs/VSCO2-CE/Strings/Solo Contrabass/Spic-PB/BKCtbss_Spic_A#0-rr1-PB.wav,B,pizzicato,Solo Bass,0.82,C:/Users/elagio/vs/lukia/orchestral-intro/VPO3_SATB/B/pizzicato/Solo Bass/BKCtbss_Spic_A#0-rr1-PB.wav
C:/Users/elagio/vs/lukia/orchestral-intro/Virtual-Playing-Orchestra3-1-wave-files/Virtual-Playing-Orchestra3/libs/VSCO2-CE/Strings/Solo Contrabass/Spic-PB/BKCtbss_Spic_A#0-rr2-PB.wav,B,pizzicato,Solo Bass,0.82,C:/Users/elagio/vs/lukia/orchestral-intro/VPO3_SATB/B/pizzicato/Solo Bass/BKCtbss_Spic_A#0-rr2-PB.wav
C:/Users/elagio/vs/lukia/orchestral-intro/Virtual-Playing-Orchestra3-1-wave-files/Virtual-Playing-Orchestra3/libs/VSCO2-CE/Strings/Solo Contrabass/Spic-PB/BKCtbss_Spic_A1-rr1-PB.wav,B,pizzicato,Solo Bass,0.83,C:/Users/elagio/vs/lukia/orchestral-intro/VPO3_SATB/B/pizzicato/Solo Bass/BKCtbss_Spic_A1-rr1-PB.wav
C:/Users/elagio/vs/lukia/orchestral-intro/Virtual-Playing-Orchestra3-1-wave-files/Virtual-Playing-Orchestra3/libs/VSCO2-CE/Strings/Solo Contrabass/Spic-PB/BKCtbss_Spic_A1-rr2-PB.wav,B,pizzicato,Solo Bass,0.83,C:/Users/elagio/vs/lukia/orchestral-intro/VPO3_SATB/B/pizzicato/Solo Bass/BKCtbss_Spic_A1-rr2-PB.wav
C:/Users/elagio/vs/lukia/orchestral-intro/Virtual-Playing-Orchestra3-1-wave-files/Virtual-Playing-Orchestra3/libs/VSCO2-CE/Strings/Solo Contrabass/Spic-PB/BKCtbss_Spic_B2-rr1-PB.wav,B,pizzicato,Solo Bass,0.41,C:/Users/elagio/vs/lukia/orchestral-intro/VPO3_SATB/B/pizzicato/Solo Bass/BKCtbss_Spic_B2-rr1-PB.wav
C:/Users/elagio/vs/lukia/orchestral-intro/Virtual-Playing-Orchestra3-1-wave-files/Virtual-Playing-Orchestra3/libs/VSCO2-CE/Strings/Solo Contrabass/Spic-PB/BKCtbss_Spic_B2-rr2-PB.wav,B,pizzicato,Solo Bass,0.41,C:/Users/elagio/vs/lukia/orchestral-intro/VPO3_SATB/B/pizzicato/Solo Bass/BKCtbss_Spic_B2-rr2-PB.wav
C:/Users/elagio/vs/lukia/orchestral-intro/Virtual-Playing-Orchestra3-1-wave-files/Virtual-Playing-Orchestra3/libs/VSCO2-CE/Strings/Solo Contrabass/Spic-PB/BKCtbss_Spic_C#2-rr1-PB.wav,B,pizzicato,Solo Bass,0.53,C:/Users/elagio/vs/lukia/orchestral-intro/VPO3_SATB/B/pizzicato/Solo Bass/BKCtbss_Spic_C#2-rr1-PB.wav
C:/Users/elagio/vs/lukia/orchestral-intro/Virtual-Playing-Orchestra3-1-wave-files/Virtual-Playing-Orchestra3/libs/VSCO2-CE/Strings/Solo Contrabass/Spic-PB/BKCtbss_Spic_C#2-rr2-PB.wav,B,pizzicato,Solo Bass,0.53,C:/Users/elagio/vs/lukia/orchestral-intro/VPO3_SATB/B/pizzicato/Solo Bass/BKCtbss_Spic_C#2-rr2-PB.wav
C:/Users/elagio/vs/lukia/orchestral-intro/Virtual-Playing-Orchestra3-1-wave-files/Virtual-Playing-Orchestra3/libs/VSCO2-CE/Strings/Solo Contrabass/Spic-PB/BKCtbss_Spic_C1-rr1-PB.wav,B,pizzicato,Solo Bass,0.83,C:/Users/elagio/vs/lukia/orchestral-intro/VPO3_SATB/B/pizzicato/Solo Bass/BKCtbss_Spic_C1-rr1-PB.wav
C:/Users/elagio/vs/lukia/orchestral-intro/Virtual-Playing-Orchestra3-1-wave-files/Virtual-Playing-Orchestra3/libs/VSCO2-CE/Strings/Solo Contrabass/Spic-PB/BKCtbss_Spic_C1-rr2-PB.wav,B,pizzicato,Solo Bass,0.83,C:/Users/elagio/vs/lukia/orchestral-intro/VPO3_SATB/B/pizzicato/Solo Bass/BKCtbss_Spic_C1-rr2-PB.wav
C:/Users/elagio/vs/lukia/orchestral-intro/Virtual-Playing-Orchestra3-1-wave-files/Virtual-Playing-Orchestra3/libs/VSCO2-CE/Strings/Solo Contrabass/Spic-PB/BKCtbss_Spic_D1-rr1-PB.wav,B,pizzicato,Solo Bass,0.77,C:/Users/elagio/vs/lukia/orchestral-intro/VPO3_SATB/B/pizzicato/Solo Bass/BKCtbss_Spic_D1-rr1-PB.wav
C:/Users/elagio/vs/lukia/orchestral-intro/Virtual-Playing-Orchestra3-1-wave-files/Virtual-Playing-Orchestra3/libs/VSCO2-CE/Strings/Solo Contrabass/Spic-PB/BKCtbss_Spic_D1-rr2-PB.wav,B,pizzicato,Solo Bass,0.77,C:/Users/elagio/vs/lukia/orchestral-intro/VPO3_SATB/B/pizzicato/Solo Bass/BKCtbss_Spic_D1-rr2-PB.wav
C:/Users/elagio/vs/lukia/orchestral-intro/Virtual-Playing-Orchestra3-1-wave-files/Virtual-Playing-Orchestra3/libs/VSCO2-CE/Strings/Solo Contrabass/Spic-PB/BKCtbss_Spic_E0-rr1-PB.wav,B,pizzicato,Solo Bass,0.94,C:/Users/elagio/vs/lukia/orchestral-intro/VPO3_SATB/B/pizzicato/Solo Bass/BKCtbss_Spic_E0-rr1-PB.wav
C:/Users/elagio/vs/lukia/orchestral-intro/Virtual-Playing-Orchestra3-1-wave-files/Virtual-Playing-Orchestra3/libs/VSCO2-CE/Strings/Solo Contrabass/Spic-PB/BKCtbss_Spic_E0-rr2-PB.wav,B,pizzicato,Solo Bass,0.94,C:/Users/elagio/vs/lukia/orchestral-intro/VPO3_SATB/B/pizzicato/Solo Bass/BKCtbss_Spic_E0-rr2-PB.wav
C:/Users/elagio/vs/lukia/orchestral-intro/Virtual-Playing-Orchestra3-1-wave-files/Virtual-Playing-Orchestra3/libs/VSCO2-CE/Strings/Solo Contrabass/Spic-PB/BKCtbss_Spic_E1-rr1-PB.wav,B,pizzicato,Solo Bass,0.83,C:/Users/elagio/vs/lukia/orchestral-intro/VPO3_SATB/B/pizzicato/Solo Bass/BKCtbss_Spic_E1-rr1-PB.wav
C:/Users/elagio/vs/lukia/orchestral-intro/Virtual-Playing-Orchestra3-1-wave-files/Virtual-Playing-Orchestra3/libs/VSCO2-CE/Strings/Solo Contrabass/Spic-PB/BKCtbss_Spic_E1-rr2-PB.wav,B,pizzicato,Solo Bass,0.83,C:/Users/elagio/vs/lukia/orchestral-intro/VPO3_SATB/B/pizzicato/Solo Bass/BKCtbss_Spic_E1-rr2-PB.wav
C:/Users/elagio/vs/lukia/orchestral-intro/Virtual-Playing-Orchestra3-1-wave-files/Virtual-Playing-Orchestra3/libs/VSCO2-CE/Strings/Solo Contrabass/Spic-PB/BKCtbss_Spic_F#0-rr1-PB.wav,B,pizzicato,Solo Bass,1.06,C:/Users/elagio/vs/lukia/orchestral-intro/VPO3_SATB/B/pizzicato/Solo Bass/BKCtbss_Spic_F#0-rr1-PB.wav
C:/Users/elagio/vs/lukia/orchestral-intro/Virtual-Playing-Orchestra3-1-wave-files/Virtual-Playing-Orchestra3/libs/VSCO2-CE/Strings/Solo Contrabass/Spic-PB/BKCtbss_Spic_F#0-rr2-PB.wav,B,pizzicato,Solo Bass,1.06,C:/Users/elagio/vs/lukia/orchestral-intro/VPO3_SATB/B/pizzicato/Solo Bass/BKCtbss_Spic_F#0-rr2-PB.wav
C:/Users/elagio/vs/lukia/orchestral-intro/Virtual-Playing-Orchestra3-1-wave-files/Virtual-Playing-Orchestra3/libs/VSCO2-CE/Strings/Solo Contrabass/Spic-PB/BKCtbss_Spic_G#2-rr1-PB.wav,B,pizzicato,Solo Bass,0.69,C:/Users/elagio/vs/lukia/orchestral-intro/VPO3_SATB/B/pizzicato/Solo Bass/BKCtbss_Spic_G#2-rr1-PB.wav
C:/Users/elagio/vs/lukia/orchestral-intro/Virtual-Playing-Orchestra3-1-wave-files/Virtual-Playing-Orchestra3/libs/VSCO2-CE/Strings/Solo Contrabass/Spic-PB/BKCtbss_Spic_G#2-rr2-PB.wav,B,pizzicato,Solo Bass,0.72,C:/Users/elagio/vs/lukia/orchestral-intro/VPO3_SATB/B/pizzicato/Solo Bass/BKCtbss_Spic_G#2-rr2-PB.wav
C:/Users/elagio/vs/lukia/orchestral-intro/Virtual-Playing-Orchestra3-1-wave-files/Virtual-Playing-Orchestra3/libs/VSCO2-CE/Strings/Solo Contrabass/Spic-PB/BKCtbss_Spic_G0-rr1-PB.wav,B,pizzicato,Solo Bass,0.78,C:/Users/elagio/vs/lukia/orchestral-intro/VPO3_SATB/B/pizzicato/Solo Bass/BKCtbss_Spic_G0-rr1-PB.wav
C:/Users/elagio/vs/lukia/orchestral-intro/Virtual-Playing-Orchestra3-1-wave-files/Virtual-Playing-Orchestra3/libs/VSCO2-CE/Strings/Solo Contrabass/Spic-PB/BKCtbss_Spic_G0-rr2-PB.wav,B,pizzicato,Solo Bass,0.78,C:/Users/elagio/vs/lukia/orchestral-intro/VPO3_SATB/B/pizzicato/Solo Bass/BKCtbss_Spic_G0-rr2-PB.wav
C:/Users/elagio/vs/lukia/orchestral-intro/Virtual-Playing-Orchestra3-1-wave-files/Virtual-Playing-Orchestra3/libs/VSCO2-CE/Strings/Solo Contrabass/SusVib/BKCtbss_SusVib_A1_v3_rr1-PB-loop.wav,B,sustain,Solo Bass,2.85,C:/Users/elagio/vs/lukia/orchestral-intro/VPO3_SATB/B/sustain/Solo Bass/BKCtbss_SusVib_A1_v3_rr1-PB-loop.wav
C:/Users/elagio/vs/lukia/orchestral-intro/Virtual-Playing-Orchestra3-1-wave-files/Virtual-Playing-Orchestra3/libs/VSCO2-CE/Strings/Solo Contrabass/SusVib/BKCtbss_SusVib_B2_v3_rr1-PB-loop.wav,B,sustain,Solo Bass,2.06,C:/Users/elagio/vs/lukia/orchestral-intro/VPO3_SATB/B/sustain/Solo Bass/BKCtbss_SusVib_B2_v3_rr1-PB-loop.wav
C:/Users/elagio/vs/lukia/orchestral-intro/Virtual-Playing-Orchestra3-1-wave-files/Virtual-Playing-Orchestra3/libs/VSCO2-CE/Strings/Solo Contrabass/SusVib/BKCtbss_SusVib_C#2_v3_rr1-PB-loop.wav,B,sustain,Solo Bass,2.12,C:/Users/elagio/vs/lukia/orchestral-intro/VPO3_SATB/B/sustain/Solo Bass/BKCtbss_SusVib_C#2_v3_rr1-PB-loop.wav
C:/Users/elagio/vs/lukia/orchestral-intro/Virtual-Playing-Orchestra3-1-wave-files/Virtual-Playing-Orchestra3/libs/VSCO2-CE/Strings/Solo Contrabass/SusVib/BKCtbss_SusVib_C1_v3_rr1-PB-loop.wav,B,sustain,Solo Bass,3.67,C:/Users/elagio/vs/lukia/orchestral-intro/VPO3_SATB/B/sustain/Solo Bass/BKCtbss_SusVib_C1_v3_rr1-PB-loop.wav
C:/Users/elagio/vs/lukia/orchestral-intro/Virtual-Playing-Orchestra3-1-wave-files/Virtual-Playing-Orchestra3/libs/VSCO2-CE/Strings/Solo Contrabass/SusVib/BKCtbss_SusVib_D1_v3_rr1-PB-loop.wav,B,sustain,Solo Bass,2.61,C:/Users/elagio/vs/lukia/orchestral-intro/VPO3_SATB/B/sustain/Solo Bass/BKCtbss_SusVib_D1_v3_rr1-PB-loop.wav
C:/Users/elagio/vs/lukia/orchestral-intro/Virtual-Playing-Orchestra3-1-wave-files/Virtual-Playing-Orchestra3/libs/VSCO2-CE/Strings/Solo Contrabass/SusVib/BKCtbss_SusVib_E1_v3_rr1-PB-loop.wav,B,sustain,Solo Bass,2.25,C:/Users/elagio/vs/lukia/orchestral-intro/VPO3_SATB/B/sustain/Solo Bass/BKCtbss_SusVib_E1_v3_rr1-PB-loop.wav
C:/Users/elagio/vs/lukia/orchestral-intro/Virtual-Playing-Orchestra3-1-wave-files/Virtual-Playing-Orchestra3/libs/VSCO2-CE/Strings/Solo Contrabass/SusVib/BKCtbss_SusVib_E2_v3_rr1-PB-loop.wav,B,sustain,Solo Bass,2.94,C:/Users/elagio/vs/lukia/orchestral-intro/VPO3_SATB/B/sustain/Solo Bass/BKCtbss_SusVib_E2_v3_rr1-PB-loop.wav
C:/Users/elagio/vs/lukia/orchestral-intro/Virtual-Playing-Orchestra3-1-wave-files/Virtual-Playing-Orchestra3/libs/VSCO2-CE/Strings/Solo Contrabass/SusVib/BKCtbss_SusVib_F#0_v3_rr1-PB-loop.wav,B,sustain,Solo Bass,2.21,C:/Users/elagio/vs/lukia/orchestral-intro/VPO3_SATB/B/sustain/Solo Bass/BKCtbss_SusVib_F#0_v3_rr1-PB-loop.wav
C:/Users/elagio/vs/lukia/orchestral-intro/Virtual-Playing-Orchestra3-1-wave-files/Virtual-Playing-Orchestra3/libs/VSCO2-CE/Strings/Solo Contrabass/SusVib/BKCtbss_SusVib_F#1_v3_rr1-PB-loop.wav,B,sustain,Solo Bass,2.34,C:/Users/elagio/vs/lukia/orchestral-intro/VPO3_SATB/B/sustain/Solo Bass/BKCtbss_SusVib_F#1_v3_rr1-PB-loop.wav
C:/Users/elagio/vs/lukia/orchestral-intro/Virtual-Playing-Orchestra3-1-wave-files/Virtual-Playing-Orchestra3/libs/VSCO2-CE/Strings/Solo Contrabass/SusVib/BKCtbss_SusVib_G#1_v3_rr1-PB-loop.wav,B,sustain,Solo Bass,2.05,C:/Users/elagio/vs/lukia/orchestral-intro/VPO3_SATB/B/sustain/Solo Bass/BKCtbss_SusVib_G#1_v3_rr1-PB-loop.wav
C:/Users/elagio/vs/lukia/orchestral-intro/Virtual-Playing-Orchestra3-1-wave-files/Virtual-Playing-Orchestra3/libs/VSCO2-CE/Strings/Solo Contrabass/SusVib/BKCtbss_SusVib_G#2_v3_rr1-PB-loop.wav,B,sustain,Solo Bass,2.18,C:/Users/elagio/vs/lukia/orchestral-intro/VPO3_SATB/B/sustain/Solo Bass/BKCtbss_SusVib_G#2_v3_rr1-PB-loop.wav
C:/Users/elagio/vs/lukia/orchestral-intro/Virtual-Playing-Orchestra3-1-wave-files/Virtual-Playing-Orchestra3/libs/VSCO2-CE/Strings/Solo Contrabass/SusVib/BKCtbss_SusVib_G0_v3_rr1-PB-loop.wav,B,sustain,Solo Bass,2.02,C:/Users/elagio/vs/lukia/orchestral-intro/VPO3_SATB/B/sustain/Solo Bass/BKCtbss_SusVib_G0_v3_rr1-PB-loop.wav
C:/Users/elagio/vs/lukia/orchestral-intro/Virtual-Playing-Orchestra3-1-wave-files/Virtual-Playing-Orchestra3/libs/VSCO2-CE/Strings/Solo Violin/spic/LLVln_spic_A2_v1_rr1-PB.wav,S,pizzicato,Solo Violin,1.2,C:/Users/elagio/vs/lukia/orchestral-intro/VPO3_SATB/S/pizzicato/Solo Violin/LLVln_spic_A2_v1_rr1-PB.wav
C:/Users/elagio/vs/lukia/orchestral-intro/Virtual-Playing-Orchestra3-1-wave-files/Virtual-Playing-Orchestra3/libs/VSCO2-CE/Strings/Solo Violin/spic/LLVln_spic_A2_v1_rr2-PB.wav,S,pizzicato,Solo Violin,0.84,C:/Users/elagio/vs/lukia/orchestral-intro/VPO3_SATB/S/pizzicato/Solo Violin/LLVln_spic_A2_v1_rr2-PB.wav
C:/Users/elagio/vs/lukia/orchestral-intro/Virtual-Playing-Orchestra3-1-wave-files/Virtual-Playing-Orchestra3/libs/VSCO2-CE/Strings/Solo Violin/spic/LLVln_spic_A2_v2_rr1-PB.wav,S,pizzicato,Solo Violin,1.66,C:/Users/elagio/vs/lukia/orchestral-intro/VPO3_SATB/S/pizzicato/Solo Violin/LLVln_spic_A2_v2_rr1-PB.wav
C:/Users/elagio/vs/lukia/orchestral-intro/Virtual-Playing-Orchestra3-1-wave-files/Virtual-Playing-Orchestra3/libs/VSCO2-CE/Strings/Solo Violin/spic/LLVln_spic_A2_v2_rr2-PB.wav,S,pizzicato,Solo Violin,1.9,C:/Users/elagio/vs/lukia/orchestral-intro/VPO3_SATB/S/pizzicato/Solo Violin/LLVln_spic_A2_v2_rr2-PB.wav
C:/Users/elagio/vs/lukia/orchestral-intro/Virtual-Playing-Orchestra3-1-wave-files/Virtual-Playing-Orchestra3/libs/VSCO2-CE/Strings/Solo Violin/spic/LLVln_spic_A3_v1_rr1-PB.wav,S,pizzicato,Solo Violin,1.03,C:/Users/elagio/vs/lukia/orchestral-intro/VPO3_SATB/S/pizzicato/Solo Violin/LLVln_spic_A3_v1_rr1-PB.wav
C:/Users/elagio/vs/lukia/orchestral-intro/Virtual-Playing-Orchestra3-1-wave-files/Virtual-Playing-Orchestra3/libs/VSCO2-CE/Strings/Solo Violin/spic/LLVln_spic_A3_v1_rr2-PB.wav,S,pizzicato,Solo Violin,0.93,C:/Users/elagio/vs/lukia/orchestral-intro/VPO3_SATB/S/pizzicato/Solo Violin/LLVln_spic_A3_v1_rr2-PB.wav
C:/Users/elagio/vs/lukia/orchestral-intro/Virtual-Playing-Orchestra3-1-wave-files/Virtual-Playing-Orchestra3/libs/VSCO2-CE/Strings/Solo Violin/spic/LLVln_spic_A3_v2_rr1-PB.wav,S,pizzicato,Solo Violin,1.39,C:/Users/elagio/vs/lukia/orchestral-intro/VPO3_SATB/S/pizzicato/Solo Violin/LLVln_spic_A3_v2_rr1-PB.wav
C:/Users/elagio/vs/lukia/orchestral-intro/Virtual-Playing-Orchestra3-1-wave-files/Virtual-Playing-Orchestra3/libs/VSCO2-CE/Strings/Solo Violin/spic/LLVln_spic_A3_v2_rr2-PB.wav,S,pizzicato,Solo Violin,1.79,C:/Users/elagio/vs/lukia/orchestral-intro/VPO3_SATB/S/pizzicato/Solo Violin/LLVln_spic_A3_v2_rr2-PB.wav
C:/Users/elagio/vs/lukia/orchestral-intro/Virtual-Playing-Orchestra3-1-wave-files/Virtual-Playing-Orchestra3/libs/VSCO2-CE/Strings/Solo Violin/spic/LLVln_spic_A4_v1_rr1-PB.wav,S,pizzicato,Solo Violin,1.38,C:/Users/elagio/vs/lukia/orchestral-intro/VPO3_SATB/S/pizzicato/Solo Violin/LLVln_spic_A4_v1_rr1-PB.wav
C:/Users/elagio/vs/lukia/orchestral-intro/Virtual-Playing-Orchestra3-1-wave-files/Virtual-Playing-Orchestra3/libs/VSCO2-CE/Strings/Solo Violin/spic/LLVln_spic_A4_v1_rr2-PB.wav,S,pizzicato,Solo Violin,1.34,C:/Users/elagio/vs/lukia/orchestral-intro/VPO3_SATB/S/pizzicato/Solo Violin/LLVln_spic_A4_v1_rr2-PB.wav
C:/Users/elagio/vs/lukia/orchestral-intro/Virtual-Playing-Orchestra3-1-wave-files/Virtual-Playing-Orchestra3/libs/VSCO2-CE/Strings/Solo Violin/spic/LLVln_spic_A4_v2_rr1-PB.wav,S,pizzicato,Solo Violin,1.39,C:/Users/elagio/vs/lukia/orchestral-intro/VPO3_SATB/S/pizzicato/Solo Violin/LLVln_spic_A4_v2_rr1-PB.wav
C:/Users/elagio/vs/lukia/orchestral-intro/Virtual-Playing-Orchestra3-1-wave-files/Virtual-Playing-Orchestra3/libs/VSCO2-CE/Strings/Solo Violin/spic/LLVln_spic_A4_v2_rr2-PB.wav,S,pizzicato,Solo Violin,1.94,C:/Users/elagio/vs/lukia/orchestral-intro/VPO3_SATB/S/pizzicato/Solo Violin/LLVln_spic_A4_v2_rr2-PB.wav
C:/Users/elagio/vs/lukia/orchestral-intro/Virtual-Playing-Orchestra3-1-wave-files/Virtual-Playing-Orchestra3/libs/VSCO2-CE/Strings/Solo Violin/spic/LLVln_spic_A5_v1_rr1-PB.wav,S,pizzicato,Solo Violin,1.08,C:/Users/elagio/vs/lukia/orchestral-intro/VPO3_SATB/S/pizzicato/Solo Violin/LLVln_spic_A5_v1_rr1-PB.wav
C:/Users/elagio/vs/lukia/orchestral-intro/Virtual-Playing-Orchestra3-1-wave-files/Virtual-Playing-Orchestra3/libs/VSCO2-CE/Strings/Solo Violin/spic/LLVln_spic_A5_v1_rr2-PB.wav,S,pizzicato,Solo Violin,0.91,C:/Users/elagio/vs/lukia/orchestral-intro/VPO3_SATB/S/pizzicato/Solo Violin/LLVln_spic_A5_v1_rr2-PB.wav
C:/Users/elagio/vs/lukia/orchestral-intro/Virtual-Playing-Orchestra3-1-wave-files/Virtual-Playing-Orchestra3/libs/VSCO2-CE/Strings/Solo Violin/spic/LLVln_spic_A5_v2_rr1-PB.wav,S,pizzicato,Solo Violin,1.36,C:/Users/elagio/vs/lukia/orchestral-intro/VPO3_SATB/S/pizzicato/Solo Violin/LLVln_spic_A5_v2_rr1-PB.wav
C:/Users/elagio/vs/lukia/orchestral-intro/Virtual-Playing-Orchestra3-1-wave-files/Virtual-Playing-Orchestra3/libs/VSCO2-CE/Strings/Solo Violin/spic/LLVln_spic_A5_v2_rr2-PB.wav,S,pizzicato,Solo Violin,0.96,C:/Users/elagio/vs/lukia/orchestral-intro/VPO3_SATB/S/pizzicato/Solo Violin/LLVln_spic_A5_v2_rr2-PB.wav
C:/Users/elagio/vs/lukia/orchestral-intro/Virtual-Playing-Orchestra3-1-wave-files/Virtual-Playing-Orchestra3/libs/VSCO2-CE/Strings/Solo Violin/spic/LLVln_spic_C3_v1_rr1-PB.wav,S,pizzicato,Solo Violin,0.83,C:/Users/elagio/vs/lukia/orchestral-intro/VPO3_SATB/S/pizzicato/Solo Violin/LLVln_spic_C3_v1_rr1-PB.wav
C:/Users/elagio/vs/lukia/orchestral-intro/Virtual-Playing-Orchestra3-1-wave-files/Virtual-Playing-Orchestra3/libs/VSCO2-CE/Strings/Solo Violin/spic/LLVln_spic_C3_v1_rr2-PB.wav,S,pizzicato,Solo Violin,0.81,C:/Users/elagio/vs/lukia/orchestral-intro/VPO3_SATB/S/pizzicato/Solo Violin/LLVln_spic_C3_v1_rr2-PB.wav
C:/Users/elagio/vs/lukia/orchestral-intro/Virtual-Playing-Orchestra3-1-wave-files/Virtual-Playing-Orchestra3/libs/VSCO2-CE/Strings/Solo Violin/spic/LLVln_spic_C3_v2_rr1-PB.wav,S,pizzicato,Solo Violin,1.14,C:/Users/elagio/vs/lukia/orchestral-intro/VPO3_SATB/S/pizzicato/Solo Violin/LLVln_spic_C3_v2_rr1-PB.wav
C:/Users/elagio/vs/lukia/orchestral-intro/Virtual-Playing-Orchestra3-1-wave-files/Virtual-Playing-Orchestra3/libs/VSCO2-CE/Strings/Solo Violin/spic/LLVln_spic_C3_v2_rr2-PB.wav,S,pizzicato,Solo Violin,1.18,C:/Users/elagio/vs/lukia/orchestral-intro/VPO3_SATB/S/pizzicato/Solo Violin/LLVln_spic_C3_v2_rr2-PB.wav
C:/Users/elagio/vs/lukia/orchestral-intro/Virtual-Playing-Orchestra3-1-wave-files/Virtual-Playing-Orchestra3/libs/VSCO2-CE/Strings/Solo Violin/spic/LLVln_spic_C4_v1_rr1-PB.wav,S,pizzicato,Solo Violin,0.85,C:/Users/elagio/vs/lukia/orchestral-intro/VPO3_SATB/S/pizzicato/Solo Violin/LLVln_spic_C4_v1_rr1-PB.wav
C:/Users/elagio/vs/lukia/orchestral-intro/Virtual-Playing-Orchestra3-1-wave-files/Virtual-Playing-Orchestra3/libs/VSCO2-CE/Strings/Solo Violin/spic/LLVln_spic_C4_v1_rr2-PB.wav,S,pizzicato,Solo Violin,0.9,C:/Users/elagio/vs/lukia/orchestral-intro/VPO3_SATB/S/pizzicato/Solo Violin/LLVln_spic_C4_v1_rr2-PB.wav
C:/Users/elagio/vs/lukia/orchestral-intro/Virtual-Playing-Orchestra3-1-wave-files/Virtual-Playing-Orchestra3/libs/VSCO2-CE/Strings/Solo Violin/spic/LLVln_spic_C4_v2_rr1-PB.wav,S,pizzicato,Solo Violin,1.2,C:/Users/elagio/vs/lukia/orchestral-intro/VPO3_SATB/S/pizzicato/Solo Violin/LLVln_spic_C4_v2_rr1-PB.wav
C:/Users/elagio/vs/lukia/orchestral-intro/Virtual-Playing-Orchestra3-1-wave-files/Virtual-Playing-Orchestra3/libs/VSCO2-CE/Strings/Solo Violin/spic/LLVln_spic_C4_v2_rr2-PB.wav,S,pizzicato,Solo Violin,1.19,C:/Users/elagio/vs/lukia/orchestral-intro/VPO3_SATB/S/pizzicato/Solo Violin/LLVln_spic_C4_v2_rr2-PB.wav
C:/Users/elagio/vs/lukia/orchestral-intro/Virtual-Playing-Orchestra3-1-wave-files/Virtual-Playing-Orchestra3/libs/VSCO2-CE/Strings/Solo Violin/spic/LLVln_spic_C5_v1_rr1-PB.wav,S,pizzicato,Solo Violin,1.26,C:/Users/elagio/vs/lukia/orchestral-intro/VPO3_SATB/S/pizzicato/Solo Violin/LLVln_spic_C5_v1_rr1-PB.wav
C:/Users/elagio/vs/lukia/orchestral-intro/Virtual-Playing-Orchestra3-1-wave-files/Virtual-Playing-Orchestra3/libs/VSCO2-CE/Strings/Solo Violin/spic/LLVln_spic_C5_v1_rr2-PB.wav,S,pizzicato,Solo Violin,0.94,C:/Users/elagio/vs/lukia/orchestral-intro/VPO3_SATB/S/pizzicato/Solo Violin/LLVln_spic_C5_v1_rr2-PB.wav
C:/Users/elagio/vs/lukia/orchestral-intro/Virtual-Playing-Orchestra3-1-wave-files/Virtual-Playing-Orchestra3/libs/VSCO2-CE/Strings/Solo Violin/spic/LLVln_spic_C5_v2_rr1-PB.wav,S,pizzicato,Solo Violin,1.23,C:/Users/elagio/vs/lukia/orchestral-intro/VPO3_SATB/S/pizzicato/Solo Violin/LLVln_spic_C5_v2_rr1-PB.wav
C:/Users/elagio/vs/lukia/orchestral-intro/Virtual-Playing-Orchestra3-1-wave-files/Virtual-Playing-Orchestra3/libs/VSCO2-CE/Strings/Solo Violin/spic/LLVln_spic_C5_v2_rr2-PB.wav,S,pizzicato,Solo Violin,1.29,C:/Users/elagio/vs/lukia/orchestral-intro/VPO3_SATB/S/pizzicato/Solo Violin/LLVln_spic_C5_v2_rr2-PB.wav
C:/Users/elagio/vs/lukia/orchestral-intro/Virtual-Playing-Orchestra3-1-wave-files/Virtual-Playing-Orchestra3/libs/VSCO2-CE/Strings/Solo Violin/spic/LLVln_spic_C6_v1_rr1-PB.wav,S,pizzicato,Solo Violin,1.23,C:/Users/elagio/vs/lukia/orchestral-intro/VPO3_SATB/S/pizzicato/Solo Violin/LLVln_spic_C6_v1_rr1-PB.wav
C:/Users/elagio/vs/lukia/orchestral-intro/Virtual-Playing-Orchestra3-1-wave-files/Virtual-Playing-Orchestra3/libs/VSCO2-CE/Strings/Solo Violin/spic/LLVln_spic_C6_v1_rr2-PB.wav,S,pizzicato,Solo Violin,1.09,C:/Users/elagio/vs/lukia/orchestral-intro/VPO3_SATB/S/pizzicato/Solo Violin/LLVln_spic_C6_v1_rr2-PB.wav
C:/Users/elagio/vs/lukia/orchestral-intro/Virtual-Playing-Orchestra3-1-wave-files/Virtual-Playing-Orchestra3/libs/VSCO2-CE/Strings/Solo Violin/spic/LLVln_spic_C6_v2_rr1-PB.wav,S,pizzicato,Solo Violin,1.12,C:/Users/elagio/vs/lukia/orchestral-intro/VPO3_SATB/S/pizzicato/Solo Violin/LLVln_spic_C6_v2_rr1-PB.wav
C:/Users/elagio/vs/lukia/orchestral-intro/Virtual-Playing-Orchestra3-1-wave-files/Virtual-Playing-Orchestra3/libs/VSCO2-CE/Strings/Solo Violin/spic/LLVln_spic_C6_v2_rr2-PB.wav,S,pizzicato,Solo Violin,1.17,C:/Users/elagio/vs/lukia/orchestral-intro/VPO3_SATB/S/pizzicato/Solo Violin/LLVln_spic_C6_v2_rr2-PB.wav
C:/Users/elagio/vs/lukia/orchestral-intro/Virtual-Playing-Orchestra3-1-wave-files/Virtual-Playing-Orchestra3/libs/VSCO2-CE/Strings/Solo Violin/spic/LLVln_spic_E3_v1_rr1-PB.wav,S,pizzicato,Solo Violin,1.28,C:/Users/elagio/vs/lukia/orchestral-intro/VPO3_SATB/S/pizzicato/Solo Violin/LLVln_spic_E3_v1_rr1-PB.wav
C:/Users/elagio/vs/lukia/orchestral-intro/Virtual-Playing-Orchestra3-1-wave-files/Virtual-Playing-Orchestra3/libs/VSCO2-CE/Strings/Solo Violin/spic/LLVln_spic_E3_v1_rr2-PB.wav,S,pizzicato,Solo Violin,1.25,C:/Users/elagio/vs/lukia/orchestral-intro/VPO3_SATB/S/pizzicato/Solo Violin/LLVln_spic_E3_v1_rr2-PB.wav
C:/Users/elagio/vs/lukia/orchestral-intro/Virtual-Playing-Orchestra3-1-wave-files/Virtual-Playing-Orchestra3/libs/VSCO2-CE/Strings/Solo Violin/spic/LLVln_spic_E3_v2_rr1-PB.wav,S,pizzicato,Solo Violin,1.65,C:/Users/elagio/vs/lukia/orchestral-intro/VPO3_SATB/S/pizzicato/Solo Violin/LLVln_spic_E3_v2_rr1-PB.wav
C:/Users/elagio/vs/lukia/orchestral-intro/Virtual-Playing-Orchestra3-1-wave-files/Virtual-Playing-Orchestra3/libs/VSCO2-CE/Strings/Solo Violin/spic/LLVln_spic_E3_v2_rr2-PB.wav,S,pizzicato,Solo Violin,1.22,C:/Users/elagio/vs/lukia/orchestral-intro/VPO3_SATB/S/pizzicato/Solo Violin/LLVln_spic_E3_v2_rr2-PB.wav
C:/Users/elagio/vs/lukia/orchestral-intro/Virtual-Playing-Orchestra3-1-wave-files/Virtual-Playing-Orchestra3/libs/VSCO2-CE/Strings/Solo Violin/spic/LLVln_spic_E4_v1_rr1-PB.wav,S,pizzicato,Solo Violin,1.65,C:/Users/elagio/vs/lukia/orchestral-intro/VPO3_SATB/S/pizzicato/Solo Violin/LLVln_spic_E4_v1_rr1-PB.wav
C:/Users/elagio/vs/lukia/orchestral-intro/Virtual-Playing-Orchestra3-1-wave-files/Virtual-Playing-Orchestra3/libs/VSCO2-CE/Strings/Solo Violin/spic/LLVln_spic_E4_v1_rr2-PB.wav,S,pizzicato,Solo Violin,1.69,C:/Users/elagio/vs/lukia/orchestral-intro/VPO3_SATB/S/pizzicato/Solo Violin/LLVln_spic_E4_v1_rr2-PB.wav
C:/Users/elagio/vs/lukia/orchestral-intro/Virtual-Playing-Orchestra3-1-wave-files/Virtual-Playing-Orchestra3/libs/VSCO2-CE/Strings/Solo Violin/spic/LLVln_spic_E4_v2_rr1-PB.wav,S,pizzicato,Solo Violin,1.85,C:/Users/elagio/vs/lukia/orchestral-intro/VPO3_SATB/S/pizzicato/Solo Violin/LLVln_spic_E4_v2_rr1-PB.wav
C:/Users/elagio/vs/lukia/orchestral-intro/Virtual-Playing-Orchestra3-1-wave-files/Virtual-Playing-Orchestra3/libs/VSCO2-CE/Strings/Solo Violin/spic/LLVln_spic_E4_v2_rr2-PB.wav,S,pizzicato,Solo Violin,2.01,C:/Users/elagio/vs/lukia/orchestral-intro/VPO3_SATB/S/pizzicato/Solo Violin/LLVln_spic_E4_v2_rr2-PB.wav
C:/Users/elagio/vs/lukia/orchestral-intro/Virtual-Playing-Orchestra3-1-wave-files/Virtual-Playing-Orchestra3/libs/VSCO2-CE/Strings/Solo Violin/spic/LLVln_spic_E5_v1_rr1-PB.wav,S,pizzicato,Solo Violin,1.33,C:/Users/elagio/vs/lukia/orchestral-intro/VPO3_SATB/S/pizzicato/Solo Violin/LLVln_spic_E5_v1_rr1-PB.wav
C:/Users/elagio/vs/lukia/orchestral-intro/Virtual-Playing-Orchestra3-1-wave-files/Virtual-Playing-Orchestra3/libs/VSCO2-CE/Strings/Solo Violin/spic/LLVln_spic_E5_v1_rr2-PB.wav,S,pizzicato,Solo Violin,1.34,C:/Users/elagio/vs/lukia/orchestral-intro/VPO3_SATB/S/pizzicato/Solo Violin/LLVln_spic_E5_v1_rr2-PB.wav
C:/Users/elagio/vs/lukia/orchestral-intro/Virtual-Playing-Orchestra3-1-wave-files/Virtual-Playing-Orchestra3/libs/VSCO2-CE/Strings/Solo Violin/spic/LLVln_spic_E5_v2_rr1-PB.wav,S,pizzicato,Solo Violin,1.16,C:/Users/elagio/vs/lukia/orchestral-intro/VPO3_SATB/S/pizzicato/Solo Violin/LLVln_spic_E5_v2_rr1-PB.wav
C:/Users/elagio/vs/lukia/orchestral-intro/Virtual-Playing-Orchestra3-1-wave-files/Virtual-Playing-Orchestra3/libs/VSCO2-CE/Strings/Solo Violin/spic/LLVln_spic_E5_v2_rr2-PB.wav,S,pizzicato,Solo Violin,0.98,C:/Users/elagio/vs/lukia/orchestral-intro/VPO3_SATB/S/pizzicato/Solo Violin/LLVln_spic_E5_v2_rr2-PB.wav
C:/Users/elagio/vs/lukia/orchestral-intro/Virtual-Playing-Orchestra3-1-wave-files/Virtual-Playing-Orchestra3/libs/VSCO2-CE/Strings/Solo Violin/spic/LLVln_spic_G2_v1_rr1-PB.wav,S,pizzicato,Solo Violin,0.91,C:/Users/elagio/vs/lukia/orchestral-intro/VPO3_SATB/S/pizzicato/Solo Violin/LLVln_spic_G2_v1_rr1-PB.wav
C:/Users/elagio/vs/lukia/orchestral-intro/Virtual-Playing-Orchestra3-1-wave-files/Virtual-Playing-Orchestra3/libs/VSCO2-CE/Strings/Solo Violin/spic/LLVln_spic_G2_v1_rr2-PB.wav,S,pizzicato,Solo Violin,1.18,C:/Users/elagio/vs/lukia/orchestral-intro/VPO3_SATB/S/pizzicato/Solo Violin/LLVln_spic_G2_v1_rr2-PB.wav
C:/Users/elagio/vs/lukia/orchestral-intro/Virtual-Playing-Orchestra3-1-wave-files/Virtual-Playing-Orchestra3/libs/VSCO2-CE/Strings/Solo Violin/spic/LLVln_spic_G2_v2_rr1-PB.wav,S,pizzicato,Solo Violin,2.22,C:/Users/elagio/vs/lukia/orchestral-intro/VPO3_SATB/S/pizzicato/Solo Violin/LLVln_spic_G2_v2_rr1-PB.wav
C:/Users/elagio/vs/lukia/orchestral-intro/Virtual-Playing-Orchestra3-1-wave-files/Virtual-Playing-Orchestra3/libs/VSCO2-CE/Strings/Solo Violin/spic/LLVln_spic_G2_v2_rr2-PB.wav,S,pizzicato,Solo Violin,2.09,C:/Users/elagio/vs/lukia/orchestral-intro/VPO3_SATB/S/pizzicato/Solo Violin/LLVln_spic_G2_v2_rr2-PB.wav
C:/Users/elagio/vs/lukia/orchestral-intro/Virtual-Playing-Orchestra3-1-wave-files/Virtual-Playing-Orchestra3/libs/VSCO2-CE/Strings/Solo Violin/spic/LLVln_spic_G3_v1_rr1-PB.wav,S,pizzicato,Solo Violin,1.49,C:/Users/elagio/vs/lukia/orchestral-intro/VPO3_SATB/S/pizzicato/Solo Violin/LLVln_spic_G3_v1_rr1-PB.wav
C:/Users/elagio/vs/lukia/orchestral-intro/Virtual-Playing-Orchestra3-1-wave-files/Virtual-Playing-Orchestra3/libs/VSCO2-CE/Strings/Solo Violin/spic/LLVln_spic_G3_v1_rr2-PB.wav,S,pizzicato,Solo Violin,1.01,C:/Users/elagio/vs/lukia/orchestral-intro/VPO3_SATB/S/pizzicato/Solo Violin/LLVln_spic_G3_v1_rr2-PB.wav
C:/Users/elagio/vs/lukia/orchestral-intro/Virtual-Playing-Orchestra3-1-wave-files/Virtual-Playing-Orchestra3/libs/VSCO2-CE/Strings/Solo Violin/spic/LLVln_spic_G3_v2_rr1-PB.wav,S,pizzicato,Solo Violin,1.18,C:/Users/elagio/vs/lukia/orchestral-intro/VPO3_SATB/S/pizzicato/Solo Violin/LLVln_spic_G3_v2_rr1-PB.wav
C:/Users/elagio/vs/lukia/orchestral-intro/Virtual-Playing-Orchestra3-1-wave-files/Virtual-Playing-Orchestra3/libs/VSCO2-CE/Strings/Solo Violin/spic/LLVln_spic_G3_v2_rr2-PB.wav,S,pizzicato,Solo Violin,1.11,C:/Users/elagio/vs/lukia/orchestral-intro/VPO3_SATB/S/pizzicato/Solo Violin/LLVln_spic_G3_v2_rr2-PB.wav
C:/Users/elagio/vs/lukia/orchestral-intro/Virtual-Playing-Orchestra3-1-wave-files/Virtual-Playing-Orchestra3/libs/VSCO2-CE/Strings/Solo Violin/spic/LLVln_spic_G4_v1_rr1-PB.wav,S,pizzicato,Solo Violin,1.25,C:/Users/elagio/vs/lukia/orchestral-intro/VPO3_SATB/S/pizzicato/Solo Violin/LLVln_spic_G4_v1_rr1-PB.wav
C:/Users/elagio/vs/lukia/orchestral-intro/Virtual-Playing-Orchestra3-1-wave-files/Virtual-Playing-Orchestra3/libs/VSCO2-CE/Strings/Solo Violin/spic/LLVln_spic_G4_v1_rr2-PB.wav,S,pizzicato,Solo Violin,1.13,C:/Users/elagio/vs/lukia/orchestral-intro/VPO3_SATB/S/pizzicato/Solo Violin/LLVln_spic_G4_v1_rr2-PB.wav
C:/Users/elagio/vs/lukia/orchestral-intro/Virtual-Playing-Orchestra3-1-wave-files/Virtual-Playing-Orchestra3/libs/VSCO2-CE/Strings/Solo Violin/spic/LLVln_spic_G4_v2_rr1-PB.wav,S,pizzicato,Solo Violin,1.28,C:/Users/elagio/vs/lukia/orchestral-intro/VPO3_SATB/S/pizzicato/Solo Violin/LLVln_spic_G4_v2_rr1-PB.wav
C:/Users/elagio/vs/lukia/orchestral-intro/Virtual-Playing-Orchestra3-1-wave-files/Virtual-Playing-Orchestra3/libs/VSCO2-CE/Strings/Solo Violin/spic/LLVln_spic_G4_v2_rr2-PB.wav,S,pizzicato,Solo Violin,1.38,C:/Users/elagio/vs/lukia/orchestral-intro/VPO3_SATB/S/pizzicato/Solo Violin/LLVln_spic_G4_v2_rr2-PB.wav
C:/Users/elagio/vs/lukia/orchestral-intro/Virtual-Playing-Orchestra3-1-wave-files/Virtual-Playing-Orchestra3/libs/VSCO2-CE/Strings/Solo Violin/spic/LLVln_spic_G5_v1_rr1-PB.wav,S,pizzicato,Solo Violin,0.82,C:/Users/elagio/vs/lukia/orchestral-intro/VPO3_SATB/S/pizzicato/Solo Violin/LLVln_spic_G5_v1_rr1-PB.wav
C:/Users/elagio/vs/lukia/orchestral-intro/Virtual-Playing-Orchestra3-1-wave-files/Virtual-Playing-Orchestra3/libs/VSCO2-CE/Strings/Solo Violin/spic/LLVln_spic_G5_v1_rr2-PB.wav,S,pizzicato,Solo Violin,1.02,C:/Users/elagio/vs/lukia/orchestral-intro/VPO3_SATB/S/pizzicato/Solo Violin/LLVln_spic_G5_v1_rr2-PB.wav
C:/Users/elagio/vs/lukia/orchestral-intro/Virtual-Playing-Orchestra3-1-wave-files/Virtual-Playing-Orchestra3/libs/VSCO2-CE/Strings/Solo Violin/spic/LLVln_spic_G5_v2_rr1-PB.wav,S,pizzicato,Solo Violin,0.93,C:/Users/elagio/vs/lukia/orchestral-intro/VPO3_SATB/S/pizzicato/Solo Violin/LLVln_spic_G5_v2_rr1-PB.wav
C:/Users/elagio/vs/lukia/orchestral-intro/Virtual-Playing-Orchestra3-1-wave-files/Virtual-Playing-Orchestra3/libs/VSCO2-CE/Strings/Solo Violin/spic/LLVln_spic_G5_v2_rr2-PB.wav,S,pizzicato,Solo Violin,1.2,C:/Users/elagio/vs/lukia/orchestral-intro/VPO3_SATB/S/pizzicato/Solo Violin/LLVln_spic_G5_v2_rr2-PB.wav
C:/Users/elagio/vs/lukia/orchestral-intro/Virtual-Playing-Orchestra3-1-wave-files/Virtual-Playing-Orchestra3/libs/VSCO2-CE/Strings/Viola Section/spic/Violas_spic_A3_v2_rr1-PB.wav,A,pizzicato,Violas,1.21,C:/Users/elagio/vs/lukia/orchestral-intro/VPO3_SATB/A/pizzicato/Violas/Violas_spic_A3_v2_rr1-PB.wav
C:/Users/elagio/vs/lukia/orchestral-intro/Virtual-Playing-Orchestra3-1-wave-files/Virtual-Playing-Orchestra3/libs/VSCO2-CE/Strings/Viola Section/spic/Violas_spic_A3_v2_rr2-PB.wav,A,pizzicato,Violas,1.14,C:/Users/elagio/vs/lukia/orchestral-intro/VPO3_SATB/A/pizzicato/Violas/Violas_spic_A3_v2_rr2-PB.wav
C:/Users/elagio/vs/lukia/orchestral-intro/Virtual-Playing-Orchestra3-1-wave-files/Virtual-Playing-Orchestra3/libs/VSCO2-CE/Strings/Viola Section/spic/Violas_spic_B2_v2_rr1-PB.wav,A,pizzicato,Violas,2.16,C:/Users/elagio/vs/lukia/orchestral-intro/VPO3_SATB/A/pizzicato/Violas/Violas_spic_B2_v2_rr1-PB.wav
C:/Users/elagio/vs/lukia/orchestral-intro/Virtual-Playing-Orchestra3-1-wave-files/Virtual-Playing-Orchestra3/libs/VSCO2-CE/Strings/Viola Section/spic/Violas_spic_B2_v2_rr2-PB.wav,A,pizzicato,Violas,1.97,C:/Users/elagio/vs/lukia/orchestral-intro/VPO3_SATB/A/pizzicato/Violas/Violas_spic_B2_v2_rr2-PB.wav
C:/Users/elagio/vs/lukia/orchestral-intro/Virtual-Playing-Orchestra3-1-wave-files/Virtual-Playing-Orchestra3/libs/VSCO2-CE/Strings/Viola Section/spic/Violas_spic_B4_v2_rr1-PB.wav,A,pizzicato,Violas,1.1,C:/Users/elagio/vs/lukia/orchestral-intro/VPO3_SATB/A/pizzicato/Violas/Violas_spic_B4_v2_rr1-PB.wav
C:/Users/elagio/vs/lukia/orchestral-intro/Virtual-Playing-Orchestra3-1-wave-files/Virtual-Playing-Orchestra3/libs/VSCO2-CE/Strings/Viola Section/spic/Violas_spic_B4_v2_rr2-PB.wav,A,pizzicato,Violas,1.05,C:/Users/elagio/vs/lukia/orchestral-intro/VPO3_SATB/A/pizzicato/Violas/Violas_spic_B4_v2_rr2-PB.wav
C:/Users/elagio/vs/lukia/orchestral-intro/Virtual-Playing-Orchestra3-1-wave-files/Virtual-Playing-Orchestra3/libs/VSCO2-CE/Strings/Viola Section/spic/Violas_spic_C2_v2_rr1-PB.wav,A,pizzicato,Violas,3.09,C:/Users/elagio/vs/lukia/orchestral-intro/VPO3_SATB/A/pizzicato/Violas/Violas_spic_C2_v2_rr1-PB.wav
C:/Users/elagio/vs/lukia/orchestral-intro/Virtual-Playing-Orchestra3-1-wave-files/Virtual-Playing-Orchestra3/libs/VSCO2-CE/Strings/Viola Section/spic/Violas_spic_C2_v2_rr2-PB.wav,A,pizzicato,Violas,3.1,C:/Users/elagio/vs/lukia/orchestral-intro/VPO3_SATB/A/pizzicato/Violas/Violas_spic_C2_v2_rr2-PB.wav
C:/Users/elagio/vs/lukia/orchestral-intro/Virtual-Playing-Orchestra3-1-wave-files/Virtual-Playing-Orchestra3/libs/VSCO2-CE/Strings/Viola Section/spic/Violas_spic_C4_v2_rr1-PB.wav,A,pizzicato,Violas,1.18,C:/Users/elagio/vs/lukia/orchestral-intro/VPO3_SATB/A/pizzicato/Violas/Violas_spic_C4_v2_rr1-PB.wav
C:/Users/elagio/vs/lukia/orchestral-intro/Virtual-Playing-Orchestra3-1-wave-files/Virtual-Playing-Orchestra3/libs/VSCO2-CE/Strings/Viola Section/spic/Violas_spic_C4_v2_rr2-PB.wav,A,pizzicato,Violas,1.18,C:/Users/elagio/vs/lukia/orchestral-intro/VPO3_SATB/A/pizzicato/Violas/Violas_spic_C4_v2_rr2-PB.wav
C:/Users/elagio/vs/lukia/orchestral-intro/Virtual-Playing-Orchestra3-1-wave-files/Virtual-Playing-Orchestra3/libs/VSCO2-CE/Strings/Viola Section/spic/Violas_spic_D3_v2_rr1-PB.wav,A,pizzicato,Violas,1.3,C:/Users/elagio/vs/lukia/orchestral-intro/VPO3_SATB/A/pizzicato/Violas/Violas_spic_D3_v2_rr1-PB.wav
C:/Users/elagio/vs/lukia/orchestral-intro/Virtual-Playing-Orchestra3-1-wave-files/Virtual-Playing-Orchestra3/libs/VSCO2-CE/Strings/Viola Section/spic/Violas_spic_D3_v2_rr2-PB.wav,A,pizzicato,Violas,1.54,C:/Users/elagio/vs/lukia/orchestral-intro/VPO3_SATB/A/pizzicato/Violas/Violas_spic_D3_v2_rr2-PB.wav
C:/Users/elagio/vs/lukia/orchestral-intro/Virtual-Playing-Orchestra3-1-wave-files/Virtual-Playing-Orchestra3/libs/VSCO2-CE/Strings/Viola Section/spic/Violas_spic_D5_v2_rr1-PB.wav,A,pizzicato,Violas,0.63,C:/Users/elagio/vs/lukia/orchestral-intro/VPO3_SATB/A/pizzicato/Violas/Violas_spic_D5_v2_rr1-PB.wav
C:/Users/elagio/vs/lukia/orchestral-intro/Virtual-Playing-Orchestra3-1-wave-files/Virtual-Playing-Orchestra3/libs/VSCO2-CE/Strings/Viola Section/spic/Violas_spic_D5_v2_rr2-PB.wav,A,pizzicato,Violas,0.6,C:/Users/elagio/vs/lukia/orchestral-intro/VPO3_SATB/A/pizzicato/Violas/Violas_spic_D5_v2_rr2-PB.wav
C:/Users/elagio/vs/lukia/orchestral-intro/Virtual-Playing-Orchestra3-1-wave-files/Virtual-Playing-Orchestra3/libs/VSCO2-CE/Strings/Viola Section/spic/Violas_spic_E2_v2_rr1-PB.wav,A,pizzicato,Violas,1.54,C:/Users/elagio/vs/lukia/orchestral-intro/VPO3_SATB/A/pizzicato/Violas/Violas_spic_E2_v2_rr1-PB.wav
C:/Users/elagio/vs/lukia/orchestral-intro/Virtual-Playing-Orchestra3-1-wave-files/Virtual-Playing-Orchestra3/libs/VSCO2-CE/Strings/Viola Section/spic/Violas_spic_E2_v2_rr2-PB.wav,A,pizzicato,Violas,1.21,C:/Users/elagio/vs/lukia/orchestral-intro/VPO3_SATB/A/pizzicato/Violas/Violas_spic_E2_v2_rr2-PB.wav
C:/Users/elagio/vs/lukia/orchestral-intro/Virtual-Playing-Orchestra3-1-wave-files/Virtual-Playing-Orchestra3/libs/VSCO2-CE/Strings/Viola Section/spic/Violas_spic_E4_v2_rr1-PB.wav,A,pizzicato,Violas,1.23,C:/Users/elagio/vs/lukia/orchestral-intro/VPO3_SATB/A/pizzicato/Violas/Violas_spic_E4_v2_rr1-PB.wav
C:/Users/elagio/vs/lukia/orchestral-intro/Virtual-Playing-Orchestra3-1-wave-files/Virtual-Playing-Orchestra3/libs/VSCO2-CE/Strings/Viola Section/spic/Violas_spic_E4_v2_rr2-PB.wav,A,pizzicato,Violas,1.21,C:/Users/elagio/vs/lukia/orchestral-intro/VPO3_SATB/A/pizzicato/Violas/Violas_spic_E4_v2_rr2-PB.wav
C:/Users/elagio/vs/lukia/orchestral-intro/Virtual-Playing-Orchestra3-1-wave-files/Virtual-Playing-Orchestra3/libs/VSCO2-CE/Strings/Viola Section/spic/Violas_spic_F3_v2_rr1-PB.wav,A,pizzicato,Violas,0.89,C:/Users/elagio/vs/lukia/orchestral-intro/VPO3_SATB/A/pizzicato/Violas/Violas_spic_F3_v2_rr1-PB.wav
C:/Users/elagio/vs/lukia/orchestral-intro/Virtual-Playing-Orchestra3-1-wave-files/Virtual-Playing-Orchestra3/libs/VSCO2-CE/Strings/Viola Section/spic/Violas_spic_F3_v2_rr2-PB.wav,A,pizzicato,Violas,0.79,C:/Users/elagio/vs/lukia/orchestral-intro/VPO3_SATB/A/pizzicato/Violas/Violas_spic_F3_v2_rr2-PB.wav
C:/Users/elagio/vs/lukia/orchestral-intro/Virtual-Playing-Orchestra3-1-wave-files/Virtual-Playing-Orchestra3/libs/VSCO2-CE/Strings/Viola Section/spic/Violas_spic_G2_v2_rr1-PB.wav,A,pizzicato,Violas,1.2,C:/Users/elagio/vs/lukia/orchestral-intro/VPO3_SATB/A/pizzicato/Violas/Violas_spic_G2_v2_rr1-PB.wav
C:/Users/elagio/vs/lukia/orchestral-intro/Virtual-Playing-Orchestra3-1-wave-files/Virtual-Playing-Orchestra3/libs/VSCO2-CE/Strings/Viola Section/spic/Violas_spic_G2_v2_rr2-PB.wav,A,pizzicato,Violas,1.41,C:/Users/elagio/vs/lukia/orchestral-intro/VPO3_SATB/A/pizzicato/Violas/Violas_spic_G2_v2_rr2-PB.wav
C:/Users/elagio/vs/lukia/orchestral-intro/Virtual-Playing-Orchestra3-1-wave-files/Virtual-Playing-Orchestra3/libs/VSCO2-CE/Strings/Viola Section/spic/Violas_spic_G4_v2_rr1-PB.wav,A,pizzicato,Violas,0.77,C:/Users/elagio/vs/lukia/orchestral-intro/VPO3_SATB/A/pizzicato/Violas/Violas_spic_G4_v2_rr1-PB.wav
C:/Users/elagio/vs/lukia/orchestral-intro/Virtual-Playing-Orchestra3-1-wave-files/Virtual-Playing-Orchestra3/libs/VSCO2-CE/Strings/Viola Section/spic/Violas_spic_G4_v2_rr2-PB.wav,A,pizzicato,Violas,0.79,C:/Users/elagio/vs/lukia/orchestral-intro/VPO3_SATB/A/pizzicato/Violas/Violas_spic_G4_v2_rr2-PB.wav
C:/Users/elagio/vs/lukia/orchestral-intro/Virtual-Playing-Orchestra3-1-wave-files/Virtual-Playing-Orchestra3/libs/VSCO2-CE/Strings/Viola Section/susvib/ViolaEns_susvib_A3_v2_1-PB-loop.wav,A,sustain,Violas,5.95,C:/Users/elagio/vs/lukia/orchestral-intro/VPO3_SATB/A/sustain/Violas/ViolaEns_susvib_A3_v2_1-PB-loop.wav
C:/Users/elagio/vs/lukia/orchestral-intro/Virtual-Playing-Orchestra3-1-wave-files/Virtual-Playing-Orchestra3/libs/VSCO2-CE/Strings/Viola Section/susvib/ViolaEns_susvib_B2_v2_1-PB-loop.wav,A,sustain,Violas,4.0,C:/Users/elagio/vs/lukia/orchestral-intro/VPO3_SATB/A/sustain/Violas/ViolaEns_susvib_B2_v2_1-PB-loop.wav
C:/Users/elagio/vs/lukia/orchestral-intro/Virtual-Playing-Orchestra3-1-wave-files/Virtual-Playing-Orchestra3/libs/VSCO2-CE/Strings/Viola Section/susvib/ViolaEns_susvib_B4_v2_1-PB-loop.wav,A,sustain,Violas,9.68,C:/Users/elagio/vs/lukia/orchestral-intro/VPO3_SATB/A/sustain/Violas/ViolaEns_susvib_B4_v2_1-PB-loop.wav
C:/Users/elagio/vs/lukia/orchestral-intro/Virtual-Playing-Orchestra3-1-wave-files/Virtual-Playing-Orchestra3/libs/VSCO2-CE/Strings/Viola Section/susvib/ViolaEns_susvib_C4_v2_1-PB-loop.wav,A,sustain,Violas,6.68,C:/Users/elagio/vs/lukia/orchestral-intro/VPO3_SATB/A/sustain/Violas/ViolaEns_susvib_C4_v2_1-PB-loop.wav
C:/Users/elagio/vs/lukia/orchestral-intro/Virtual-Playing-Orchestra3-1-wave-files/Virtual-Playing-Orchestra3/libs/VSCO2-CE/Strings/Viola Section/susvib/ViolaEns_susvib_D2_v2_1-PB-loop.wav,A,sustain,Violas,5.27,C:/Users/elagio/vs/lukia/orchestral-intro/VPO3_SATB/A/sustain/Violas/ViolaEns_susvib_D2_v2_1-PB-loop.wav
C:/Users/elagio/vs/lukia/orchestral-intro/Virtual-Playing-Orchestra3-1-wave-files/Virtual-Playing-Orchestra3/libs/VSCO2-CE/Strings/Viola Section/susvib/ViolaEns_susvib_D3_v2_1-PB-loop.wav,A,sustain,Violas,6.72,C:/Users/elagio/vs/lukia/orchestral-intro/VPO3_SATB/A/sustain/Violas/ViolaEns_susvib_D3_v2_1-PB-loop.wav
C:/Users/elagio/vs/lukia/orchestral-intro/Virtual-Playing-Orchestra3-1-wave-files/Virtual-Playing-Orchestra3/libs/VSCO2-CE/Strings/Viola Section/susvib/ViolaEns_susvib_D5_v2_1-PB-loop.wav,A,sustain,Violas,4.33,C:/Users/elagio/vs/lukia/orchestral-intro/VPO3_SATB/A/sustain/Violas/ViolaEns_susvib_D5_v2_1-PB-loop.wav
C:/Users/elagio/vs/lukia/orchestral-intro/Virtual-Playing-Orchestra3-1-wave-files/Virtual-Playing-Orchestra3/libs/VSCO2-CE/Strings/Viola Section/susvib/ViolaEns_susvib_E2_v2_1-PB-loop.wav,A,sustain,Violas,5.82,C:/Users/elagio/vs/lukia/orchestral-intro/VPO3_SATB/A/sustain/Violas/ViolaEns_susvib_E2_v2_1-PB-loop.wav
C:/Users/elagio/vs/lukia/orchestral-intro/Virtual-Playing-Orchestra3-1-wave-files/Virtual-Playing-Orchestra3/libs/VSCO2-CE/Strings/Viola Section/susvib/ViolaEns_susvib_E4_v2_1-PB-loop.wav,A,sustain,Violas,7.0,C:/Users/elagio/vs/lukia/orchestral-intro/VPO3_SATB/A/sustain/Violas/ViolaEns_susvib_E4_v2_1-PB-loop.wav
C:/Users/elagio/vs/lukia/orchestral-intro/Virtual-Playing-Orchestra3-1-wave-files/Virtual-Playing-Orchestra3/libs/VSCO2-CE/Strings/Viola Section/susvib/ViolaEns_susvib_F3_v2_1-PB-loop.wav,A,sustain,Violas,9.12,C:/Users/elagio/vs/lukia/orchestral-intro/VPO3_SATB/A/sustain/Violas/ViolaEns_susvib_F3_v2_1-PB-loop.wav
C:/Users/elagio/vs/lukia/orchestral-intro/Virtual-Playing-Orchestra3-1-wave-files/Virtual-Playing-Orchestra3/libs/VSCO2-CE/Strings/Viola Section/susvib/ViolaEns_susvib_G2_v2_1-PB-loop.wav,A,sustain,Violas,8.84,C:/Users/elagio/vs/lukia/orchestral-intro/VPO3_SATB/A/sustain/Violas/ViolaEns_susvib_G2_v2_1-PB-loop.wav
C:/Users/elagio/vs/lukia/orchestral-intro/Virtual-Playing-Orchestra3-1-wave-files/Virtual-Playing-Orchestra3/libs/VSCO2-CE/Strings/Viola Section/susvib/ViolaEns_susvib_G4_v2_1-PB-loop.wav,A,sustain,Violas,6.85,C:/Users/elagio/vs/lukia/orchestral-intro/VPO3_SATB/A/sustain/Violas/ViolaEns_susvib_G4_v2_1-PB-loop.wav
C:/Users/elagio/vs/lukia/orchestral-intro/Virtual-Playing-Orchestra3-1-wave-files/Virtual-Playing-Orchestra3/libs/VSCO2-CE/Woodwinds/Flute/stac-PB/LDFlute_stac_A3_v2_rr1-PB.wav,S,pizzicato,Flute,0.41,C:/Users/elagio/vs/lukia/orchestral-intro/VPO3_SATB/S/pizzicato/Flute/LDFlute_stac_A3_v2_rr1-PB.wav
C:/Users/elagio/vs/lukia/orchestral-intro/Virtual-Playing-Orchestra3-1-wave-files/Virtual-Playing-Orchestra3/libs/VSCO2-CE/Woodwinds/Flute/stac-PB/LDFlute_stac_A4_v3_rr2-PB.wav,S,pizzicato,Flute,0.41,C:/Users/elagio/vs/lukia/orchestral-intro/VPO3_SATB/S/pizzicato/Flute/LDFlute_stac_A4_v3_rr2-PB.wav
C:/Users/elagio/vs/lukia/orchestral-intro/Virtual-Playing-Orchestra3-1-wave-files/Virtual-Playing-Orchestra3/libs/VSCO2-CE/Woodwinds/Flute/stac-PB/LDFlute_stac_A5_v1_rr1-PB.wav,S,pizzicato,Flute,0.41,C:/Users/elagio/vs/lukia/orchestral-intro/VPO3_SATB/S/pizzicato/Flute/LDFlute_stac_A5_v1_rr1-PB.wav
C:/Users/elagio/vs/lukia/orchestral-intro/Virtual-Playing-Orchestra3-1-wave-files/Virtual-Playing-Orchestra3/libs/VSCO2-CE/Woodwinds/Flute/stac-PB/LDFlute_stac_C3-PB.wav,S,pizzicato,Flute,0.41,C:/Users/elagio/vs/lukia/orchestral-intro/VPO3_SATB/S/pizzicato/Flute/LDFlute_stac_C3-PB.wav
C:/Users/elagio/vs/lukia/orchestral-intro/Virtual-Playing-Orchestra3-1-wave-files/Virtual-Playing-Orchestra3/libs/VSCO2-CE/Woodwinds/Flute/stac-PB/LDFlute_stac_C4_v4_rr1-PB.wav,S,pizzicato,Flute,0.41,C:/Users/elagio/vs/lukia/orchestral-intro/VPO3_SATB/S/pizzicato/Flute/LDFlute_stac_C4_v4_rr1-PB.wav
C:/Users/elagio/vs/lukia/orchestral-intro/Virtual-Playing-Orchestra3-1-wave-files/Virtual-Playing-Orchestra3/libs/VSCO2-CE/Woodwinds/Flute/stac-PB/LDFlute_stac_C5_v1_rr1-PB.wav,S,pizzicato,Flute,0.37,C:/Users/elagio/vs/lukia/orchestral-intro/VPO3_SATB/S/pizzicato/Flute/LDFlute_stac_C5_v1_rr1-PB.wav
C:/Users/elagio/vs/lukia/orchestral-intro/Virtual-Playing-Orchestra3-1-wave-files/Virtual-Playing-Orchestra3/libs/VSCO2-CE/Woodwinds/Flute/stac-PB/LDFlute_stac_C6_v2_rr2-PB.wav,S,pizzicato,Flute,0.37,C:/Users/elagio/vs/lukia/orchestral-intro/VPO3_SATB/S/pizzicato/Flute/LDFlute_stac_C6_v2_rr2-PB.wav
C:/Users/elagio/vs/lukia/orchestral-intro/Virtual-Playing-Orchestra3-1-wave-files/Virtual-Playing-Orchestra3/libs/VSCO2-CE/Woodwinds/Flute/stac-PB/LDFlute_stac_E3-PB.wav,S,pizzicato,Flute,0.41,C:/Users/elagio/vs/lukia/orchestral-intro/VPO3_SATB/S/pizzicato/Flute/LDFlute_stac_E3-PB.wav
C:/Users/elagio/vs/lukia/orchestral-intro/Virtual-Playing-Orchestra3-1-wave-files/Virtual-Playing-Orchestra3/libs/VSCO2-CE/Woodwinds/Flute/stac-PB/LDFlute_stac_E4_v2_rr1-PB.wav,S,pizzicato,Flute,0.38,C:/Users/elagio/vs/lukia/orchestral-intro/VPO3_SATB/S/pizzicato/Flute/LDFlute_stac_E4_v2_rr1-PB.wav
C:/Users/elagio/vs/lukia/orchestral-intro/Virtual-Playing-Orchestra3-1-wave-files/Virtual-Playing-Orchestra3/libs/VSCO2-CE/Woodwinds/Flute/stac-PB/LDFlute_stac_E5_v1_rr2-PB.wav,S,pizzicato,Flute,0.29,C:/Users/elagio/vs/lukia/orchestral-intro/VPO3_SATB/S/pizzicato/Flute/LDFlute_stac_E5_v1_rr2-PB.wav
C:/Users/elagio/vs/lukia/orchestral-intro/Virtual-Playing-Orchestra3-1-wave-files/Virtual-Playing-Orchestra3/libs/VSCO2-CE/Woodwinds/Flute/susvib-PB/LDFlute_susvib_A3_v1_1-PB-loop.wav,S,sustain_long,Flute,8.0,C:/Users/elagio/vs/lukia/orchestral-intro/VPO3_SATB/S/sustain_long/Flute/LDFlute_susvib_A3_v1_1-PB-loop.wav
C:/Users/elagio/vs/lukia/orchestral-intro/Virtual-Playing-Orchestra3-1-wave-files/Virtual-Playing-Orchestra3/libs/VSCO2-CE/Woodwinds/Flute/susvib-PB/LDFlute_susvib_A4_v1_1-PB-loop.wav,S,sustain_long,Flute,7.34,C:/Users/elagio/vs/lukia/orchestral-intro/VPO3_SATB/S/sustain_long/Flute/LDFlute_susvib_A4_v1_1-PB-loop.wav
C:/Users/elagio/vs/lukia/orchestral-intro/Virtual-Playing-Orchestra3-1-wave-files/Virtual-Playing-Orchestra3/libs/VSCO2-CE/Woodwinds/Flute/susvib-PB/LDFlute_susvib_A5_v1_1-PB-loop.wav,S,sustain_long,Flute,5.51,C:/Users/elagio/vs/lukia/orchestral-intro/VPO3_SATB/S/sustain_long/Flute/LDFlute_susvib_A5_v1_1-PB-loop.wav
C:/Users/elagio/vs/lukia/orchestral-intro/Virtual-Playing-Orchestra3-1-wave-files/Virtual-Playing-Orchestra3/libs/VSCO2-CE/Woodwinds/Flute/susvib-PB/LDFlute_susvib_C3-PB-loop.wav,S,sustain_long,Flute,7.77,C:/Users/elagio/vs/lukia/orchestral-intro/VPO3_SATB/S/sustain_long/Flute/LDFlute_susvib_C3-PB-loop.wav
C:/Users/elagio/vs/lukia/orchestral-intro/Virtual-Playing-Orchestra3-1-wave-files/Virtual-Playing-Orchestra3/libs/VSCO2-CE/Woodwinds/Flute/susvib-PB/LDFlute_susvib_C4_v1_2-PB-loop.wav,S,sustain_long,Flute,4.95,C:/Users/elagio/vs/lukia/orchestral-intro/VPO3_SATB/S/sustain_long/Flute/LDFlute_susvib_C4_v1_2-PB-loop.wav
C:/Users/elagio/vs/lukia/orchestral-intro/Virtual-Playing-Orchestra3-1-wave-files/Virtual-Playing-Orchestra3/libs/VSCO2-CE/Woodwinds/Flute/susvib-PB/LDFlute_susvib_C4_v1_2-PB-short.wav,S,sustain_long,Flute,4.95,C:/Users/elagio/vs/lukia/orchestral-intro/VPO3_SATB/S/sustain_long/Flute/LDFlute_susvib_C4_v1_2-PB-short.wav
C:/Users/elagio/vs/lukia/orchestral-intro/Virtual-Playing-Orchestra3-1-wave-files/Virtual-Playing-Orchestra3/libs/VSCO2-CE/Woodwinds/Flute/susvib-PB/LDFlute_susvib_C5_v1_1-PB-loop.wav,S,sustain_long,Flute,7.3,C:/Users/elagio/vs/lukia/orchestral-intro/VPO3_SATB/S/sustain_long/Flute/LDFlute_susvib_C5_v1_1-PB-loop.wav
C:/Users/elagio/vs/lukia/orchestral-intro/Virtual-Playing-Orchestra3-1-wave-files/Virtual-Playing-Orchestra3/libs/VSCO2-CE/Woodwinds/Flute/susvib-PB/LDFlute_susvib_C6_v1_1-PB-loop.wav,S,sustain_long,Flute,4.76,C:/Users/elagio/vs/lukia/orchestral-intro/VPO3_SATB/S/sustain_long/Flute/LDFlute_susvib_C6_v1_1-PB-loop.wav
C:/Users/elagio/vs/lukia/orchestral-intro/Virtual-Playing-Orchestra3-1-wave-files/Virtual-Playing-Orchestra3/libs/VSCO2-CE/Woodwinds/Flute/susvib-PB/LDFlute_susvib_E3-PB-loop.wav,S,sustain_long,Flute,7.77,C:/Users/elagio/vs/lukia/orchestral-intro/VPO3_SATB/S/sustain_long/Flute/LDFlute_susvib_E3-PB-loop.wav
C:/Users/elagio/vs/lukia/orchestral-intro/Virtual-Playing-Orchestra3-1-wave-files/Virtual-Playing-Orchestra3/libs/VSCO2-CE/Woodwinds/Flute/susvib-PB/LDFlute_susvib_E4_v1_2-PB-loop.wav,S,sustain_long,Flute,6.91,C:/Users/elagio/vs/lukia/orchestral-intro/VPO3_SATB/S/sustain_long/Flute/LDFlute_susvib_E4_v1_2-PB-loop.wav
C:/Users/elagio/vs/lukia/orchestral-intro/Virtual-Playing-Orchestra3-1-wave-files/Virtual-Playing-Orchestra3/libs/VSCO2-CE/Woodwinds/Flute/susvib-PB/LDFlute_susvib_E5_v1_2-PB-loop.wav,S,sustain_long,Flute,7.02,C:/Users/elagio/vs/lukia/orchestral-intro/VPO3_SATB/S/sustain_long/Flute/LDFlute_susvib_E5_v1_2-PB-loop.wav
